event_index,mission,time_utc,site,vehicle,kind,cause,temperature_2m,relative_humidity_2m,precipitation,cloud_cover_low,cloud_cover_mid,cloud_cover_high,visibility,wind_speed_10m,wind_gusts_10m,cape,lifted_index,freezing_level_height,precipitation_max5h,cape_max5h,wind_gusts_10m_max5h,cloud_cover_low_max5h,max_shear_kt_per_km,wind_250hPa_kt,hour_sin,hour_cos,month_sin,month_cos,label
40,Starlink Group 10-43,2026-06-03T11:25:00+00:00,CCSFS,falcon_9,SCRUB,WX_LAUNCH_SITE,23.3,81,0.0,100,68,99,17400.0,17.5,22.7,620.0,-2.2,4240.0,1.8,1240.0,22.9,100,14.999006730106181,48.2,0.258819045102521,-0.9659258262890682,1.2246467991473532e-16,-1.0,1
46,Amazon Leo (LA-07),2026-05-29T23:29:00+00:00,CCSFS,atlas_v,SCRUB,WX_LAUNCH_SITE,27.2,79,0.0,76,100,94,18800.0,1.5,4.3,1300.0,-4.3,4620.0,0.4,2880.0,8.4,96,19.49606062416162,34.3,-0.25881904510252157,0.9659258262890681,0.49999999999999994,-0.8660254037844387,1
55,Dragon CRS-2 SpX-34,2026-05-13T22:51:00+00:00,CCSFS,falcon_9,SCRUB,WX_LAUNCH_SITE,25.5,84,0.0,87,45,0,17100.0,7.2,10.7,1780.0,-4.4,4720.0,0.4,2520.0,10.7,100,15.51965932338065,71.3,-0.5000000000000004,0.8660254037844384,0.49999999999999994,-0.8660254037844387,1
56,Dragon CRS-2 SpX-34,2026-05-13T22:55:00+00:00,CCSFS,falcon_9,SCRUB,WX_LAUNCH_SITE,25.5,84,0.0,87,45,0,17100.0,7.2,10.7,1780.0,-4.4,4720.0,0.4,2520.0,10.7,100,15.51965932338065,71.3,-0.5000000000000004,0.8660254037844384,0.49999999999999994,-0.8660254037844387,1
57,Dragon CRS-2 SpX-34,2026-05-12T20:21:00+00:00,CCSFS,falcon_9,SCRUB,WX_LAUNCH_SITE,26.8,84,0.0,27,62,98,16200.0,14.8,18.3,1880.0,-6.0,4200.0,0.7,2470.0,22.9,100,21.776999207758532,79.8,-0.8660254037844386,0.5000000000000001,0.49999999999999994,-0.8660254037844387,1
68,ViaSat-3 F3 (ViaSat-3 Asia-Pacific),2026-04-27T14:21:00+00:00,KSC,falcon_heavy,SCRUB,WX_LAUNCH_SITE,25.1,80,0.0,18,0,0,17700.0,10.3,15.0,2380.0,-5.8,3910.0,0.0,2760.0,19.4,39,15.561852693166577,27.0,-0.4999999999999997,-0.8660254037844388,0.8660254037844387,-0.4999999999999998,1
69,ViaSat-3 F3 (ViaSat-3 Asia-Pacific),2026-04-27T14:36:00+00:00,KSC,falcon_heavy,SCRUB,WX_LAUNCH_SITE,25.1,80,0.0,18,0,0,17700.0,10.3,15.0,2380.0,-5.8,3910.0,0.0,2760.0,19.4,39,15.561852693166577,27.0,-0.4999999999999997,-0.8660254037844388,0.8660254037844387,-0.4999999999999998,1
117,Crew-12,2026-02-10T13:52:00+00:00,CCSFS,falcon_9,SCRUB,WX_LAUNCH_SITE,11.0,87,0.0,16,0,0,13600.0,3.3,5.1,0.0,13.0,3410.0,0.0,0.0,9.7,78,22.756345131736435,98.2,-0.2588190451025208,-0.9659258262890683,0.8660254037844386,0.5000000000000001,1
118,Crew-12,2026-02-09T14:52:00+00:00,CCSFS,falcon_9,SCRUB,WX_LAUNCH_SITE,13.4,96,0.0,20,0,0,12200.0,1.4,6.0,0.0,8.5,3170.0,0.0,0.0,6.0,44,25.591749802179784,115.5,-0.4999999999999997,-0.8660254037844388,0.8660254037844386,0.5000000000000001,1
129,GPS III SV09,2026-01-26T18:13:00+00:00,CCSFS,falcon_9,SCRUB,WX_LAUNCH_SITE,23.0,78,0.0,89,11,0,18600.0,12.5,17.3,20.0,2.2,4180.0,0.0,460.0,22.0,100,27.893856317437685,77.1,-1.0,-1.8369701987210297e-16,0.49999999999999994,0.8660254037844387,1
160,Amazon Leo (LA-04),2025-12-14T18:43:00+00:00,CCSFS,atlas_v,SCRUB,WX_LAUNCH_SITE,24.7,75,0.0,38,0,64,21500.0,5.7,8.4,1620.0,-5.0,3660.0,0.0,1620.0,12.2,38,14.30020677341143,48.2,-1.0,-1.8369701987210297e-16,-2.4492935982947064e-16,1.0,1
175,EscaPADE,2025-11-13T19:57:00+00:00,CCSFS,new_glenn,SCRUB,WX_LAUNCH_SITE,22.5,54,0.0,4,0,0,36000.0,7.6,8.0,0.0,7.6,4310.0,0.0,0.0,11.1,4,15.342727373796855,63.5,-0.9659258262890684,0.2588190451025203,-0.5000000000000004,0.8660254037844384,1
176,EscaPADE,2025-11-13T20:30:00+00:00,CCSFS,new_glenn,SCRUB,WX_LAUNCH_SITE,22.3,50,0.0,2,0,0,40300.0,6.5,7.2,0.0,9.2,4260.0,0.0,0.0,8.4,4,17.25351312479402,60.3,-0.8660254037844386,0.5000000000000001,-0.5000000000000004,0.8660254037844384,1
177,EscaPADE,2025-11-12T15:04:00+00:00,CCSFS,new_glenn,SCRUB,WX_LAUNCH_SITE,16.9,58,0.0,0,0,2,32600.0,9.3,10.9,0.0,15.7,4430.0,0.0,0.0,10.9,0,16.327580463296908,85.0,-0.7071067811865471,-0.7071067811865479,-0.5000000000000004,0.8660254037844384,1
179,EscaPADE,2025-11-09T20:04:00+00:00,CCSFS,new_glenn,SCRUB,WX_LAUNCH_SITE,24.5,91,2.5,93,0,99,13900.0,3.6,4.3,2050.0,-6.2,4400.0,3.6,2590.0,12.2,100,21.50025802287013,54.3,-0.8660254037844386,0.5000000000000001,-0.5000000000000004,0.8660254037844384,1
206,EscaPADE,2025-10-02T23:28:00+00:00,CCSFS,new_glenn,SCRUB,WX_LAUNCH_SITE,26.2,61,0.0,0,50,0,30000.0,15.3,19.2,800.0,-3.7,4430.0,0.0,1410.0,21.0,1,10.884802628610236,42.1,-0.25881904510252157,0.9659258262890681,-0.8660254037844386,0.5000000000000001,1
223,Nusantara Lima,2025-09-10T01:37:00+00:00,CCSFS,falcon_9,SCRUB,WX_LAUNCH_SITE,25.0,88,0.0,100,100,99,14800.0,0.3,4.1,1410.0,-4.7,4670.0,0.4,1850.0,11.5,100,7.854635242504291,24.3,0.25881904510252074,0.9659258262890683,-1.0,-1.8369701987210297e-16,1
225,Nusantara Lima,2025-09-10T21:59:00+00:00,CCSFS,falcon_9,SCRUB,WX_LAUNCH_SITE,29.2,74,0.0,70,0,0,22700.0,12.5,15.0,1960.0,-5.4,4880.0,0.0,2630.0,16.9,100,8.845883849117891,26.8,-0.7071067811865477,0.7071067811865474,-1.0,-1.8369701987210297e-16,1
226,Nusantara Lima,2025-09-09T01:14:00+00:00,CCSFS,falcon_9,SCRUB,WX_LAUNCH_SITE,24.8,91,0.7,100,100,99,3800.0,2.0,3.9,1170.0,-3.6,4590.0,1.8,2540.0,9.7,100,13.356731671830483,27.1,0.25881904510252074,0.9659258262890683,-1.0,-1.8369701987210297e-16,1
245,Amazon Leo (KF-02),2025-08-09T13:46:00+00:00,CCSFS,falcon_9,SCRUB,WX_LAUNCH_SITE,27.5,89,0.0,18,2,0,14700.0,4.6,6.4,2880.0,-6.6,4830.0,16.6,3310.0,13.2,100,10.307294565464497,7.6,-0.2588190451025208,-0.9659258262890683,-0.8660254037844384,-0.5000000000000004,1
248,Amazon Leo (KF-02),2025-08-08T10:44:00+00:00,CCSFS,falcon_9,SCRUB,WX_LAUNCH_SITE,24.4,93,0.4,20,90,91,12700.0,2.5,6.8,1280.0,-4.1,4620.0,11.9,1280.0,10.3,100,8.417676402296562,3.8,0.49999999999999994,-0.8660254037844387,-0.8660254037844384,-0.5000000000000004,1
327,Starlink Group 6-83,2025-05-12T05:45:00+00:00,KSC,falcon_9,SCRUB,WX_LAUNCH_SITE,23.6,91,0.0,100,100,70,13700.0,4.9,16.5,1470.0,-4.3,3980.0,0.0,2200.0,23.5,100,28.04613249819098,75.3,0.9659258262890683,0.25881904510252074,0.49999999999999994,-0.8660254037844387,1
351,Amazon Leo (KA-01),2025-04-09T22:47:00+00:00,CCSFS,atlas_v,SCRUB,WX_LAUNCH_SITE,21.1,83,0.0,100,0,0,16300.0,15.6,22.2,640.0,-2.2,3550.0,0.0,750.0,29.7,100,24.038726575780608,71.6,-0.5000000000000004,0.8660254037844384,0.8660254037844387,-0.4999999999999998,1
366,Starlink Group 12-21,2025-03-11T04:12:00+00:00,CCSFS,falcon_9,SCRUB,WX_LAUNCH_SITE,15.6,75,0.0,54,0,0,20200.0,14.4,27.0,20.0,5.7,3690.0,0.0,20.0,31.3,54,17.066508891836982,95.4,0.8660254037844386,0.5000000000000001,1.0,6.123233995736766e-17,1
367,Starlink Group 12-21,2025-03-11T04:30:00+00:00,CCSFS,falcon_9,SCRUB,WX_LAUNCH_SITE,15.6,75,0.0,54,0,0,20200.0,14.4,27.0,20.0,5.7,3690.0,0.0,20.0,31.3,54,17.066508891836982,95.4,0.8660254037844386,0.5000000000000001,1.0,6.123233995736766e-17,1
374,Starlink Group 12-21,2025-03-09T00:30:00+00:00,CCSFS,falcon_9,SCRUB,WX_LAUNCH_SITE,20.3,77,0.0,0,0,0,19100.0,4.0,9.1,0.0,3.6,4290.0,0.0,10.0,13.2,77,21.291501776332204,81.7,0.0,1.0,1.0,6.123233995736766e-17,1
375,Starlink Group 12-21,2025-03-09T18:20:00+00:00,CCSFS,falcon_9,SCRUB,WX_LAUNCH_SITE,26.0,68,0.0,3,0,0,25300.0,4.1,8.4,110.0,0.1,4140.0,0.0,250.0,9.3,12,17.916413248219367,96.7,-1.0,-1.8369701987210297e-16,1.0,6.123233995736766e-17,1
378,Starlink Group 12-21,2025-03-06T06:15:00+00:00,CCSFS,falcon_9,SCRUB,WX_LAUNCH_SITE,17.8,60,0.0,2,0,0,29700.0,17.2,35.8,0.0,5.9,3680.0,0.0,0.0,36.2,2,29.80496274687251,110.7,1.0,6.123233995736766e-17,1.0,6.123233995736766e-17,1
383,Starlink Group 12-21,2025-03-04T17:04:00+00:00,CCSFS,falcon_9,SCRUB,WX_LAUNCH_SITE,22.6,69,0.0,41,0,55,24600.0,15.9,21.0,130.0,3.4,4430.0,0.0,220.0,22.2,46,35.120839823826294,91.0,-0.9659258262890683,-0.25881904510252063,1.0,6.123233995736766e-17,1
414,Maiden Flight,2025-01-09T16:02:00+00:00,CCSFS,new_glenn,SCRUB,WX_LAUNCH_SITE,11.4,66,0.0,100,0,0,25100.0,17.4,21.2,10.0,18.8,3670.0,0.0,20.0,21.6,100,22.887007547553573,111.7,-0.8660254037844384,-0.5000000000000004,0.49999999999999994,0.8660254037844387,1
449,GPS III SV07 (RRT-1),2024-12-14T00:50:00+00:00,CCSFS,falcon_9,SCRUB,WX_LAUNCH_SITE,21.4,58,0.0,99,0,0,31400.0,17.3,25.7,80.0,7.2,4310.0,0.0,120.0,26.0,100,16.259534368817416,33.6,0.0,1.0,-2.4492935982947064e-16,1.0,1
536,Certification Flight 2,2024-10-04T09:51:00+00:00,CCSFS,vulcan,SCRUB,WX_LAUNCH_SITE,25.8,75,0.0,0,0,0,20700.0,5.9,8.2,910.0,-2.9,5030.0,0.0,1510.0,10.5,50,7.8368886442102585,29.8,0.7071067811865476,-0.7071067811865475,-0.8660254037844386,0.5000000000000001,1
565,Polaris Dawn,2024-09-08T15:54:00+00:00,KSC,falcon_9,SCRUB,WX_LAUNCH_SITE,30.3,72,0.0,3,0,0,21500.0,4.9,7.8,2630.0,-6.4,5060.0,0.0,3210.0,9.5,100,9.260963825840353,24.9,-0.7071067811865471,-0.7071067811865479,-1.0,-1.8369701987210297e-16,1
574,Polaris Dawn,2024-09-03T13:31:00+00:00,KSC,falcon_9,SCRUB,WX_LAUNCH_SITE,26.9,93,0.0,6,18,40,12600.0,1.9,4.5,2840.0,-6.7,4870.0,0.0,2880.0,8.4,50,7.779470245514511,8.2,-0.2588190451025208,-0.9659258262890683,-1.0,-1.8369701987210297e-16,1
579,Polaris Dawn,2024-08-30T01:45:00+00:00,KSC,falcon_9,SCRUB,WX_LAUNCH_SITE,26.6,85,0.0,13,0,0,16000.0,0.9,6.8,2410.0,-6.8,4700.0,0.0,3430.0,8.9,51,15.09220953493316,51.7,0.25881904510252074,0.9659258262890683,-0.8660254037844384,-0.5000000000000004,1
580,Polaris Dawn,2024-08-29T14:23:00+00:00,KSC,falcon_9,SCRUB,WX_LAUNCH_SITE,28.7,86,0.0,14,0,0,15700.0,6.6,11.3,4280.0,-9.7,4720.0,18.7,4280.0,13.6,53,16.00415833396358,16.7,-0.4999999999999997,-0.8660254037844388,-0.8660254037844384,-0.5000000000000004,1
581,Polaris Dawn,2024-08-28T02:13:00+00:00,KSC,falcon_9,SCRUB,WX_LAUNCH_SITE,26.9,86,0.0,0,0,0,15300.0,4.0,12.1,3680.0,-8.7,4820.0,0.0,4160.0,13.2,66,13.573065089508605,31.0,0.49999999999999994,0.8660254037844387,-0.8660254037844384,-0.5000000000000004,1
600,Starlink Group 10-7,2024-08-10T11:15:00+00:00,KSC,falcon_9,SCRUB,WX_LAUNCH_SITE,24.8,89,0.0,1,0,12,13300.0,3.5,9.3,1500.0,-4.6,4960.0,0.0,2960.0,12.2,3,8.030505365424522,8.0,0.258819045102521,-0.9659258262890682,-0.8660254037844384,-0.5000000000000004,1
647,Astra 1P/SES-24,2024-06-19T00:21:00+00:00,CCSFS,falcon_9,SCRUB,WX_LAUNCH_SITE,26.3,84,0.0,54,0,0,16100.0,18.3,25.9,1610.0,-3.6,5180.0,0.4,1660.0,26.8,100,22.05477865622767,60.9,0.0,1.0,1.2246467991473532e-16,-1.0,1
657,Starlink Group 10-2,2024-06-14T00:23:00+00:00,CCSFS,falcon_9,SCRUB,WX_LAUNCH_SITE,27.1,82,0.0,44,11,0,17700.0,3.9,5.4,1840.0,-6.4,4870.0,0.0,1960.0,9.5,44,21.441541663955675,63.3,0.0,1.0,1.2246467991473532e-16,-1.0,1
658,Starlink Group 10-2,2024-06-14T21:32:00+00:00,CCSFS,falcon_9,SCRUB,WX_LAUNCH_SITE,29.3,83,0.0,4,0,1,17100.0,8.3,9.1,2520.0,-7.6,4850.0,0.0,2520.0,9.9,100,26.251381853772003,71.6,-0.7071067811865477,0.7071067811865474,1.2246467991473532e-16,-1.0,1
661,Starlink Group 10-2,2024-06-12T20:16:00+00:00,CCSFS,falcon_9,SCRUB,WX_LAUNCH_SITE,28.0,89,0.0,80,0,0,14700.0,11.5,15.4,2450.0,-7.0,4990.0,0.4,2620.0,18.7,100,12.503752628150504,48.0,-0.8660254037844386,0.5000000000000001,1.2246467991473532e-16,-1.0,1
741,Starlink Group 6-42,2024-03-22T20:15:00+00:00,KSC,falcon_9,SCRUB,WX_LAUNCH_SITE,22.7,75,0.0,63,98,99,20300.0,13.2,26.0,410.0,-2.3,3660.0,3.6,440.0,26.0,100,22.933839123867738,58.0,-0.8660254037844386,0.5000000000000001,1.0,6.123233995736766e-17,1
765,Crew-8,2024-03-03T00:54:00+00:00,KSC,falcon_9,SCRUB,WX_LAUNCH_SITE,21.9,77,0.0,50,24,0,19100.0,3.5,11.5,660.0,-4.3,3980.0,0.0,2260.0,11.5,50,23.0096214156926,43.2,0.0,1.0,1.0,6.123233995736766e-17,1
770,Crew-8,2024-02-29T06:00:00+00:00,KSC,falcon_9,SCRUB,WX_LAUNCH_SITE,17.8,84,0.0,40,0,1,16200.0,1.7,4.5,0.0,5.0,4330.0,0.0,0.0,4.5,50,13.94280291389312,66.7,1.0,6.123233995736766e-17,0.8660254037844386,0.5000000000000001,1
794,"PACE (Plankton, Aerosol, Cloud, ocean Ecosystem)",2024-02-06T03:00:00+00:00,CCSFS,falcon_9,SCRUB,WX_LAUNCH_SITE,15.4,78,0.0,100,50,0,19000.0,19.1,28.6,100.0,-0.8,2620.0,0.0,610.0,28.6,100,26.85475086187059,34.4,0.7071067811865475,0.7071067811865476,0.8660254037844386,0.5000000000000001,1
795,"PACE (Plankton, Aerosol, Cloud, ocean Ecosystem)",2024-02-06T23:43:00+00:00,CCSFS,falcon_9,SCRUB,WX_LAUNCH_SITE,14.2,74,0.0,100,0,0,21300.0,21.7,34.4,0.0,4.0,2760.0,0.0,10.0,36.5,100,17.69068032003565,55.0,-0.25881904510252157,0.9659258262890681,0.8660254037844386,0.5000000000000001,1
830,Starlink Group 6-34,2023-12-13T04:38:00+00:00,CCSFS,falcon_9,SCRUB,WX_LAUNCH_SITE,20.7,77,0.0,100,0,98,20000.0,12.5,17.7,100.0,1.4,4380.0,0.0,110.0,22.0,100,28.040311439649223,61.7,0.8660254037844386,0.5000000000000001,-2.4492935982947064e-16,1.0,1
832,Starlink Group 6-34,2023-12-13T18:16:00+00:00,CCSFS,falcon_9,SCRUB,WX_LAUNCH_SITE,23.4,71,0.0,24,37,0,23500.0,13.9,19.4,210.0,-0.7,3840.0,0.0,210.0,22.2,44,14.846338902242291,53.8,-1.0,-1.8369701987210297e-16,-2.4492935982947064e-16,1.0,1
868,OTV-7 (X-37B) (USSF-52),2023-11-01T16:47:00+00:00,KSC,falcon_heavy,SCRUB,WX_LAUNCH_SITE,20.8,84,0.0,100,0,0,15700.0,14.2,22.7,50.0,4.3,4390.0,0.0,50.0,25.3,100,28.36884267973184,82.1,-0.8660254037844384,-0.5000000000000004,-0.5000000000000004,0.8660254037844384,1
900,Psyche,2023-10-11T22:51:00+00:00,KSC,falcon_heavy,SCRUB,WX_LAUNCH_SITE,27.4,75,0.0,100,100,88,20100.0,9.3,18.7,580.0,-3.1,4830.0,0.0,1800.0,18.7,100,18.48538497384093,51.2,-0.5000000000000004,0.8660254037844384,-0.8660254037844386,0.5000000000000001,1
905,Starlink Group 6-22,2023-10-09T03:39:00+00:00,CCSFS,falcon_9,SCRUB,WX_UPPER_WINDS,21.9,65,0.0,0,1,3,26500.0,9.0,13.8,0.0,2.5,4460.0,0.0,0.0,14.4,0,19.39402960299164,84.0,0.7071067811865475,0.7071067811865476,-0.8660254037844386,0.5000000000000001,1
906,Starlink Group 6-22,2023-10-09T03:48:00+00:00,CCSFS,falcon_9,SCRUB,WX_UPPER_WINDS,21.9,65,0.0,0,1,3,26500.0,9.0,13.8,0.0,2.5,4460.0,0.0,0.0,14.4,0,19.39402960299164,84.0,0.7071067811865475,0.7071067811865476,-0.8660254037844386,0.5000000000000001,1
933,NROL-107 (Silent Barker),2023-08-29T00:00:00+00:00,CCSFS,atlas_v,SCRUB,WX_LAUNCH_SITE,28.3,83,0.0,2,69,98,16600.0,7.5,13.0,3550.0,-7.9,5130.0,0.0,3550.0,13.0,23,10.507684391597017,24.7,0.0,1.0,-0.8660254037844384,-0.5000000000000004,1
1004,BADR-8,2023-05-25T01:47:00+00:00,CCSFS,falcon_9,SCRUB,WX_LAUNCH_SITE,23.1,82,0.0,91,100,96,17200.0,8.0,10.5,1270.0,-4.5,4100.0,0.4,1910.0,20.6,100,10.527582445907539,21.3,0.25881904510252074,0.9659258262890683,0.49999999999999994,-0.8660254037844387,1
1006,BADR-8,2023-05-24T02:20:00+00:00,CCSFS,falcon_9,SCRUB,WX_LAUNCH_SITE,23.5,89,0.4,99,100,99,6500.0,8.6,14.6,2570.0,-8.1,3890.0,0.7,2570.0,16.9,100,12.998606195051233,29.1,0.49999999999999994,0.8660254037844387,0.49999999999999994,-0.8660254037844387,1
1007,BADR-8,2023-05-24T05:19:00+00:00,CCSFS,falcon_9,SCRUB,WX_LAUNCH_SITE,22.4,95,0.0,25,99,93,12500.0,4.0,8.6,1520.0,-5.3,4180.0,0.4,2340.0,12.2,99,9.46446733502876,24.1,0.9659258262890683,0.25881904510252074,0.49999999999999994,-0.8660254037844387,1
1008,BADR-8,2023-05-24T05:22:00+00:00,CCSFS,falcon_9,SCRUB,WX_LAUNCH_SITE,22.4,95,0.0,25,99,93,12500.0,4.0,8.6,1520.0,-5.3,4180.0,0.4,2340.0,12.2,99,9.46446733502876,24.1,0.9659258262890683,0.25881904510252074,0.49999999999999994,-0.8660254037844387,1
1030,ViaSat-3 F1 (ViaSat-3 Americas) & others,2023-04-29T00:25:00+00:00,KSC,falcon_heavy,SCRUB,WX_LAUNCH_SITE,25.4,70,0.0,0,90,0,23500.0,1.8,6.6,1780.0,-5.7,4180.0,0.0,3130.0,14.2,98,19.772061442553465,83.9,0.0,1.0,0.8660254037844387,-0.4999999999999998,1
1031,ViaSat-3 F1 (ViaSat-3 Americas) & others,2023-04-29T00:33:00+00:00,KSC,falcon_heavy,SCRUB,WX_LAUNCH_SITE,25.4,70,0.0,0,90,0,23500.0,1.8,6.6,1780.0,-5.7,4180.0,0.0,3130.0,14.2,98,19.772061442553465,83.9,0.0,1.0,0.8660254037844387,-0.4999999999999998,1
1033,ViaSat-3 F1 (ViaSat-3 Americas) & others,2023-04-29T04:38:00+00:00,KSC,falcon_heavy,SCRUB,WX_LAUNCH_SITE,22.0,84,0.0,0,98,64,16300.0,4.4,6.0,930.0,-2.9,4160.0,0.0,2150.0,9.9,37,19.819493459185374,77.5,0.8660254037844386,0.5000000000000001,0.8660254037844387,-0.4999999999999998,1
1035,ViaSat-3 F1 (ViaSat-3 Americas) & others,2023-04-27T23:04:00+00:00,KSC,falcon_heavy,SCRUB,WX_LAUNCH_SITE,24.1,94,2.9,100,100,98,1300.0,5.2,8.2,2490.0,-6.5,4370.0,2.9,2550.0,26.8,100,32.15598697926878,71.9,-0.25881904510252157,0.9659258262890681,0.8660254037844387,-0.4999999999999998,1
1036,ViaSat-3 F1 (ViaSat-3 Americas) & others,2023-04-26T15:39:00+00:00,KSC,falcon_heavy,SCRUB,WX_LAUNCH_SITE,26.2,71,0.0,2,0,0,22000.0,5.9,7.8,2900.0,-9.7,3680.0,0.0,4180.0,12.6,48,15.23558255231697,82.8,-0.7071067811865471,-0.7071067811865479,0.8660254037844387,-0.4999999999999998,1
1039,Starlink Group 6-2,2023-04-19T13:03:00+00:00,CCSFS,falcon_9,SCRUB,WX_LAUNCH_SITE,22.9,60,0.0,0,21,99,31400.0,8.0,11.3,110.0,-1.2,3550.0,0.0,240.0,13.8,9,12.73334310531175,36.8,-0.2588190451025208,-0.9659258262890683,0.8660254037844387,-0.4999999999999998,1
1061,"Good Luck, Have Fun (Maiden Flight)",2023-03-23T01:34:00+00:00,CCSFS,terran,SCRUB,WX_UPPER_WINDS,21.1,72,0.0,0,0,0,22000.0,7.2,15.7,0.0,4.0,4490.0,0.0,50.0,16.7,33,18.224606119458112,55.0,0.25881904510252074,0.9659258262890683,1.0,6.123233995736766e-17,1
1102,Starlink Group 6-1,2023-02-27T16:08:00+00:00,CCSFS,falcon_9,SCRUB,WX_LAUNCH_SITE,23.9,68,0.0,5,0,0,24800.0,8.8,14.2,0.0,2.9,4560.0,0.0,10.0,15.4,59,17.25615330346552,59.5,-0.8660254037844384,-0.5000000000000004,0.8660254037844386,0.5000000000000001,1
1136,Amazonas Nexus,2023-02-05T22:27:00+00:00,CCSFS,falcon_9,SCRUB,WX_LAUNCH_SITE,18.1,80,0.0,100,0,98,18700.0,11.3,18.7,0.0,3.7,3900.0,0.0,0.0,20.6,100,25.677142846026225,80.1,-0.5000000000000004,0.8660254037844384,0.8660254037844386,0.5000000000000001,1
1180,Dragon CRS-2 SpX-26,2022-11-22T20:51:00+00:00,KSC,falcon_9,SCRUB,WX_LAUNCH_SITE,21.4,95,67.7,100,100,98,2400.0,6.8,15.2,310.0,-1.5,4330.0,67.7,550.0,20.2,100,20.428983278648616,58.7,-0.8660254037844386,0.5000000000000001,-0.5000000000000004,0.8660254037844384,1
1235,Starlink Group 4-34,2022-09-17T01:17:00+00:00,CCSFS,falcon_9,SCRUB,WX_LAUNCH_SITE,24.7,84,0.0,50,100,100,16800.0,2.9,5.1,1190.0,-3.9,4490.0,0.4,1990.0,7.0,97,17.397304748191207,26.2,0.25881904510252074,0.9659258262890683,-1.0,-1.8369701987210297e-16,1
1237,Starlink Group 4-34,2022-09-16T01:30:00+00:00,CCSFS,falcon_9,SCRUB,WX_LAUNCH_SITE,25.3,91,2.2,48,100,100,13500.0,7.2,9.3,2110.0,-6.2,4330.0,2.2,2330.0,15.0,100,18.12593986239014,26.4,0.25881904510252074,0.9659258262890683,-1.0,-1.8369701987210297e-16,1
1239,Starlink Group 4-34,2022-09-14T01:37:00+00:00,CCSFS,falcon_9,SCRUB,WX_LAUNCH_SITE,24.9,86,0.4,0,100,98,8400.0,3.6,6.8,930.0,-3.7,4540.0,0.4,1160.0,9.3,37,13.69959480511183,16.8,0.25881904510252074,0.9659258262890683,-1.0,-1.8369701987210297e-16,1
1243,Starlink Group 4-34,2022-09-11T02:28:00+00:00,CCSFS,falcon_9,SCRUB,WX_LAUNCH_SITE,25.6,85,0.0,0,87,100,16300.0,4.4,4.5,760.0,-4.2,4800.0,0.0,1630.0,6.6,24,11.249533669508482,13.0,0.49999999999999994,0.8660254037844387,-1.0,-1.8369701987210297e-16,1
1284,USSF-12,2022-07-01T23:00:00+00:00,CCSFS,atlas_v,SCRUB,WX_LAUNCH_SITE,28.7,76,0.0,16,100,100,20100.0,9.8,15.0,2600.0,-6.3,4660.0,0.0,2970.0,15.0,72,10.12219464051449,14.9,-0.25881904510252157,0.9659258262890681,-0.4999999999999997,-0.8660254037844388,1
1285,USSF-12,2022-06-30T23:35:00+00:00,CCSFS,atlas_v,SCRUB,WX_LAUNCH_SITE,27.8,85,0.0,33,40,7,15100.0,12.3,15.9,3270.0,-7.5,4520.0,2.9,4150.0,17.1,95,9.451677263736281,13.0,-0.25881904510252157,0.9659258262890681,1.2246467991473532e-16,-1.0,1
1364,Starlink Group 4-10,2022-03-07T14:49:00+00:00,CCSFS,falcon_9,SCRUB,WX_LAUNCH_SITE,24.3,76,0.0,29,0,0,21000.0,10.8,16.9,250.0,-0.4,4730.0,0.0,440.0,16.9,29,19.129830587507794,45.3,-0.4999999999999997,-0.8660254037844388,1.0,6.123233995736766e-17,1
1391,CSG-2,2022-01-28T23:05:00+00:00,CCSFS,falcon_9,SCRUB,WX_LAUNCH_SITE,16.6,74,0.0,3,98,97,21600.0,10.7,21.0,20.0,2.8,3290.0,0.0,40.0,25.9,22,19.10259843264007,121.8,-0.25881904510252157,0.9659258262890681,0.49999999999999994,0.8660254037844387,1
1394,CSG-2,2022-01-27T22:44:00+00:00,CCSFS,falcon_9,SCRUB,WX_LAUNCH_SITE,18.2,87,0.0,100,0,0,15300.0,12.8,21.2,100.0,1.9,3970.0,12.6,120.0,27.4,100,23.74526877314103,111.6,-0.5000000000000004,0.8660254037844384,0.49999999999999994,0.8660254037844387,1
1415,CSG-2,2021-11-17T16:58:00+00:00,CCSFS,falcon_9,SCRUB,WX_LAUNCH_SITE,25.2,70,0.0,15,0,36,24700.0,8.4,15.2,490.0,-3.2,4240.0,0.0,800.0,17.5,59,28.138526120804546,94.1,-0.8660254037844384,-0.5000000000000004,-0.5000000000000004,0.8660254037844384,1
1419,Crew-3,2021-10-30T05:56:00+00:00,KSC,falcon_9,SCRUB,WX_LAUNCH_SITE,18.6,86,0.0,100,0,0,15200.0,1.0,10.5,100.0,4.9,4720.0,0.0,140.0,10.5,100,17.696825871895246,103.7,0.9659258262890683,0.25881904510252074,-0.8660254037844386,0.5000000000000001,1
1428,Dragon CRS-2 SpX-23,2021-08-28T07:32:00+00:00,KSC,falcon_9,SCRUB,WX_LAUNCH_SITE,25.6,87,0.0,36,0,70,14100.0,2.4,14.0,2940.0,-6.7,4900.0,0.0,2940.0,14.8,82,14.892237569458777,10.7,0.9659258262890683,-0.25881904510252063,-0.8660254037844384,-0.5000000000000004,1
1450,Crew-2,2021-04-21T11:36:00+00:00,KSC,falcon_9,SCRUB,WX_LAUNCH_SITE,20.2,95,0.0,100,0,0,12200.0,3.5,8.2,740.0,-1.3,3820.0,0.0,800.0,9.3,100,21.28913795441933,91.9,0.258819045102521,-0.9659258262890682,0.8660254037844387,-0.4999999999999998,1
,Türksat 5A,2021-01-08T02:15:00+00:00,CCSFS,falcon_9,FLEW,,19.4,71,0.0,28,0,47,22400.0,8.5,19.8,120.0,-1.1,3670.0,0.0,200.0,23.1,50,,,0.49999999999999994,0.8660254037844387,0.49999999999999994,0.8660254037844387,0
,Starlink 16,2021-01-20T13:02:00+00:00,KSC,falcon_9,FLEW,,8.7,95,0.0,25,0,0,12200.0,2.1,6.4,0.0,18.3,3930.0,0.0,0.0,8.2,25,,,-0.2588190451025208,-0.9659258262890683,0.49999999999999994,0.8660254037844387,0
,Transporter 1 (Dedicated SSO Rideshare),2021-01-24T15:00:00+00:00,CCSFS,falcon_9,FLEW,,21.6,84,0.0,100,0,15,16500.0,1.8,6.8,230.0,0.6,4290.0,0.4,290.0,12.6,100,,,-0.7071067811865471,-0.7071067811865479,0.49999999999999994,0.8660254037844387,0
,Starlink 18,2021-02-04T06:19:54+00:00,CCSFS,falcon_9,FLEW,,5.2,58,0.0,0,0,0,31400.0,5.5,9.9,0.0,25.0,3040.0,0.0,0.0,12.4,0,,,1.0,6.123233995736766e-17,0.8660254037844386,0.5000000000000001,0
,Starlink 19,2021-02-16T03:59:37+00:00,CCSFS,falcon_9,FLEW,,22.0,81,0.0,0,0,3,17600.0,9.5,19.0,790.0,-3.0,4190.0,0.0,1140.0,33.4,100,,,0.7071067811865475,0.7071067811865476,0.8660254037844386,0.5000000000000001,0
,Starlink 17,2021-03-04T08:24:54+00:00,KSC,falcon_9,FLEW,,14.1,90,0.0,100,0,0,13700.0,6.4,12.1,0.0,7.7,4100.0,0.0,0.0,13.8,100,,,0.8660254037844387,-0.4999999999999998,1.0,6.123233995736766e-17,0
,Starlink 20,2021-03-11T08:13:29+00:00,CCSFS,falcon_9,FLEW,,17.4,70,0.0,3,0,0,23100.0,8.7,16.7,30.0,6.1,3980.0,0.0,40.0,18.9,4,,,0.8660254037844387,-0.4999999999999998,1.0,6.123233995736766e-17,0
,Starlink 21,2021-03-14T10:01:26+00:00,KSC,falcon_9,FLEW,,11.5,95,0.0,100,0,0,12200.0,1.4,1.4,0.0,12.9,4180.0,0.0,0.0,4.1,100,,,0.49999999999999994,-0.8660254037844387,1.0,6.123233995736766e-17,0
,Starlink 22,2021-03-24T08:28:00+00:00,CCSFS,falcon_9,FLEW,,16.1,78,0.0,0,2,5,16300.0,5.5,8.7,0.0,5.3,4600.0,0.0,10.0,10.7,4,10.388740331835173,44.8,0.8660254037844387,-0.4999999999999998,1.0,6.123233995736766e-17,0
,Starlink 23,2021-04-07T16:34:00+00:00,CCSFS,falcon_9,FLEW,,24.6,54,0.0,2,0,0,35100.0,6.3,6.4,10.0,2.6,4020.0,0.0,20.0,8.2,2,21.72212144980132,73.2,-0.8660254037844384,-0.5000000000000004,0.8660254037844387,-0.4999999999999998,0
,Crew-2,2021-04-23T09:49:02+00:00,KSC,falcon_9,FLEW,,17.5,72,0.0,27,0,3,21600.0,4.6,14.6,0.0,5.7,3850.0,0.0,0.0,14.6,50,22.212605118840166,104.8,0.7071067811865476,-0.7071067811865475,0.8660254037844387,-0.4999999999999998,0
,Starlink 24,2021-04-29T03:44:30+00:00,CCSFS,falcon_9,FLEW,,22.8,71,0.0,0,0,0,22400.0,10.8,15.6,0.0,1.7,4630.0,0.0,10.0,16.1,0,16.230986388367505,38.9,0.7071067811865475,0.7071067811865476,0.8660254037844387,-0.4999999999999998,0
,Starlink 25,2021-05-04T19:01:00+00:00,KSC,falcon_9,FLEW,,31.3,60,0.0,11,0,0,27500.0,12.9,16.7,1540.0,-4.1,4560.0,0.0,2720.0,16.7,44,18.073604163825387,47.5,-0.9659258262890684,0.2588190451025203,0.49999999999999994,-0.8660254037844387,0
,Starlink 27,2021-05-09T06:42:00+00:00,CCSFS,falcon_9,FLEW,,21.0,63,0.0,0,0,0,29000.0,6.1,8.6,0.0,0.8,4060.0,0.0,0.0,10.1,0,12.158420000690128,39.9,1.0,6.123233995736766e-17,0.49999999999999994,-0.8660254037844387,0
,Starlink 26,2021-05-15T22:56:00+00:00,KSC,falcon_9,FLEW,,25.4,51,0.0,90,0,0,36200.0,12.9,19.4,80.0,1.9,4310.0,0.0,190.0,19.4,100,22.932190194773696,62.3,-0.5000000000000004,0.8660254037844384,0.49999999999999994,-0.8660254037844387,0
,SBIRS GEO-5,2021-05-18T17:37:00+00:00,CCSFS,atlas_v,FLEW,,26.3,68,0.0,31,0,0,25000.0,13.8,16.7,290.0,-2.0,4330.0,0.0,420.0,20.0,40,11.815223879520918,15.0,-0.9659258262890683,-0.25881904510252063,0.49999999999999994,-0.8660254037844387,0
,Starlink 28,2021-05-26T18:59:00+00:00,CCSFS,falcon_9,FLEW,,27.5,72,0.0,3,0,1,21800.0,7.4,8.2,100.0,0.8,4860.0,0.0,180.0,10.1,14,11.541498396094733,17.4,-1.0,-1.8369701987210297e-16,0.49999999999999994,-0.8660254037844387,0
,Dragon CRS-2 SpX-22,2021-06-03T17:29:15+00:00,KSC,falcon_9,FLEW,,28.9,66,0.0,100,0,19,23500.0,12.2,16.3,1350.0,-3.9,4570.0,0.7,1820.0,17.5,100,10.021890577151922,11.7,-0.9659258262890683,-0.25881904510252063,1.2246467991473532e-16,-1.0,0
,Sirius SXM-8,2021-06-06T04:26:00+00:00,CCSFS,falcon_9,FLEW,,25.5,84,0.0,1,4,100,16200.0,10.4,18.3,1890.0,-5.0,4680.0,0.0,2070.0,18.9,41,15.583735991136324,13.7,0.8660254037844386,0.5000000000000001,1.2246467991473532e-16,-1.0,0
,GPS III SV05,2021-06-17T16:09:35+00:00,CCSFS,falcon_9,FLEW,,28.3,71,0.0,8,0,52,23800.0,4.9,5.6,760.0,-3.3,4550.0,0.0,1260.0,8.6,43,17.63751062209067,63.7,-0.8660254037844384,-0.5000000000000004,1.2246467991473532e-16,-1.0,0
,Transporter 2 (Dedicated SSO Rideshare),2021-06-30T19:31:00+00:00,CCSFS,falcon_9,FLEW,,28.7,83,0.0,36,7,100,16700.0,8.6,12.1,2630.0,-6.2,4570.0,0.0,2960.0,13.0,36,8.566173646399783,13.2,-0.9659258262890684,0.2588190451025203,1.2246467991473532e-16,-1.0,0
,Dragon CRS-2 SpX-23,2021-08-29T07:14:49+00:00,KSC,falcon_9,FLEW,,25.3,89,0.0,3,33,3,13900.0,3.4,14.0,2720.0,-6.0,4870.0,0.0,3440.0,14.4,26,19.24059696456777,26.8,0.9659258262890683,-0.25881904510252063,-0.8660254037844384,-0.5000000000000004,0
,Inspiration4,2021-09-16T00:02:56+00:00,KSC,falcon_9,FLEW,,28.0,69,0.0,27,0,0,23600.0,2.4,9.5,780.0,-2.7,4880.0,0.0,1460.0,12.1,27,20.40733003532812,29.5,0.0,1.0,-1.0,-1.8369701987210297e-16,0
,Lucy,2021-10-16T09:34:00+00:00,CCSFS,atlas_v,FLEW,,21.9,89,0.0,0,0,0,14100.0,4.3,6.2,30.0,0.9,4950.0,0.0,160.0,7.0,8,10.55070603164195,18.3,0.7071067811865476,-0.7071067811865475,-0.8660254037844386,0.5000000000000001,0
,Crew-3,2021-11-11T02:03:31+00:00,KSC,falcon_9,FLEW,,19.2,91,0.0,7,0,82,12500.0,2.7,2.7,110.0,-0.1,4620.0,0.4,360.0,7.4,97,18.85220332005153,52.5,0.49999999999999994,0.8660254037844387,-0.5000000000000004,0.8660254037844384,0
,Starlink Group 4-1,2021-11-13T12:18:56+00:00,CCSFS,falcon_9,FLEW,,16.6,92,0.0,7,0,1,100.0,3.7,6.0,0.0,2.5,4190.0,0.0,30.0,7.2,50,19.045221928504816,101.9,1.2246467991473532e-16,-1.0,-0.5000000000000004,0.8660254037844384,0
,Starlink Group 4-3,2021-12-02T23:12:00+00:00,CCSFS,falcon_9,FLEW,,16.5,65,0.0,0,0,0,26800.0,3.4,4.5,0.0,10.4,4530.0,0.0,0.0,10.5,1,28.19632628896456,26.7,-0.25881904510252157,0.9659258262890681,-2.4492935982947064e-16,1.0,0
,STP-3,2021-12-07T10:19:00+00:00,CCSFS,atlas_v,FLEW,,16.4,88,0.0,0,0,0,14200.0,4.9,11.1,0.0,6.0,4650.0,0.0,0.0,11.1,50,19.451879703627412,82.6,0.49999999999999994,-0.8660254037844387,-2.4492935982947064e-16,1.0,0
,X-Ray Polarimetry Explorer (IXPE),2021-12-09T06:00:00+00:00,KSC,falcon_9,FLEW,,19.0,88,0.0,0,0,0,14500.0,2.7,8.9,0.0,1.7,4130.0,0.0,40.0,12.1,4,13.034193120846659,64.8,1.0,6.123233995736766e-17,-2.4492935982947064e-16,1.0,0
,Türksat 5B,2021-12-19T03:58:39+00:00,CCSFS,falcon_9,FLEW,,22.7,91,0.0,1,0,20,13600.0,6.1,13.2,2150.0,-4.7,3850.0,0.0,2150.0,18.3,5,21.065310917547055,31.9,0.7071067811865475,0.7071067811865476,-2.4492935982947064e-16,1.0,0
,Dragon CRS-2 SpX-24,2021-12-21T10:07:08+00:00,KSC,falcon_9,FLEW,,20.3,92,0.0,100,100,99,13600.0,5.9,10.5,160.0,-0.9,3870.0,13.3,380.0,15.9,100,19.34626524355412,59.2,0.49999999999999994,-0.8660254037844387,-2.4492935982947064e-16,1.0,0
,Starlink Group 4-5,2022-01-06T21:49:10+00:00,KSC,falcon_9,FLEW,,21.9,44,0.0,3,0,1,43700.0,3.1,8.6,0.0,8.0,3890.0,0.0,0.0,12.1,3,18.127886558566942,75.8,-0.7071067811865477,0.7071067811865474,0.49999999999999994,0.8660254037844387,0
,Transporter 3 (Dedicated SSO Rideshare),2022-01-13T15:25:39+00:00,CCSFS,falcon_9,FLEW,,20.0,65,0.0,1,0,0,27600.0,4.0,7.2,160.0,0.9,2770.0,0.0,160.0,9.1,5,21.03647983325312,85.5,-0.7071067811865471,-0.7071067811865479,0.49999999999999994,0.8660254037844387,0
,Starlink Group 4-6,2022-01-19T02:02:40+00:00,KSC,falcon_9,FLEW,,8.3,79,0.0,1,0,0,18100.0,2.9,7.4,0.0,16.7,3850.0,0.0,0.0,7.8,19,21.25219961282185,54.7,0.49999999999999994,0.8660254037844387,0.49999999999999994,0.8660254037844387,0
,USSF-8,2022-01-21T19:00:00+00:00,CCSFS,atlas_v,FLEW,,22.2,74,0.0,3,0,98,22200.0,9.5,11.1,10.0,1.6,3790.0,0.0,20.0,11.9,17,17.151075398706528,75.5,-0.9659258262890684,0.2588190451025203,0.49999999999999994,0.8660254037844387,0
,CSG-2,2022-01-31T23:11:14+00:00,CCSFS,falcon_9,FLEW,,14.3,47,0.0,0,0,0,42600.0,6.3,7.8,0.0,11.3,3190.0,0.0,0.0,7.8,0,19.29300252081577,96.6,-0.25881904510252157,0.9659258262890681,0.49999999999999994,0.8660254037844387,0
,Starlink Group 4-7,2022-02-03T18:13:20+00:00,KSC,falcon_9,FLEW,,25.2,61,0.0,23,0,0,27500.0,12.9,18.9,90.0,2.4,4790.0,0.0,100.0,21.0,38,21.7894500244633,35.3,-1.0,-1.8369701987210297e-16,0.8660254037844386,0.5000000000000001,0
,ELaNa 41,2022-02-10T20:00:00+00:00,CCSFS,other,FLEW,,19.0,64,0.0,6,0,0,28300.0,10.1,11.7,0.0,8.4,3610.0,0.0,0.0,12.6,6,17.504290909144984,84.0,-0.8660254037844386,0.5000000000000001,0.8660254037844386,0.5000000000000001,0
,Starlink Group 4-8,2022-02-21T14:44:20+00:00,CCSFS,falcon_9,FLEW,,21.8,75,0.0,10,0,0,21200.0,5.4,9.9,70.0,1.5,4140.0,0.0,90.0,13.8,45,23.749892471447932,90.2,-0.4999999999999997,-0.8660254037844388,0.8660254037844386,0.5000000000000001,0
,GOES-T,2022-03-01T21:38:00+00:00,CCSFS,atlas_v,FLEW,,20.5,80,0.0,4,0,0,18200.0,15.9,19.8,10.0,-0.1,3890.0,0.0,60.0,21.0,23,23.455797056135538,94.7,-0.7071067811865477,0.7071067811865474,1.0,6.123233995736766e-17,0
,Starlink Group 4-9,2022-03-03T14:25:00+00:00,KSC,falcon_9,FLEW,,19.2,86,0.0,20,0,0,15200.0,1.0,3.1,110.0,-1.7,3870.0,0.0,110.0,4.1,100,15.684006921002108,86.3,-0.4999999999999997,-0.8660254037844388,1.0,6.123233995736766e-17,0
,Starlink Group 4-10,2022-03-09T13:45:00+00:00,CCSFS,falcon_9,FLEW,,22.5,91,0.0,14,0,0,13800.0,9.8,22.9,890.0,-1.9,4500.0,0.0,1480.0,23.1,63,20.13757516352398,46.9,-0.2588190451025208,-0.9659258262890683,1.0,6.123233995736766e-17,0
,Starlink Group 4-12,2022-03-19T04:42:30+00:00,CCSFS,falcon_9,FLEW,,21.9,85,0.0,0,57,0,16300.0,6.7,11.9,970.0,-3.3,3870.0,6.1,1080.0,20.2,100,13.993195599496207,32.4,0.8660254037844386,0.5000000000000001,1.0,6.123233995736766e-17,0
,Transporter 4 (Dedicated SSO Rideshare),2022-04-01T16:24:17+00:00,CCSFS,falcon_9,FLEW,,25.1,83,0.0,92,99,98,17900.0,2.1,4.5,1000.0,-4.3,4290.0,0.0,1370.0,11.7,100,19.692558845429623,75.7,-0.8660254037844384,-0.5000000000000004,0.8660254037844387,-0.4999999999999998,0
,Axiom Space Mission 1,2022-04-08T15:17:11+00:00,KSC,falcon_9,FLEW,,19.5,43,0.0,0,0,0,45100.0,10.2,15.9,0.0,11.4,4010.0,0.0,0.0,21.0,2,30.666591404695485,118.3,-0.7071067811865471,-0.7071067811865479,0.8660254037844387,-0.4999999999999998,0
,Starlink Group 4-14,2022-04-21T17:51:40+00:00,CCSFS,falcon_9,FLEW,,24.1,60,0.0,65,0,8,29700.0,16.1,19.2,50.0,0.8,4050.0,0.0,70.0,19.2,66,9.834339811864764,15.8,-0.9659258262890683,-0.25881904510252063,0.8660254037844387,-0.4999999999999998,0
,Crew-4,2022-04-27T07:52:55+00:00,KSC,falcon_9,FLEW,,19.5,90,0.0,1,0,0,13600.0,3.6,11.3,220.0,-0.4,4130.0,0.0,490.0,12.4,24,13.756474148957889,53.8,0.9659258262890683,-0.25881904510252063,0.8660254037844387,-0.4999999999999998,0
,Starlink Group 4-16,2022-04-29T21:27:10+00:00,CCSFS,falcon_9,FLEW,,24.5,68,0.0,30,0,2,23900.0,14.0,16.7,410.0,-0.7,3940.0,0.0,410.0,19.0,100,15.474582267136189,30.6,-0.7071067811865477,0.7071067811865474,0.8660254037844387,-0.4999999999999998,0
,Starlink Group 4-17,2022-05-06T09:42:00+00:00,KSC,falcon_9,FLEW,,22.6,76,0.0,0,0,0,19800.0,3.9,11.3,120.0,0.5,4570.0,0.0,1330.0,14.0,38,18.12392646628743,50.7,0.7071067811865476,-0.7071067811865475,0.49999999999999994,-0.8660254037844387,0
,Starlink Group 4-15,2022-05-14T20:40:50+00:00,CCSFS,falcon_9,FLEW,,28.1,70,0.0,0,0,0,23300.0,8.0,10.3,1020.0,-3.2,3970.0,0.0,1350.0,10.3,0,13.768859705135997,26.5,-0.8660254037844386,0.5000000000000001,0.49999999999999994,-0.8660254037844387,0
,Starlink Group 4-18,2022-05-18T10:59:40+00:00,KSC,falcon_9,FLEW,,21.7,92,0.0,3,0,0,13200.0,2.1,6.0,1450.0,-4.3,4340.0,0.0,1860.0,7.2,50,15.004038171566012,43.0,0.49999999999999994,-0.8660254037844387,0.49999999999999994,-0.8660254037844387,0
,CST-100 Starliner Orbital Flight Test 2 (OFT-2),2022-05-19T22:54:47+00:00,CCSFS,atlas_v,FLEW,,28.4,77,0.0,4,0,83,19200.0,7.2,9.1,3260.0,-7.0,4630.0,43.2,3430.0,19.4,4,15.308834517286693,38.6,-0.5000000000000004,0.8660254037844384,0.49999999999999994,-0.8660254037844387,0
,Transporter 5 (Dedicated SSO Rideshare),2022-05-25T18:35:00+00:00,CCSFS,falcon_9,FLEW,,29.3,75,0.0,41,0,0,20000.0,11.9,16.1,2120.0,-5.6,4550.0,0.0,2120.0,16.1,41,14.93598395544872,26.0,-1.0,-1.8369701987210297e-16,0.49999999999999994,-0.8660254037844387,0
,Nilesat-301,2022-06-08T21:04:00+00:00,CCSFS,falcon_9,FLEW,,28.9,75,0.0,4,0,0,20300.0,9.4,11.5,1280.0,-4.1,4750.0,0.0,1280.0,11.7,100,16.574827026682797,19.3,-0.7071067811865477,0.7071067811865474,1.2246467991473532e-16,-1.0,0
,TROPICS-1,2022-06-12T17:43:00+00:00,CCSFS,other,FLEW,,30.5,65,0.0,18,0,0,27500.0,8.1,11.9,1920.0,-5.2,4690.0,0.0,3290.0,16.3,37,8.91113811063843,18.9,-0.9659258262890683,-0.25881904510252063,1.2246467991473532e-16,-1.0,0
,Starlink Group 4-19,2022-06-17T16:08:50+00:00,KSC,falcon_9,FLEW,,30.2,68,0.0,41,0,0,23100.0,4.6,5.8,2000.0,-6.8,4540.0,0.0,2000.0,8.6,93,13.9928376553868,29.7,-0.8660254037844384,-0.5000000000000004,1.2246467991473532e-16,-1.0,0
,Globalstar-2 FM15 & USA 328-331,2022-06-19T04:27:36+00:00,CCSFS,falcon_9,FLEW,,23.5,79,0.0,1,0,0,19100.0,6.1,15.2,160.0,-1.5,4500.0,0.0,220.0,15.2,42,11.258356311369083,18.8,0.8660254037844386,0.5000000000000001,1.2246467991473532e-16,-1.0,0
,SES-22,2022-06-29T21:04:00+00:00,CCSFS,falcon_9,FLEW,,29.1,68,0.0,23,28,100,24600.0,4.8,9.5,850.0,-3.3,4610.0,2.5,2460.0,11.7,68,11.26335674403962,10.5,-0.7071067811865477,0.7071067811865474,1.2246467991473532e-16,-1.0,0
,USSF-12,2022-07-01T23:15:00+00:00,CCSFS,atlas_v,FLEW,,28.7,76,0.0,16,100,100,20100.0,9.8,15.0,2600.0,-6.3,4660.0,0.0,2970.0,15.0,72,10.12219464051449,14.9,-0.25881904510252157,0.9659258262890681,-0.4999999999999997,-0.8660254037844388,0
,Starlink Group 4-21,2022-07-07T13:11:00+00:00,CCSFS,falcon_9,FLEW,,29.1,78,0.0,22,0,46,18800.0,6.8,8.2,2110.0,-5.6,4930.0,0.0,2320.0,10.1,45,8.073075163594497,21.0,-0.2588190451025208,-0.9659258262890683,-0.4999999999999997,-0.8660254037844388,0
,Dragon CRS-2 SpX-25,2022-07-15T00:44:20+00:00,KSC,falcon_9,FLEW,,29.2,55,0.0,50,39,0,33300.0,2.4,10.3,600.0,-4.0,4350.0,0.0,1780.0,19.0,50,13.723798684021794,30.3,0.0,1.0,-0.4999999999999997,-0.8660254037844388,0
,Starlink Group 4-22,2022-07-17T14:20:00+00:00,CCSFS,falcon_9,FLEW,,27.2,90,0.0,32,29,22,14800.0,9.8,12.8,2410.0,-6.1,4620.0,0.0,2410.0,17.5,93,8.408017474927433,18.7,-0.4999999999999997,-0.8660254037844388,-0.4999999999999997,-0.8660254037844388,0
,Starlink Group 4-25,2022-07-24T13:38:20+00:00,KSC,falcon_9,FLEW,,28.6,76,0.0,0,0,0,19700.0,2.6,8.2,2680.0,-7.5,4700.0,0.0,2890.0,8.2,8,5.839069787681425,21.1,-0.2588190451025208,-0.9659258262890683,-0.4999999999999997,-0.8660254037844388,0
,SBIRS GEO-6,2022-08-04T10:29:00+00:00,CCSFS,atlas_v,FLEW,,25.2,86,0.0,2,0,0,14800.0,2.9,5.6,2940.0,-5.9,4550.0,0.0,3260.0,8.7,4,7.822075447629065,16.6,0.49999999999999994,-0.8660254037844387,-0.8660254037844384,-0.5000000000000004,0
,Danuri (KPLO - Korean Pathfinder Lunar Orbiter),2022-08-04T23:08:48+00:00,CCSFS,falcon_9,FLEW,,30.3,69,0.0,5,0,0,23300.0,9.1,12.2,2330.0,-5.3,4710.0,0.0,3280.0,13.4,41,5.878504616525967,17.1,-0.25881904510252157,0.9659258262890681,-0.8660254037844384,-0.5000000000000004,0
,Starlink Group 4-26,2022-08-10T02:14:40+00:00,KSC,falcon_9,FLEW,,26.6,89,0.0,23,0,98,14100.0,5.7,15.4,3900.0,-9.0,4590.0,0.0,4770.0,17.3,23,10.853483174190627,15.7,0.49999999999999994,0.8660254037844387,-0.8660254037844384,-0.5000000000000004,0
,Starlink Group 4-27,2022-08-19T19:21:20+00:00,CCSFS,falcon_9,FLEW,,31.2,79,0.0,7,0,0,19400.0,8.7,8.9,3470.0,-8.8,4800.0,0.0,4300.0,8.9,43,12.266848873361832,18.8,-0.9659258262890684,0.2588190451025203,-0.8660254037844384,-0.5000000000000004,0
,Starlink Group 4-23,2022-08-28T03:41:20+00:00,CCSFS,falcon_9,FLEW,,25.1,87,0.0,0,91,60,15500.0,2.0,2.7,1010.0,-4.0,4660.0,0.0,2030.0,6.2,100,12.364781017864678,5.6,0.7071067811865475,0.7071067811865476,-0.8660254037844384,-0.5000000000000004,0
,Starlink Group 4-20 & Varuna-TDM,2022-09-05T02:09:40+00:00,CCSFS,falcon_9,FLEW,,27.7,75,0.0,46,0,2,20700.0,4.9,7.6,1910.0,-4.8,4840.0,0.0,3280.0,10.1,46,10.278218769630382,16.3,0.49999999999999994,0.8660254037844387,-1.0,-1.8369701987210297e-16,0
,Starlink Group 4-2 & BlueWalker 3,2022-09-11T01:20:00+00:00,KSC,falcon_9,FLEW,,24.2,91,0.4,28,100,100,14200.0,3.7,5.2,200.0,-2.3,4790.0,0.4,510.0,8.7,28,13.618276574924518,15.6,0.25881904510252074,0.9659258262890683,-1.0,-1.8369701987210297e-16,0
,Starlink Group 4-34,2022-09-19T00:18:40+00:00,CCSFS,falcon_9,FLEW,,26.5,79,69.8,16,59,0,19300.0,5.1,9.1,1840.0,-5.2,4490.0,69.8,1940.0,9.1,63,12.320434654367297,22.3,0.0,1.0,-1.0,-1.8369701987210297e-16,0
,Starlink Group 4-35,2022-09-24T23:32:10+00:00,CCSFS,falcon_9,FLEW,,27.6,65,0.0,100,0,0,26700.0,11.1,14.8,970.0,-3.2,4850.0,0.0,970.0,17.3,100,9.334558287877918,18.3,-0.25881904510252157,0.9659258262890681,-1.0,-1.8369701987210297e-16,0
,SES-20 & SES-21,2022-10-04T21:36:00+00:00,CCSFS,atlas_v,FLEW,,23.8,66,0.0,30,0,0,27500.0,17.2,22.2,20.0,2.5,4580.0,0.0,120.0,22.2,64,22.532979741046837,62.7,-0.7071067811865477,0.7071067811865474,-0.8660254037844386,0.5000000000000001,0
,Crew-5,2022-10-05T16:00:57+00:00,KSC,falcon_9,FLEW,,25.9,56,0.0,4,0,0,32300.0,5.7,7.0,30.0,2.6,4650.0,0.0,30.0,8.0,7,11.33039205625774,61.5,-0.8660254037844384,-0.5000000000000004,-0.8660254037844386,0.5000000000000001,0
,Galaxy 33 & 34,2022-10-08T23:05:00+00:00,CCSFS,falcon_9,FLEW,,24.4,60,0.0,0,0,0,30800.0,8.9,11.1,0.0,2.8,5000.0,0.0,0.0,13.8,12,13.559710716371832,38.0,-0.25881904510252157,0.9659258262890681,-0.8660254037844386,0.5000000000000001,0
,Hotbird 13F,2022-10-15T05:22:00+00:00,CCSFS,falcon_9,FLEW,,25.5,76,0.0,3,0,0,20400.0,6.4,9.3,1980.0,-6.0,4150.0,0.0,1980.0,10.7,76,13.138744012890978,64.9,0.9659258262890683,0.25881904510252074,-0.8660254037844386,0.5000000000000001,0
,Starlink Group 4-36,2022-10-20T14:50:40+00:00,CCSFS,falcon_9,FLEW,,21.4,66,0.0,20,0,0,27300.0,8.6,12.2,10.0,3.9,4020.0,0.0,70.0,14.0,100,26.61082628027156,64.5,-0.4999999999999997,-0.8660254037844388,-0.8660254037844386,0.5000000000000001,0
,USSF-44,2022-11-01T13:41:00+00:00,KSC,falcon_heavy,FLEW,,23.8,94,0.0,80,0,0,800.0,1.9,6.2,1170.0,-3.3,4910.0,0.0,1670.0,6.2,100,15.264176707085609,47.3,-0.2588190451025208,-0.9659258262890683,-0.5000000000000004,0.8660254037844384,0
,Hotbird 13G,2022-11-03T05:22:00+00:00,CCSFS,falcon_9,FLEW,,24.2,85,0.0,2,9,0,15700.0,1.8,6.6,1500.0,-3.9,4350.0,0.0,1500.0,14.0,99,19.531531109586275,85.5,0.9659258262890683,0.25881904510252074,-0.5000000000000004,0.8660254037844384,0
,Galaxy 31 & 32,2022-11-12T16:06:00+00:00,CCSFS,falcon_9,FLEW,,25.4,80,0.0,20,0,0,19600.0,6.6,13.6,940.0,-2.4,4720.0,0.0,1020.0,14.2,71,15.755069963258386,33.2,-0.8660254037844384,-0.5000000000000004,-0.5000000000000004,0.8660254037844384,0
,Artemis I,2022-11-16T06:47:44+00:00,KSC,sls,FLEW,,20.5,89,0.0,4,0,69,13400.0,2.6,8.0,620.0,0.0,4560.0,0.0,1000.0,8.9,4,13.06940871913985,52.7,1.0,6.123233995736766e-17,-0.5000000000000004,0.8660254037844384,0
,Eutelsat 10B,2022-11-23T02:57:00+00:00,CCSFS,falcon_9,FLEW,,22.1,87,0.0,6,84,71,15000.0,8.6,11.3,420.0,-2.9,4420.0,0.0,980.0,19.6,100,21.33012982139491,51.8,0.49999999999999994,0.8660254037844387,-0.5000000000000004,0.8660254037844384,0
,Dragon CRS-2 SpX-26,2022-11-26T19:20:43+00:00,KSC,falcon_9,FLEW,,24.9,91,0.0,96,0,6,13100.0,6.7,10.9,1630.0,-4.0,4620.0,0.4,1640.0,10.9,100,10.833053395566969,48.5,-0.9659258262890684,0.2588190451025203,-0.5000000000000004,0.8660254037844384,0
,OneWeb 15,2022-12-08T22:27:48+00:00,KSC,falcon_9,FLEW,,23.1,73,0.0,2,0,0,20200.0,4.6,8.9,20.0,0.4,4580.0,0.0,20.0,10.3,100,10.800002679400421,26.7,-0.5000000000000004,0.8660254037844384,-2.4492935982947064e-16,1.0,0
,Hakuto-R M1 & Lunar Flashlight,2022-12-11T07:38:13+00:00,CCSFS,falcon_9,FLEW,,19.9,83,0.0,3,0,0,16800.0,9.2,18.5,0.0,1.3,3980.0,0.0,0.0,18.5,10,16.794663870812286,36.6,0.9659258262890683,-0.25881904510252063,-2.4492935982947064e-16,1.0,0
,O3b mPower 1 & 2,2022-12-16T22:48:00+00:00,CCSFS,falcon_9,FLEW,,17.0,65,0.0,0,0,0,28000.0,4.4,6.8,0.0,11.3,4340.0,0.0,0.0,9.9,28,19.204101118704127,50.7,-0.5000000000000004,0.8660254037844384,-2.4492935982947064e-16,1.0,0
,Starlink Group 4-37,2022-12-17T21:32:30+00:00,KSC,falcon_9,FLEW,,21.5,49,0.0,33,0,58,37500.0,1.9,6.2,0.0,7.4,4080.0,0.0,0.0,6.4,100,18.94703899358897,89.3,-0.7071067811865477,0.7071067811865474,-2.4492935982947064e-16,1.0,0
,Starlink Group 5-1,2022-12-28T09:34:00+00:00,CCSFS,falcon_9,FLEW,,11.2,82,0.0,0,0,0,17800.0,5.7,13.0,0.0,14.6,4150.0,0.0,0.0,14.4,1,20.34132783492479,58.2,0.7071067811865476,-0.7071067811865475,-2.4492935982947064e-16,1.0,0
,Transporter 6 (Dedicated SSO Rideshare),2023-01-03T14:55:56+00:00,CCSFS,falcon_9,FLEW,,21.3,87,0.0,0,0,0,15300.0,5.6,13.8,160.0,-1.8,4470.0,0.0,160.0,15.6,6,10.036205236569714,24.4,-0.4999999999999997,-0.8660254037844388,0.49999999999999994,0.8660254037844387,0
,OneWeb 16,2023-01-10T04:50:17+00:00,CCSFS,falcon_9,FLEW,,15.0,82,0.0,1,0,95,15000.0,2.1,7.4,200.0,1.4,3790.0,0.0,200.0,11.5,5,17.70088825280648,112.1,0.8660254037844386,0.5000000000000001,0.49999999999999994,0.8660254037844387,0
,USSF-67,2023-01-15T22:56:00+00:00,KSC,falcon_heavy,FLEW,,13.7,49,0.0,0,0,0,38100.0,3.7,5.8,0.0,17.4,3670.0,0.0,0.0,7.4,0,16.818297314186967,66.5,-0.5000000000000004,0.8660254037844384,0.49999999999999994,0.8660254037844387,0
,GPS III SV06,2023-01-18T12:24:00+00:00,CCSFS,falcon_9,FLEW,,8.6,88,0.0,100,0,0,13600.0,2.8,4.7,0.0,19.4,4510.0,0.0,0.0,5.2,100,20.842264001913005,56.6,1.2246467991473532e-16,-1.0,0.49999999999999994,0.8660254037844387,0
,Starlink Group 5-2,2023-01-26T09:32:20+00:00,CCSFS,falcon_9,FLEW,,19.0,86,0.0,100,22,0,15800.0,6.4,13.4,0.0,5.6,4340.0,0.0,0.0,17.1,100,17.781848553834187,59.0,0.7071067811865476,-0.7071067811865475,0.49999999999999994,0.8660254037844387,0
,Starlink Group 5-3,2023-02-02T07:58:20+00:00,KSC,falcon_9,FLEW,,17.2,86,0.0,35,0,2,14800.0,2.5,2.5,0.0,5.3,4380.0,0.0,20.0,5.6,35,11.636250747174964,46.6,0.9659258262890683,-0.25881904510252063,0.8660254037844386,0.5000000000000001,0
,Amazonas Nexus,2023-02-07T01:32:00+00:00,CCSFS,falcon_9,FLEW,,16.0,64,0.0,0,0,0,28500.0,8.9,13.6,0.0,9.7,4330.0,0.0,0.0,16.7,1,15.03220025820565,54.1,0.25881904510252074,0.9659258262890683,0.8660254037844386,0.5000000000000001,0
,Starlink Group 5-4,2023-02-12T05:10:10+00:00,CCSFS,falcon_9,FLEW,,21.4,86,0.0,17,0,0,15600.0,11.0,24.5,920.0,-2.8,4050.0,0.0,1100.0,25.5,99,22.64699796381368,82.0,0.9659258262890683,0.25881904510252074,0.8660254037844386,0.5000000000000001,0
,Inmarsat-6 F2,2023-02-18T03:59:00+00:00,CCSFS,falcon_9,FLEW,,24.1,63,0.0,6,0,0,28800.0,7.3,14.0,50.0,1.2,4570.0,0.0,210.0,15.4,61,14.090166636812818,52.5,0.7071067811865475,0.7071067811865476,0.8660254037844386,0.5000000000000001,0
,Starlink Group 6-1,2023-02-27T23:13:50+00:00,CCSFS,falcon_9,FLEW,,25.9,50,0.0,0,0,1,39200.0,7.7,15.2,0.0,0.6,4520.0,0.0,0.0,22.9,2,16.08396007870754,66.3,-0.25881904510252157,0.9659258262890681,0.8660254037844386,0.5000000000000001,0
,Crew-6,2023-03-02T05:34:14+00:00,KSC,falcon_9,FLEW,,19.6,85,0.0,48,0,0,15800.0,3.3,13.2,0.0,1.4,4700.0,0.0,0.0,13.8,48,13.361845772306342,60.8,0.9659258262890683,0.25881904510252074,1.0,6.123233995736766e-17,0
,OneWeb 17,2023-03-09T19:13:28+00:00,CCSFS,falcon_9,FLEW,,24.0,53,0.0,37,0,0,35700.0,8.1,9.1,30.0,5.1,3970.0,0.0,30.0,9.7,39,23.9731203766222,59.6,-0.9659258262890684,0.2588190451025203,1.0,6.123233995736766e-17,0
,Dragon CRS-2 SpX-27,2023-03-15T00:30:42+00:00,KSC,falcon_9,FLEW,,15.1,61,0.0,0,0,13,29300.0,6.2,13.4,0.0,9.4,3340.0,0.0,0.0,15.4,0,23.705089000415853,115.6,0.0,1.0,1.0,6.123233995736766e-17,0
,SES-18 & SES-19,2023-03-17T23:38:00+00:00,CCSFS,falcon_9,FLEW,,22.2,70,0.0,4,0,0,22800.0,14.5,23.9,110.0,-0.2,4270.0,0.0,330.0,25.3,40,23.292624928316826,24.6,-0.25881904510252157,0.9659258262890681,1.0,6.123233995736766e-17,0
,"Good Luck, Have Fun (Maiden Flight)",2023-03-23T03:25:00+00:00,CCSFS,terran,FLEW,,20.1,75,0.0,0,0,0,20200.0,6.5,16.7,30.0,3.2,4500.0,0.0,40.0,17.5,10,14.651949584894904,54.3,0.7071067811865475,0.7071067811865476,1.0,6.123233995736766e-17,0
,Starlink Group 5-5,2023-03-24T15:43:10+00:00,CCSFS,falcon_9,FLEW,,25.1,67,0.0,9,0,0,25800.0,7.4,10.3,0.0,1.7,4710.0,0.0,90.0,11.5,54,13.867324828792317,36.8,-0.7071067811865471,-0.7071067811865479,1.0,6.123233995736766e-17,0
,Starlink Group 5-10,2023-03-29T20:01:00+00:00,CCSFS,falcon_9,FLEW,,23.4,72,0.0,46,0,4,21900.0,13.9,17.3,80.0,-0.7,3960.0,0.0,120.0,19.2,80,13.568504498391775,76.4,-0.8660254037844386,0.5000000000000001,1.0,6.123233995736766e-17,0
,Intelsat 40e,2023-04-07T04:30:00+00:00,CCSFS,falcon_9,FLEW,,23.9,78,0.0,0,0,0,18800.0,9.0,15.7,830.0,-1.9,4810.0,0.0,1210.0,15.9,2,13.266702063281748,23.8,0.8660254037844386,0.5000000000000001,0.8660254037844387,-0.4999999999999998,0
,Starlink Group 6-2,2023-04-19T14:31:10+00:00,CCSFS,falcon_9,FLEW,,24.6,53,0.0,9,100,99,37000.0,9.7,13.4,120.0,-1.5,3580.0,0.0,200.0,14.0,9,11.140684410646386,35.1,-0.4999999999999997,-0.8660254037844388,0.8660254037844387,-0.4999999999999998,0
,O3b mPower 3 & 4,2023-04-28T22:12:00+00:00,CCSFS,falcon_9,FLEW,,27.0,74,9.4,99,79,87,22500.0,4.1,8.0,3330.0,-8.9,4190.0,9.4,3330.0,8.9,99,18.791943523833705,66.4,-0.5000000000000004,0.8660254037844384,0.8660254037844387,-0.4999999999999998,0
,ViaSat-3 F1 (ViaSat-3 Americas) & others,2023-05-01T00:26:00+00:00,KSC,falcon_heavy,FLEW,,20.8,64,0.0,0,0,0,26600.0,8.8,22.2,0.0,0.0,4120.0,0.0,430.0,25.9,0,18.0297495000793,101.4,0.0,1.0,0.49999999999999994,-0.8660254037844387,0
,Starlink Group 5-6,2023-05-04T07:31:00+00:00,CCSFS,falcon_9,FLEW,,17.8,53,0.0,0,0,0,35600.0,8.9,21.6,0.0,6.9,3980.0,0.0,0.0,22.7,0,19.2957585567474,59.0,0.9659258262890683,-0.25881904510252063,0.49999999999999994,-0.8660254037844387,0
,Starlink Group 5-9,2023-05-14T05:03:50+00:00,CCSFS,falcon_9,FLEW,,22.8,68,0.0,0,0,61,24700.0,6.5,9.1,160.0,-1.1,4380.0,0.0,540.0,10.1,50,13.193063054420069,16.0,0.9659258262890683,0.25881904510252074,0.49999999999999994,-0.8660254037844387,0
,Starlink Group 6-3,2023-05-19T06:19:30+00:00,CCSFS,falcon_9,FLEW,,22.5,89,0.0,0,34,0,14400.0,3.9,6.2,840.0,-3.5,4110.0,0.0,1470.0,9.1,100,10.40679107165091,36.5,1.0,6.123233995736766e-17,0.49999999999999994,-0.8660254037844387,0
,Axiom Space Mission 2,2023-05-21T21:37:09+00:00,KSC,falcon_9,FLEW,,28.7,65,0.0,0,70,5,25200.0,6.0,7.6,1430.0,-3.9,4570.0,0.0,1680.0,10.1,32,16.399661934163696,52.7,-0.7071067811865477,0.7071067811865474,0.49999999999999994,-0.8660254037844387,0
,BADR-8,2023-05-27T04:30:00+00:00,CCSFS,falcon_9,FLEW,,22.3,76,0.0,2,0,0,20100.0,17.8,26.4,510.0,-2.6,4020.0,0.0,690.0,28.8,100,17.259025843981263,24.5,0.8660254037844386,0.5000000000000001,0.49999999999999994,-0.8660254037844387,0
,Starlink Group 6-4,2023-06-04T12:20:00+00:00,CCSFS,falcon_9,FLEW,,24.4,89,0.0,0,0,0,14900.0,5.7,8.0,1930.0,-6.1,4080.0,0.0,2570.0,16.1,86,16.48270341739324,49.0,1.2246467991473532e-16,-1.0,1.2246467991473532e-16,-1.0,0
,Dragon CRS-2 SpX-28,2023-06-05T15:47:00+00:00,KSC,falcon_9,FLEW,,26.2,68,0.0,0,41,8,24000.0,13.8,23.5,880.0,-4.3,4130.0,0.0,1550.0,23.5,25,20.28357184830559,37.6,-0.7071067811865471,-0.7071067811865479,1.2246467991473532e-16,-1.0,0
,Starlink Group 5-11,2023-06-12T07:10:50+00:00,CCSFS,falcon_9,FLEW,,24.4,90,0.0,11,0,0,12800.0,5.1,8.0,3210.0,-7.5,4490.0,0.0,3210.0,13.4,84,14.510208441763018,27.7,0.9659258262890683,-0.25881904510252063,1.2246467991473532e-16,-1.0,0
,Satria-1,2023-06-18T22:21:00+00:00,CCSFS,falcon_9,FLEW,,29.5,78,0.0,100,0,0,19100.0,9.1,9.7,4940.0,-10.8,4680.0,5.0,4940.0,14.6,100,25.336130376382346,25.7,-0.5000000000000004,0.8660254037844384,1.2246467991473532e-16,-1.0,0
,NROL-68,2023-06-22T09:18:00+00:00,CCSFS,delta_iv,FLEW,,23.8,80,0.0,0,0,0,18100.0,7.2,14.4,1130.0,-3.8,4240.0,0.0,2470.0,16.3,0,13.128980280020464,35.6,0.7071067811865476,-0.7071067811865475,1.2246467991473532e-16,-1.0,0
,Starlink Group 5-12,2023-06-23T15:35:10+00:00,CCSFS,falcon_9,FLEW,,26.4,80,0.0,46,99,99,19700.0,6.5,10.9,880.0,-3.6,4280.0,0.0,3670.0,15.2,85,19.4672369890063,22.5,-0.7071067811865471,-0.7071067811865479,1.2246467991473532e-16,-1.0,0
,Euclid,2023-07-01T15:12:00+00:00,CCSFS,falcon_9,FLEW,,29.1,83,0.0,26,0,27,17400.0,7.0,7.4,3060.0,-6.1,4860.0,0.0,3060.0,8.2,26,15.137015984468777,17.4,-0.7071067811865471,-0.7071067811865479,-0.4999999999999997,-0.8660254037844388,0
,Starlink Group 6-5,2023-07-10T03:58:50+00:00,CCSFS,falcon_9,FLEW,,26.0,81,0.0,0,2,8,17600.0,5.6,14.6,1260.0,-5.3,4630.0,0.4,1900.0,17.3,6,20.48296329949329,22.2,0.7071067811865475,0.7071067811865476,-0.4999999999999997,-0.8660254037844388,0
,Starlink Group 5-15,2023-07-16T03:50:00+00:00,CCSFS,falcon_9,FLEW,,25.8,82,0.0,0,50,52,17300.0,3.9,9.5,850.0,-4.2,4940.0,0.0,1160.0,15.6,15,8.146107441817545,13.4,0.7071067811865475,0.7071067811865476,-0.4999999999999997,-0.8660254037844388,0
,Starlink Group 6-6,2023-07-24T00:50:30+00:00,CCSFS,falcon_9,FLEW,,25.4,86,0.0,7,100,100,16100.0,3.9,4.7,630.0,-4.4,4820.0,0.0,730.0,7.6,16,22.843918867408526,4.1,0.0,1.0,-0.4999999999999997,-0.8660254037844388,0
,Starlink Group 6-7,2023-07-28T04:01:10+00:00,CCSFS,falcon_9,FLEW,,24.7,91,0.0,15,62,19,13500.0,5.4,10.5,860.0,-3.4,5010.0,0.0,1350.0,13.6,97,6.792832639973574,21.6,0.8660254037844386,0.5000000000000001,-0.4999999999999997,-0.8660254037844388,0
,EchoStar 24/Jupiter-3,2023-07-29T03:04:00+00:00,KSC,falcon_heavy,FLEW,,24.7,91,0.0,0,34,100,13300.0,2.6,8.9,1090.0,-4.0,5030.0,0.0,1460.0,9.7,8,9.938735869640649,15.4,0.7071067811865475,0.7071067811865476,-0.4999999999999997,-0.8660254037844388,0
,Galaxy 37,2023-08-03T05:00:00+00:00,CCSFS,falcon_9,FLEW,,26.2,79,0.0,0,8,0,18400.0,7.4,12.4,1860.0,-2.8,5170.0,0.0,1860.0,13.6,73,30.453492904070842,29.6,0.9659258262890683,0.25881904510252074,-0.8660254037844384,-0.5000000000000004,0
,Starlink Group 6-8,2023-08-07T02:41:10+00:00,CCSFS,falcon_9,FLEW,,28.7,78,0.0,0,0,0,19000.0,5.2,7.0,2140.0,-6.1,5080.0,0.0,3020.0,7.0,0,12.157089113982858,9.7,0.49999999999999994,0.8660254037844387,-0.8660254037844384,-0.5000000000000004,0
,Starlink Group 6-9,2023-08-11T05:17:40+00:00,CCSFS,falcon_9,FLEW,,26.5,86,0.0,0,0,100,15500.0,4.0,12.1,2120.0,-4.9,5050.0,0.0,2700.0,13.4,3,12.368821415899463,9.3,0.9659258262890683,0.25881904510252074,-0.8660254037844384,-0.5000000000000004,0
,Starlink Group 6-10,2023-08-17T03:36:50+00:00,CCSFS,falcon_9,FLEW,,25.0,92,0.0,3,84,100,13400.0,2.5,3.7,850.0,-4.2,4800.0,0.4,1450.0,6.6,49,9.795076986659359,2.7,0.7071067811865475,0.7071067811865476,-0.8660254037844384,-0.5000000000000004,0
,Crew-7,2023-08-26T07:27:27+00:00,KSC,falcon_9,FLEW,,24.3,91,0.0,2,0,0,13400.0,1.8,3.5,690.0,-1.0,5050.0,0.0,770.0,5.2,12,13.711368023284598,13.1,0.9659258262890683,-0.25881904510252063,-0.8660254037844384,-0.5000000000000004,0
,Starlink Group 6-11,2023-08-27T01:05:40+00:00,CCSFS,falcon_9,FLEW,,27.8,68,0.0,0,0,0,24300.0,8.5,11.5,540.0,-1.0,5450.0,0.0,1760.0,13.6,100,6.538645978876062,7.2,0.25881904510252074,0.9659258262890683,-0.8660254037844384,-0.5000000000000004,0
,Starlink Group 6-13,2023-09-01T02:21:50+00:00,CCSFS,falcon_9,FLEW,,26.0,86,0.0,8,100,34,15900.0,3.9,5.1,530.0,-3.7,5060.0,0.0,1130.0,8.6,48,8.799006289686648,15.6,0.49999999999999994,0.8660254037844387,-1.0,-1.8369701987210297e-16,0
,Starlink Group 6-12,2023-09-04T02:47:20+00:00,KSC,falcon_9,FLEW,,24.6,67,0.0,0,0,11,24700.0,4.0,11.1,20.0,2.0,5390.0,0.0,30.0,15.7,0,11.38133311744902,34.2,0.49999999999999994,0.8660254037844387,-1.0,-1.8369701987210297e-16,0
,Starlink Group 6-14,2023-09-09T03:12:50+00:00,CCSFS,falcon_9,FLEW,,22.5,86,0.0,0,90,0,16000.0,0.4,3.5,190.0,-0.9,4110.0,0.0,360.0,13.0,34,13.749292878022343,27.6,0.7071067811865475,0.7071067811865476,-1.0,-1.8369701987210297e-16,0
,NROL-107 (Silent Barker),2023-09-10T12:47:00+00:00,CCSFS,atlas_v,FLEW,,25.0,88,0.0,0,8,0,14500.0,1.4,2.9,2130.0,-5.1,4760.0,0.0,2250.0,6.6,35,8.142390847862604,28.0,1.2246467991473532e-16,-1.0,-1.0,-1.8369701987210297e-16,0
,Starlink Group 6-16,2023-09-16T03:38:20+00:00,CCSFS,falcon_9,FLEW,,27.0,81,0.0,45,100,19,17400.0,10.0,12.6,1430.0,-5.2,4870.0,0.0,1990.0,14.2,100,14.14705311197798,33.2,0.7071067811865475,0.7071067811865476,-1.0,-1.8369701987210297e-16,0
,Starlink Group 6-17,2023-09-20T03:38:10+00:00,CCSFS,falcon_9,FLEW,,25.8,65,0.0,0,0,99,27400.0,9.9,12.8,750.0,-4.0,4610.0,0.0,1290.0,14.8,50,19.261446888965523,46.7,0.7071067811865475,0.7071067811865476,-1.0,-1.8369701987210297e-16,0
,Starlink Group 6-18,2023-09-24T03:38:30+00:00,CCSFS,falcon_9,FLEW,,22.4,62,0.0,0,0,0,28700.0,2.1,3.7,0.0,2.0,4540.0,0.0,0.0,6.6,0,11.43243521860538,48.5,0.7071067811865475,0.7071067811865476,-1.0,-1.8369701987210297e-16,0
,Starlink Group 6-19,2023-09-30T02:00:00+00:00,CCSFS,falcon_9,FLEW,,26.5,83,0.0,38,100,3,16900.0,7.8,9.7,2270.0,-6.8,4790.0,0.4,2380.0,11.9,100,13.66771401649802,31.1,0.49999999999999994,0.8660254037844387,-1.0,-1.8369701987210297e-16,0
,Starlink Group 6-21,2023-10-05T05:36:30+00:00,CCSFS,falcon_9,FLEW,,24.7,75,0.0,0,0,0,20400.0,10.9,17.5,1230.0,-4.6,4550.0,0.0,1610.0,20.8,28,30.284798875489077,67.5,0.9659258262890683,0.25881904510252074,-0.8660254037844386,0.5000000000000001,0
,Amazon Leo (Project Kuiper) Protoflight Mission,2023-10-06T18:06:00+00:00,CCSFS,atlas_v,FLEW,,28.9,74,0.0,29,0,0,22100.0,9.7,10.7,1190.0,-4.5,5010.0,0.0,1670.0,13.8,33,10.287012614590209,43.8,-1.0,-1.8369701987210297e-16,-0.8660254037844386,0.5000000000000001,0
,Psyche,2023-10-13T14:19:43+00:00,KSC,falcon_heavy,FLEW,,28.1,85,0.0,100,0,0,15500.0,2.4,5.6,1920.0,-4.2,5490.0,0.0,1920.0,9.5,100,15.729681381764014,39.0,-0.4999999999999997,-0.8660254037844388,-0.8660254037844386,0.5000000000000001,0
,Starlink Group 6-22,2023-10-13T23:01:10+00:00,CCSFS,falcon_9,FLEW,,27.3,86,0.0,32,0,0,15500.0,5.6,10.1,2190.0,-5.2,5300.0,0.0,2620.0,14.4,100,18.752564444027943,52.5,-0.25881904510252157,0.9659258262890681,-0.8660254037844386,0.5000000000000001,0
,Starlink Group 6-23,2023-10-18T00:39:00+00:00,CCSFS,falcon_9,FLEW,,17.5,61,0.0,0,0,0,30100.0,5.0,8.9,0.0,6.8,4120.0,0.0,0.0,9.1,15,15.865326068989507,86.7,0.0,1.0,-0.8660254037844386,0.5000000000000001,0
,Starlink Group 6-24,2023-10-22T02:17:00+00:00,CCSFS,falcon_9,FLEW,,21.1,76,0.0,0,0,1,19900.0,0.9,0.8,0.0,3.3,4780.0,0.0,10.0,5.2,35,23.334320970368054,57.6,0.49999999999999994,0.8660254037844387,-0.8660254037844386,0.5000000000000001,0
,Starlink Group 6-25,2023-10-30T23:20:30+00:00,CCSFS,falcon_9,FLEW,,24.4,76,0.0,50,0,11,19800.0,6.0,10.7,60.0,-0.3,5050.0,0.0,210.0,10.7,50,15.714779183476757,50.0,-0.25881904510252157,0.9659258262890681,-0.8660254037844386,0.5000000000000001,0
,Starlink Group 6-26,2023-11-04T00:37:20+00:00,CCSFS,falcon_9,FLEW,,23.1,56,0.0,7,0,0,33400.0,11.5,17.1,60.0,4.6,4560.0,0.0,60.0,17.1,33,25.462294014108682,98.7,0.0,1.0,-0.5000000000000004,0.8660254037844384,0
,Starlink Group 6-27,2023-11-08T05:05:30+00:00,CCSFS,falcon_9,FLEW,,20.2,80,0.0,4,0,0,17100.0,3.6,6.2,10.0,1.9,4980.0,0.0,10.0,7.2,32,10.818477173743243,37.3,0.9659258262890683,0.25881904510252074,-0.5000000000000004,0.8660254037844384,0
,Dragon CRS-2 SpX-29,2023-11-10T01:28:14+00:00,KSC,falcon_9,FLEW,,21.6,80,0.0,4,14,0,17400.0,3.0,4.9,140.0,1.1,5200.0,0.0,380.0,11.7,48,9.076014373340431,24.3,0.25881904510252074,0.9659258262890683,-0.5000000000000004,0.8660254037844384,0
,O3b mPower 5 & 6,2023-11-12T21:08:00+00:00,CCSFS,falcon_9,FLEW,,22.6,91,0.0,100,0,0,13300.0,14.1,19.2,110.0,-0.3,4930.0,0.0,270.0,19.2,100,15.655748861209451,58.0,-0.7071067811865477,0.7071067811865474,-0.5000000000000004,0.8660254037844384,0
,Starlink Group 6-28,2023-11-18T05:05:50+00:00,CCSFS,falcon_9,FLEW,,21.9,97,0.0,84,0,0,12200.0,7.8,16.9,830.0,-2.1,4660.0,0.0,900.0,21.8,100,11.013401829578157,53.6,0.9659258262890683,0.25881904510252074,-0.5000000000000004,0.8660254037844384,0
,Starlink Group 6-29,2023-11-22T07:47:40+00:00,CCSFS,falcon_9,FLEW,,21.9,79,0.0,0,0,84,18500.0,5.8,18.1,190.0,-0.7,4580.0,0.0,520.0,19.4,1,14.253510188017746,69.2,0.9659258262890683,-0.25881904510252063,-0.5000000000000004,0.8660254037844384,0
,Starlink Group 6-30,2023-11-28T04:20:00+00:00,CCSFS,falcon_9,FLEW,,14.2,75,0.0,0,2,46,20700.0,8.5,17.3,0.0,13.5,4390.0,0.0,0.0,19.4,0,15.30293600506925,85.4,0.8660254037844386,0.5000000000000001,-0.5000000000000004,0.8660254037844384,0
,Starlink Group 6-31,2023-12-03T04:00:50+00:00,CCSFS,falcon_9,FLEW,,22.9,94,0.0,25,0,0,12500.0,3.1,7.4,970.0,-2.8,4630.0,0.0,970.0,13.8,100,11.493777320840195,64.1,0.8660254037844386,0.5000000000000001,-2.4492935982947064e-16,1.0,0
,Starlink Group 6-33,2023-12-07T05:07:30+00:00,CCSFS,falcon_9,FLEW,,15.9,51,0.0,0,0,0,37900.0,14.3,18.9,0.0,13.7,4480.0,0.0,0.0,20.0,7,20.363164572617215,100.9,0.9659258262890683,0.25881904510252074,-2.4492935982947064e-16,1.0,0
,Starlink Group 6-34,2023-12-19T04:01:00+00:00,CCSFS,falcon_9,FLEW,,11.8,81,0.0,0,0,0,18000.0,8.7,19.4,0.0,11.6,3750.0,0.0,0.0,26.8,2,14.369036096436467,36.0,0.8660254037844386,0.5000000000000001,-2.4492935982947064e-16,1.0,0
,Starlink Group 6-32,2023-12-23T05:33:00+00:00,CCSFS,falcon_9,FLEW,,17.8,78,0.0,42,0,0,18500.0,4.1,11.9,490.0,-2.1,3040.0,0.0,490.0,16.5,80,19.99129551902844,110.7,0.9659258262890683,0.25881904510252074,-2.4492935982947064e-16,1.0,0
,OTV-7 (X-37B) (USSF-52),2023-12-29T01:07:00+00:00,KSC,falcon_heavy,FLEW,,13.7,89,0.0,75,0,0,13800.0,1.4,1.4,0.0,9.8,3140.0,0.0,0.0,7.6,89,27.22470006784591,142.2,0.25881904510252074,0.9659258262890683,-2.4492935982947064e-16,1.0,0
,Starlink Group 6-36,2023-12-29T04:01:40+00:00,CCSFS,falcon_9,FLEW,,13.8,90,0.0,6,0,0,12900.0,4.7,14.6,0.0,8.8,3100.0,0.0,0.0,15.2,88,27.59509404408351,135.2,0.8660254037844386,0.5000000000000001,-2.4492935982947064e-16,1.0,0
,Ovzon-3,2024-01-03T23:04:00+00:00,CCSFS,falcon_9,FLEW,,17.0,69,0.0,3,17,0,24500.0,4.5,11.7,0.0,5.5,3720.0,0.0,40.0,14.6,7,30.261767021471105,115.0,-0.25881904510252157,0.9659258262890681,0.49999999999999994,0.8660254037844387,0
,Starlink Group 6-35,2024-01-07T22:35:40+00:00,CCSFS,falcon_9,FLEW,,16.7,73,0.0,0,0,85,22800.0,7.3,8.6,0.0,7.6,4100.0,0.0,0.0,10.1,0,23.085943870212223,100.6,-0.5000000000000004,0.8660254037844384,0.49999999999999994,0.8660254037844387,0
,Peregrine lunar lander (Maiden flight),2024-01-08T07:18:38+00:00,CCSFS,vulcan,FLEW,,13.6,69,0.0,4,0,97,24400.0,10.9,15.0,0.0,11.8,4040.0,0.0,0.0,17.1,4,22.867533440158024,103.0,0.9659258262890683,-0.25881904510252063,0.49999999999999994,0.8660254037844387,0
,Starlink Group 6-37,2024-01-15T01:52:00+00:00,CCSFS,falcon_9,FLEW,,15.8,90,0.0,100,0,0,14000.0,7.9,13.4,0.0,7.4,4120.0,0.0,0.0,13.4,100,23.9374027263944,89.1,0.25881904510252074,0.9659258262890683,0.49999999999999994,0.8660254037844387,0
,Axiom Space Mission 3,2024-01-18T21:49:11+00:00,KSC,falcon_9,FLEW,,20.9,89,0.0,8,0,97,17700.0,7.1,13.2,90.0,-0.4,4120.0,0.0,90.0,14.2,100,20.90636992105044,106.6,-0.7071067811865477,0.7071067811865474,0.49999999999999994,0.8660254037844387,0
,Starlink Group 6-38,2024-01-29T01:10:00+00:00,KSC,falcon_9,FLEW,,14.1,63,0.0,0,0,0,25600.0,9.5,24.9,0.0,14.0,4060.0,0.0,0.0,25.3,3,24.44518782491923,124.5,0.25881904510252074,0.9659258262890683,0.49999999999999994,0.8660254037844387,0
,Cygnus CRS-2 NG-20 (S.S. Patricia “Patty” Hilliard Robertson),2024-01-30T17:07:21+00:00,CCSFS,falcon_9,FLEW,,17.9,54,0.0,1,0,0,41300.0,5.3,7.0,0.0,13.3,3620.0,0.0,0.0,9.3,14,16.45124338903739,112.0,-0.9659258262890683,-0.25881904510252063,0.49999999999999994,0.8660254037844387,0
,"PACE (Plankton, Aerosol, Cloud, ocean Ecosystem)",2024-02-08T06:33:36+00:00,CCSFS,falcon_9,FLEW,,14.4,87,0.0,3,0,0,15000.0,8.8,14.8,10.0,9.2,3970.0,0.0,10.0,16.7,100,24.85450459596761,98.5,1.0,6.123233995736766e-17,0.8660254037844386,0.5000000000000001,0
,USSF-124,2024-02-14T22:30:00+00:00,CCSFS,falcon_9,FLEW,,17.8,72,0.0,0,0,0,22800.0,9.1,12.8,0.0,10.7,3910.0,0.0,0.0,15.4,5,23.044090872499964,80.5,-0.5000000000000004,0.8660254037844384,0.8660254037844386,0.5000000000000001,0
,Nova-C IM-1,2024-02-15T06:05:37+00:00,KSC,falcon_9,FLEW,,13.0,82,0.0,0,2,1,16100.0,2.6,9.3,0.0,10.2,3970.0,0.0,0.0,9.3,14,28.332820991652117,126.4,1.0,6.123233995736766e-17,0.8660254037844386,0.5000000000000001,0
,HTS-113BT (Merah Putih 2),2024-02-20T20:11:00+00:00,CCSFS,falcon_9,FLEW,,17.6,64,0.0,0,0,0,28200.0,14.3,19.2,0.0,3.9,2810.0,0.0,0.0,19.4,1,14.378062483443808,83.3,-0.8660254037844386,0.5000000000000001,0.8660254037844386,0.5000000000000001,0
,Starlink Group 6-39,2024-02-25T22:06:00+00:00,CCSFS,falcon_9,FLEW,,18.5,57,0.0,0,0,0,34100.0,8.0,9.7,0.0,8.1,3550.0,0.0,0.0,9.9,3,23.89578422855869,76.2,-0.5000000000000004,0.8660254037844384,0.8660254037844386,0.5000000000000001,0
,Starlink Group 6-40,2024-02-29T15:30:00+00:00,CCSFS,falcon_9,FLEW,,20.1,90,0.0,100,0,0,13400.0,9.9,11.7,0.0,1.1,4300.0,0.0,20.0,14.6,100,17.42324618695392,77.9,-0.7071067811865471,-0.7071067811865479,0.8660254037844386,0.5000000000000001,0
,Crew-8,2024-03-04T03:53:38+00:00,KSC,falcon_9,FLEW,,19.2,91,0.0,7,0,0,13500.0,2.3,2.3,390.0,-1.2,3420.0,0.0,560.0,8.4,99,11.685635557362778,77.8,0.7071067811865475,0.7071067811865476,1.0,6.123233995736766e-17,0
,Starlink Group 6-41,2024-03-04T23:56:00+00:00,CCSFS,falcon_9,FLEW,,20.3,91,0.0,6,0,0,13400.0,8.2,12.4,410.0,-1.1,3630.0,0.0,750.0,12.8,100,22.986506764099058,117.9,-0.25881904510252157,0.9659258262890681,1.0,6.123233995736766e-17,0
,Starlink Group 6-43,2024-03-10T23:05:00+00:00,CCSFS,falcon_9,FLEW,,20.0,76,0.0,0,0,0,19400.0,7.2,8.0,0.0,6.5,4700.0,0.0,0.0,12.4,11,22.099018835174636,90.8,-0.25881904510252157,0.9659258262890681,1.0,6.123233995736766e-17,0
,Starlink Group 6-44,2024-03-16T00:21:00+00:00,KSC,falcon_9,FLEW,,22.7,82,0.0,0,0,0,17000.0,6.3,11.9,950.0,-2.4,4350.0,0.0,950.0,15.4,2,20.92614567085411,68.1,0.0,1.0,1.0,6.123233995736766e-17,0
,Dragon CRS-2 SpX-30,2024-03-21T20:55:09+00:00,CCSFS,falcon_9,FLEW,,23.7,70,0.0,0,0,0,23600.0,10.0,11.1,220.0,-1.2,3640.0,0.0,600.0,12.2,18,18.279621414370276,103.1,-0.8660254037844386,0.5000000000000001,1.0,6.123233995736766e-17,0
,Starlink Group 6-42,2024-03-24T03:09:00+00:00,KSC,falcon_9,FLEW,,18.5,79,0.0,6,0,0,18200.0,4.6,17.1,180.0,0.5,3060.0,11.5,1770.0,17.7,100,10.849656246395046,42.2,0.7071067811865475,0.7071067811865476,1.0,6.123233995736766e-17,0
,Starlink Group 6-46,2024-03-25T23:42:00+00:00,CCSFS,falcon_9,FLEW,,21.3,68,0.0,68,0,0,24900.0,12.3,15.9,40.0,6.5,4610.0,0.0,70.0,18.9,100,15.201675263226862,81.8,-0.25881904510252157,0.9659258262890681,1.0,6.123233995736766e-17,0
,Eutelsat 36D,2024-03-30T21:52:00+00:00,KSC,falcon_9,FLEW,,24.5,42,0.0,12,24,20,45100.0,9.0,10.1,0.0,4.8,4200.0,0.0,0.0,12.6,12,18.97391530722453,54.5,-0.7071067811865477,0.7071067811865474,1.0,6.123233995736766e-17,0
,Starlink Group 6-45,2024-03-31T01:30:00+00:00,CCSFS,falcon_9,FLEW,,21.0,61,0.0,0,0,0,29400.0,8.2,14.0,0.0,2.7,4240.0,0.0,340.0,15.4,1,23.932765866916345,48.8,0.25881904510252074,0.9659258262890683,1.0,6.123233995736766e-17,0
,Starlink Group 6-47,2024-04-05T09:12:00+00:00,CCSFS,falcon_9,FLEW,,13.1,72,0.0,0,0,0,22500.0,6.9,17.3,0.0,12.3,3590.0,0.0,0.0,22.4,0,20.761009756617838,127.6,0.7071067811865476,-0.7071067811865475,0.8660254037844387,-0.4999999999999998,0
,Bandwagon 1 (Dedicated Mid-Inclination Rideshare),2024-04-07T23:16:57+00:00,KSC,falcon_9,FLEW,,20.6,52,0.0,0,0,0,34800.0,7.1,9.5,0.0,14.3,4630.0,0.0,10.0,10.3,93,15.851080038778342,72.2,-0.25881904510252157,0.9659258262890681,0.8660254037844387,-0.4999999999999998,0
,NROL-70,2024-04-09T16:53:00+00:00,CCSFS,delta_iv,FLEW,,24.6,62,0.0,40,0,90,28300.0,12.8,16.7,20.0,4.7,4930.0,0.0,20.0,20.4,43,23.783354545719984,73.5,-0.8660254037844384,-0.5000000000000004,0.8660254037844387,-0.4999999999999998,0
,Starlink Group 6-48,2024-04-10T05:40:00+00:00,CCSFS,falcon_9,FLEW,,20.9,72,0.0,11,0,8,22100.0,8.6,15.7,40.0,6.0,4910.0,0.0,70.0,18.9,31,18.889701243854308,69.1,0.9659258262890683,0.25881904510252074,0.8660254037844387,-0.4999999999999998,0
,Starlink Group 6-49,2024-04-13T01:40:00+00:00,CCSFS,falcon_9,FLEW,,20.0,56,0.0,0,0,0,34700.0,7.2,19.8,0.0,6.0,4280.0,0.0,0.0,22.4,1,19.566226207898186,110.6,0.25881904510252074,0.9659258262890683,0.8660254037844387,-0.4999999999999998,0
,Starlink Group 6-51,2024-04-17T21:26:00+00:00,KSC,falcon_9,FLEW,,26.6,58,0.0,11,0,0,29300.0,7.6,10.1,0.0,1.8,4630.0,0.0,0.0,12.1,11,22.452559913730642,65.1,-0.7071067811865477,0.7071067811865474,0.8660254037844387,-0.4999999999999998,0
,Starlink Group 6-52,2024-04-18T22:40:00+00:00,CCSFS,falcon_9,FLEW,,25.2,69,0.0,0,0,0,23600.0,9.1,10.3,50.0,-1.0,4250.0,0.0,360.0,12.2,5,24.781853380286712,77.7,-0.5000000000000004,0.8660254037844384,0.8660254037844387,-0.4999999999999998,0
,Starlink Group 6-53,2024-04-23T22:17:00+00:00,CCSFS,falcon_9,FLEW,,21.9,54,0.0,11,0,1,35200.0,6.1,6.8,0.0,6.3,3950.0,0.0,20.0,8.7,12,16.87467240503471,44.4,-0.5000000000000004,0.8660254037844384,0.8660254037844387,-0.4999999999999998,0
,Galileo L12 (FOC FM25 & FM27),2024-04-28T00:34:00+00:00,KSC,falcon_9,FLEW,,22.0,70,0.0,46,81,99,23000.0,10.8,18.3,140.0,1.0,4450.0,0.0,150.0,24.7,46,14.67962615110935,35.1,0.0,1.0,0.8660254037844387,-0.4999999999999998,0
,Starlink Group 6-54,2024-04-28T22:08:00+00:00,CCSFS,falcon_9,FLEW,,24.3,59,0.0,41,0,2,30400.0,13.1,15.7,50.0,2.6,4530.0,0.0,60.0,16.7,41,8.588111134527585,25.8,-0.5000000000000004,0.8660254037844384,0.8660254037844387,-0.4999999999999998,0
,Starlink Group 6-55,2024-05-03T02:37:00+00:00,CCSFS,falcon_9,FLEW,,23.1,81,0.0,1,0,0,17600.0,6.0,12.8,950.0,-3.0,4530.0,0.0,1190.0,12.8,2,14.063986695258464,22.2,0.49999999999999994,0.8660254037844387,0.49999999999999994,-0.8660254037844387,0
,Starlink Group 6-57,2024-05-06T18:14:00+00:00,CCSFS,falcon_9,FLEW,,28.4,62,0.0,0,0,0,28400.0,8.1,8.9,130.0,-0.6,4380.0,0.0,1070.0,12.6,42,14.215465427927203,30.7,-1.0,-1.8369701987210297e-16,0.49999999999999994,-0.8660254037844387,0
,Starlink Group 6-56,2024-05-08T18:42:00+00:00,KSC,falcon_9,FLEW,,34.4,45,0.0,43,0,0,40800.0,2.3,3.1,1010.0,-2.5,4880.0,0.0,2090.0,13.0,43,24.206593423525703,67.0,-1.0,-1.8369701987210297e-16,0.49999999999999994,-0.8660254037844387,0
,Starlink Group 6-58,2024-05-13T00:53:00+00:00,CCSFS,falcon_9,FLEW,,24.5,69,0.0,2,0,0,23800.0,7.4,9.3,150.0,-1.6,4350.0,0.0,360.0,9.3,24,16.213041299369667,69.4,0.0,1.0,0.49999999999999994,-0.8660254037844387,0
,Starlink Group 6-59,2024-05-18T00:32:00+00:00,CCSFS,falcon_9,FLEW,,25.3,87,0.0,0,0,0,15100.0,6.5,9.5,1930.0,-4.8,4720.0,0.0,2070.0,12.1,4,25.19928265787428,48.7,0.0,1.0,0.49999999999999994,-0.8660254037844387,0
,Starlink Group 6-62,2024-05-23T02:35:00+00:00,CCSFS,falcon_9,FLEW,,24.9,69,0.0,0,0,0,23700.0,9.1,14.4,200.0,-0.3,5000.0,0.0,330.0,14.4,0,14.249009878876368,41.0,0.49999999999999994,0.8660254037844387,0.49999999999999994,-0.8660254037844387,0
,Starlink Group 6-63,2024-05-24T02:45:00+00:00,KSC,falcon_9,FLEW,,24.0,72,0.0,0,0,0,21600.0,3.2,7.6,140.0,-1.1,4770.0,0.0,280.0,9.5,0,24.479257122107356,15.7,0.49999999999999994,0.8660254037844387,0.49999999999999994,-0.8660254037844387,0
,Starlink Group 6-60,2024-05-28T14:24:00+00:00,CCSFS,falcon_9,FLEW,,30.7,61,0.0,2,0,0,28400.0,6.1,9.1,1710.0,-6.3,4730.0,0.0,2310.0,9.7,39,19.118567859629135,49.0,-0.4999999999999997,-0.8660254037844388,0.49999999999999994,-0.8660254037844387,0
,Starlink Group 6-64,2024-06-01T02:37:00+00:00,CCSFS,falcon_9,FLEW,,27.1,53,0.0,0,0,0,35900.0,14.1,17.7,90.0,-1.2,4190.0,0.0,330.0,19.6,1,10.55478277682885,26.4,0.49999999999999994,0.8660254037844387,1.2246467991473532e-16,-1.0,0
,Starlink Group 8-5,2024-06-05T02:16:00+00:00,CCSFS,falcon_9,FLEW,,25.9,74,0.0,0,0,0,20700.0,10.5,13.8,1310.0,-3.4,4730.0,0.0,1320.0,13.8,19,14.76942565956218,13.3,0.49999999999999994,0.8660254037844387,1.2246467991473532e-16,-1.0,0
,CST-100 Starliner Crewed Flight Test,2024-06-05T14:52:15+00:00,CCSFS,atlas_v,FLEW,,28.8,75,0.0,30,0,0,19900.0,7.3,7.8,1930.0,-5.7,4830.0,0.0,1930.0,8.2,52,14.981570147146474,0.6,-0.4999999999999997,-0.8660254037844388,1.2246467991473532e-16,-1.0,0
,Starlink Group 10-1,2024-06-08T01:56:00+00:00,CCSFS,falcon_9,FLEW,,27.1,78,0.0,0,24,0,18800.0,7.7,16.3,2100.0,-6.8,4660.0,0.0,3080.0,18.7,19,15.890857903439171,33.6,0.25881904510252074,0.9659258262890683,1.2246467991473532e-16,-1.0,0
,Astra 1P/SES-24,2024-06-20T21:35:00+00:00,CCSFS,falcon_9,FLEW,,29.4,71,0.0,37,0,0,23000.0,13.1,15.9,1100.0,-3.6,4990.0,0.0,1660.0,19.0,42,9.70498759971078,35.8,-0.7071067811865477,0.7071067811865474,1.2246467991473532e-16,-1.0,0
,Starlink Group 10-2,2024-06-23T17:15:00+00:00,CCSFS,falcon_9,FLEW,,30.1,77,0.0,16,43,62,19000.0,11.7,12.6,2130.0,-6.9,4630.0,0.0,2320.0,12.6,90,13.976209494082656,20.7,-0.9659258262890683,-0.25881904510252063,1.2246467991473532e-16,-1.0,0
,GOES-U,2024-06-25T21:26:00+00:00,KSC,falcon_heavy,FLEW,,32.7,60,0.0,4,0,93,28400.0,9.0,10.5,2460.0,-7.0,4890.0,0.0,2460.0,10.5,9,8.708883317881464,31.4,-0.7071067811865477,0.7071067811865474,1.2246467991473532e-16,-1.0,0
,Starlink Group 10-3,2024-06-27T11:14:00+00:00,CCSFS,falcon_9,FLEW,,25.0,90,0.0,2,8,0,13200.0,5.6,13.4,2290.0,-6.4,4870.0,0.0,2740.0,14.2,17,11.36602182432135,13.6,0.258819045102521,-0.9659258262890682,1.2246467991473532e-16,-1.0,0
,Starlink Group 8-9,2024-07-03T08:55:00+00:00,CCSFS,falcon_9,FLEW,,26.2,82,0.0,4,0,0,17000.0,1.1,4.9,1470.0,-3.2,5110.0,0.0,2050.0,7.6,50,8.80583531889404,43.1,0.8660254037844387,-0.4999999999999998,-0.4999999999999997,-0.8660254037844388,0
,Türksat 6A,2024-07-08T23:30:00+00:00,CCSFS,falcon_9,FLEW,,29.0,69,0.0,100,0,3,23200.0,6.2,7.8,1530.0,-4.9,5000.0,0.0,4160.0,22.5,100,10.178891453942319,25.0,-0.25881904510252157,0.9659258262890681,-0.4999999999999997,-0.8660254037844388,0
,Starlink Group 10-9,2024-07-27T05:45:00+00:00,KSC,falcon_9,FLEW,,25.9,88,0.0,0,27,0,14500.0,2.5,5.8,1350.0,-4.4,4850.0,0.0,1800.0,5.8,24,12.21578918753218,16.2,0.9659258262890683,0.25881904510252074,-0.4999999999999997,-0.8660254037844388,0
,Starlink Group 10-4,2024-07-28T05:09:00+00:00,CCSFS,falcon_9,FLEW,,25.9,79,0.0,0,9,99,18400.0,1.5,2.9,860.0,-3.2,4930.0,0.0,1440.0,5.8,0,10.551497103105724,15.0,0.9659258262890683,0.25881904510252074,-0.4999999999999997,-0.8660254037844388,0
,USSF-51,2024-07-30T10:45:00+00:00,CCSFS,atlas_v,FLEW,,24.7,86,0.0,0,0,26,14000.0,2.1,4.9,2000.0,-5.7,4770.0,0.0,3530.0,4.9,3,7.910199260249248,12.5,0.49999999999999994,-0.8660254037844387,-0.4999999999999997,-0.8660254037844388,0
,Starlink Group 10-6,2024-08-02T05:01:00+00:00,KSC,falcon_9,FLEW,,26.8,84,0.0,14,0,0,16000.0,2.6,9.1,1930.0,-5.4,4790.0,0.0,3180.0,11.7,14,7.860341677449066,9.2,0.9659258262890683,0.25881904510252074,-0.8660254037844384,-0.5000000000000004,0
,Cygnus CRS-2 NG-21 (S.S. Francis R. “Dick” Scobee),2024-08-04T15:02:53+00:00,CCSFS,falcon_9,FLEW,,30.6,78,0.0,61,11,10,18300.0,13.2,22.9,3550.0,-7.8,4850.0,0.0,4040.0,23.7,61,16.954425776381452,8.8,-0.7071067811865471,-0.7071067811865479,-0.8660254037844384,-0.5000000000000004,0
,Starlink Group 8-3,2024-08-10T12:50:00+00:00,CCSFS,falcon_9,FLEW,,26.4,95,0.0,1,3,50,12300.0,3.3,8.7,2570.0,-6.9,4970.0,0.0,3250.0,10.5,5,7.5441077750300405,5.5,1.2246467991473532e-16,-1.0,-0.8660254037844384,-0.5000000000000004,0
,Starlink Group 10-7,2024-08-12T10:37:00+00:00,KSC,falcon_9,FLEW,,24.0,93,0.0,3,0,0,12600.0,1.7,6.8,790.0,-3.2,4910.0,0.0,1640.0,11.7,50,14.268205854598655,13.4,0.49999999999999994,-0.8660254037844387,-0.8660254037844384,-0.5000000000000004,0
,WorldView Legion 3 & 4,2024-08-15T13:00:00+00:00,CCSFS,falcon_9,FLEW,,28.8,83,0.0,5,0,0,16400.0,3.0,3.3,2520.0,-5.3,5190.0,0.0,2900.0,9.9,39,7.299652892766287,4.1,-0.2588190451025208,-0.9659258262890683,-0.8660254037844384,-0.5000000000000004,0
,Starlink Group 10-5,2024-08-20T13:20:00+00:00,CCSFS,falcon_9,FLEW,,29.3,77,0.0,5,0,0,18800.0,8.6,16.3,2320.0,-6.1,4990.0,0.0,2570.0,16.3,30,12.92958186567853,31.8,-0.2588190451025208,-0.9659258262890683,-0.8660254037844384,-0.5000000000000004,0
,Starlink Group 8-6,2024-08-28T07:48:00+00:00,CCSFS,falcon_9,FLEW,,27.2,82,0.0,0,0,0,17200.0,4.9,9.3,3350.0,-8.0,4750.0,0.0,3640.0,11.5,2,8.052737321436158,24.7,0.9659258262890683,-0.25881904510252063,-0.8660254037844384,-0.5000000000000004,0
,Starlink Group 8-10,2024-08-31T07:43:00+00:00,CCSFS,falcon_9,FLEW,,26.1,79,0.0,2,0,0,18600.0,7.2,10.1,2230.0,-6.2,4820.0,0.0,2260.0,12.1,2,7.938116031443895,24.0,0.9659258262890683,-0.25881904510252063,-0.8660254037844384,-0.5000000000000004,0
,Starlink Group 8-11,2024-09-05T15:33:00+00:00,CCSFS,falcon_9,FLEW,,28.8,88,0.0,38,78,49,15100.0,3.5,4.9,2750.0,-6.5,4930.0,0.0,4280.0,8.7,55,7.2125569175451965,18.0,-0.7071067811865471,-0.7071067811865479,-1.0,-1.8369701987210297e-16,0
,Polaris Dawn,2024-09-10T09:23:49+00:00,KSC,falcon_9,FLEW,,24.6,94,8.3,20,0,52,12500.0,2.5,4.3,1030.0,-3.5,5010.0,8.3,1550.0,9.9,100,19.073785371736633,37.9,0.7071067811865476,-0.7071067811865475,-1.0,-1.8369701987210297e-16,0
,BlueBird Block 1,2024-09-12T08:52:00+00:00,CCSFS,falcon_9,FLEW,,25.7,91,0.0,100,0,78,13000.0,8.6,14.0,1860.0,-4.5,5300.0,0.0,1860.0,16.3,100,18.083239766417144,38.4,0.8660254037844387,-0.4999999999999998,-1.0,-1.8369701987210297e-16,0
,Galileo L13 (FOC FM26 & FM32),2024-09-17T22:50:49+00:00,CCSFS,falcon_9,FLEW,,29.3,72,0.0,25,0,0,22800.0,8.7,9.9,2480.0,-6.3,4650.0,0.0,2540.0,10.9,88,20.443388043972934,22.7,-0.5000000000000004,0.8660254037844384,-1.0,-1.8369701987210297e-16,0
,Crew-9,2024-09-28T17:17:21+00:00,CCSFS,falcon_9,FLEW,,30.1,83,0.0,100,69,0,17300.0,10.3,18.3,3270.0,-6.9,5380.0,0.0,3270.0,18.3,100,12.253375944462158,23.4,-0.9659258262890683,-0.25881904510252063,-1.0,-1.8369701987210297e-16,0
,Certification Flight 2,2024-10-04T11:25:00+00:00,CCSFS,vulcan,FLEW,,26.0,75,0.0,50,0,0,20500.0,6.2,9.5,1120.0,-3.0,5040.0,0.0,1510.0,10.7,50,11.807105891070709,26.2,0.258819045102521,-0.9659258262890682,-0.8660254037844386,0.5000000000000001,0
,Hera,2024-10-07T14:52:11+00:00,CCSFS,falcon_9,FLEW,,23.6,81,0.0,100,100,0,18100.0,8.7,12.6,180.0,-1.2,4730.0,0.7,720.0,22.5,100,13.509066179838902,59.9,-0.4999999999999997,-0.8660254037844388,-0.8660254037844386,0.5000000000000001,0
,Europa Clipper,2024-10-14T16:06:00+00:00,KSC,falcon_heavy,FLEW,,26.8,72,0.0,1,0,0,23100.0,5.6,9.5,630.0,-2.3,4600.0,0.0,780.0,13.6,50,12.232043898719542,68.0,-0.8660254037844384,-0.5000000000000004,-0.8660254037844386,0.5000000000000001,0
,Starlink Group 10-10,2024-10-15T06:10:00+00:00,CCSFS,falcon_9,FLEW,,20.4,79,0.0,0,0,0,18800.0,6.5,16.9,0.0,2.6,4390.0,0.0,180.0,18.9,3,15.137673674421654,73.0,1.0,6.123233995736766e-17,-0.8660254037844386,0.5000000000000001,0
,Starlink Group 8-19,2024-10-18T23:31:00+00:00,CCSFS,falcon_9,FLEW,,24.9,57,0.0,10,0,2,33300.0,15.3,20.8,90.0,4.1,4970.0,0.0,90.0,26.0,10,23.52234696312056,67.5,-0.25881904510252157,0.9659258262890681,-0.8660254037844386,0.5000000000000001,0
,Starlink Group 6-61,2024-10-23T21:47:00+00:00,CCSFS,falcon_9,FLEW,,26.1,76,0.0,0,0,0,21000.0,11.9,17.9,1040.0,-3.4,4680.0,0.0,1440.0,18.5,98,14.291906445134599,67.4,-0.7071067811865477,0.7071067811865474,-0.8660254037844386,0.5000000000000001,0
,Starlink Group 10-8,2024-10-26T21:47:00+00:00,CCSFS,falcon_9,FLEW,,26.3,68,0.0,0,0,12,24500.0,8.1,9.9,450.0,-1.7,4830.0,0.0,680.0,12.2,13,21.321856356947965,85.2,-0.7071067811865477,0.7071067811865474,-0.8660254037844386,0.5000000000000001,0
,Starlink Group 10-13,2024-10-30T21:10:00+00:00,CCSFS,falcon_9,FLEW,,27.5,64,0.0,37,0,0,27100.0,17.3,22.7,280.0,-1.0,4650.0,0.0,1270.0,22.7,39,11.749452834279715,16.8,-0.7071067811865477,0.7071067811865474,-0.8660254037844386,0.5000000000000001,0
,Dragon CRS-2 SpX-31,2024-11-05T02:29:31+00:00,KSC,falcon_9,FLEW,,23.5,84,0.0,6,0,0,16000.0,5.9,23.1,290.0,-1.0,5180.0,0.0,290.0,25.7,100,8.915209601658951,9.7,0.49999999999999994,0.8660254037844387,-0.5000000000000004,0.8660254037844384,0
,Starlink Group 6-77,2024-11-07T20:19:00+00:00,CCSFS,falcon_9,FLEW,,27.8,77,0.0,21,0,16,19800.0,10.1,14.2,580.0,-3.0,5000.0,0.0,1110.0,16.1,83,14.053782576530372,28.5,-0.8660254037844386,0.5000000000000001,-0.5000000000000004,0.8660254037844384,0
,Koreasat 6A,2024-11-11T17:22:00+00:00,KSC,falcon_9,FLEW,,28.4,69,0.0,46,0,0,23200.0,4.7,5.1,420.0,-2.3,4970.0,0.0,540.0,8.6,46,15.544958825482373,42.8,-0.9659258262890683,-0.25881904510252063,-0.5000000000000004,0.8660254037844384,0
,Starlink Group 6-69,2024-11-11T21:28:00+00:00,CCSFS,falcon_9,FLEW,,27.2,77,0.0,2,0,0,19600.0,5.1,6.6,690.0,-2.3,4980.0,0.0,1690.0,10.3,13,9.39619560566634,41.7,-0.7071067811865477,0.7071067811865474,-0.5000000000000004,0.8660254037844384,0
,Starlink Group 6-68,2024-11-14T13:21:00+00:00,CCSFS,falcon_9,FLEW,,23.6,63,0.0,93,8,0,28200.0,7.4,10.5,50.0,2.3,4680.0,0.0,50.0,17.3,93,14.043393421498063,55.0,-0.2588190451025208,-0.9659258262890683,-0.5000000000000004,0.8660254037844384,0
,Optus-X/TD7,2024-11-17T22:28:00+00:00,KSC,falcon_9,FLEW,,22.7,64,0.0,100,0,0,26500.0,3.7,8.6,40.0,4.4,4850.0,0.0,40.0,11.7,100,8.456877427241988,39.4,-0.5000000000000004,0.8660254037844384,-0.5000000000000004,0.8660254037844384,0
,GSAT-20 (GSAT-N2),2024-11-18T18:31:00+00:00,CCSFS,falcon_9,FLEW,,25.0,56,0.0,43,0,0,34000.0,2.2,5.1,10.0,7.2,4890.0,0.0,60.0,8.0,100,7.878094670545461,29.2,-1.0,-1.8369701987210297e-16,-0.5000000000000004,0.8660254037844384,0
,Starlink Group 6-66,2024-11-21T16:07:50+00:00,CCSFS,falcon_9,FLEW,,17.9,64,0.0,8,0,0,27600.0,14.0,17.7,0.0,12.1,4350.0,0.0,0.0,18.7,8,29.303977985994035,78.3,-0.8660254037844384,-0.5000000000000004,-0.5000000000000004,0.8660254037844384,0
,Starlink Group 12-1,2024-11-25T10:02:20+00:00,CCSFS,falcon_9,FLEW,,11.9,77,0.0,6,0,0,16900.0,3.3,4.3,0.0,10.3,4130.0,0.0,0.0,8.6,15,24.630269987475536,55.0,0.49999999999999994,-0.8660254037844387,-0.5000000000000004,0.8660254037844384,0
,Starlink Group 6-76,2024-11-27T04:41:30+00:00,KSC,falcon_9,FLEW,,14.4,92,0.0,53,0,0,12200.0,3.6,6.6,0.0,8.3,4390.0,0.0,0.0,7.2,53,13.28550645514732,71.4,0.8660254037844386,0.5000000000000001,-0.5000000000000004,0.8660254037844384,0
,Starlink Group 6-65,2024-11-30T05:00:00+00:00,CCSFS,falcon_9,FLEW,,15.7,85,0.0,100,0,0,15200.0,12.8,17.7,0.0,6.7,3930.0,0.0,20.0,20.4,100,28.72539701797153,105.4,0.9659258262890683,0.25881904510252074,-0.5000000000000004,0.8660254037844384,0
,Starlink Group 6-70,2024-12-04T10:13:10+00:00,CCSFS,falcon_9,FLEW,,11.2,72,0.0,15,0,0,21700.0,6.2,12.6,0.0,15.1,3910.0,0.0,0.0,15.6,41,17.228233310243557,112.2,0.49999999999999994,-0.8660254037844387,-2.4492935982947064e-16,1.0,0
,Sirius SXM-9,2024-12-05T16:10:00+00:00,KSC,falcon_9,FLEW,,19.8,60,0.0,1,0,0,29200.0,8.2,15.4,0.0,8.7,4050.0,0.0,0.0,15.4,2,13.191454210714546,90.9,-0.8660254037844384,-0.5000000000000004,-2.4492935982947064e-16,1.0,0
,Starlink Group 12-5,2024-12-08T05:12:30+00:00,CCSFS,falcon_9,FLEW,,13.1,80,0.0,3,0,0,17700.0,3.6,7.2,0.0,12.9,4520.0,0.0,0.0,8.9,48,24.88627165746235,101.2,0.9659258262890683,0.25881904510252074,-2.4492935982947064e-16,1.0,0
,GPS III SV07 (RRT-1),2024-12-17T00:52:00+00:00,CCSFS,falcon_9,FLEW,,21.6,92,0.0,27,13,21,13200.0,4.5,10.7,1690.0,-3.9,4240.0,11.2,1930.0,18.9,100,18.873602366437293,9.2,0.0,1.0,-2.4492935982947064e-16,1.0,0
,O3b mPower 7 & 8,2024-12-17T22:26:00+00:00,KSC,falcon_9,FLEW,,22.7,91,0.0,37,56,0,13300.0,7.2,16.5,1640.0,-6.5,4070.0,0.0,2530.0,16.5,81,14.663899694748839,48.7,-0.5000000000000004,0.8660254037844384,-2.4492935982947064e-16,1.0,0
,Starlink Group 12-2,2024-12-23T05:35:30+00:00,KSC,falcon_9,FLEW,,16.5,83,0.0,25,0,0,15900.0,4.4,17.3,80.0,3.6,4100.0,0.0,80.0,19.2,25,17.59010020945606,65.6,0.9659258262890683,0.25881904510252074,-2.4492935982947064e-16,1.0,0
,Astranis: From One to Many (4x Astranis MicroGEO),2024-12-29T05:00:00+00:00,CCSFS,falcon_9,FLEW,,21.2,85,0.0,3,13,98,15700.0,12.7,24.7,490.0,-2.3,4040.0,0.0,520.0,24.7,16,14.770559962100252,66.4,0.9659258262890683,0.25881904510252074,-2.4492935982947064e-16,1.0,0
,Starlink Group 12-6,2024-12-31T05:39:10+00:00,KSC,falcon_9,FLEW,,18.0,95,0.0,11,0,0,12200.0,0.6,3.1,70.0,1.3,4070.0,0.0,130.0,10.1,100,14.629123060241392,68.7,0.9659258262890683,0.25881904510252074,-2.4492935982947064e-16,1.0,0
,Thuraya 4-NGS,2025-01-04T01:27:00+00:00,CCSFS,falcon_9,FLEW,,13.0,48,0.0,0,0,0,41200.0,6.2,14.6,0.0,16.5,4130.0,0.0,0.0,18.5,0,19.048823572849063,105.1,0.25881904510252074,0.9659258262890683,0.49999999999999994,0.8660254037844387,0
,Starlink Group 6-71,2025-01-06T20:43:59+00:00,CCSFS,falcon_9,FLEW,,25.2,58,0.0,55,0,0,31700.0,14.2,23.9,100.0,-0.2,4010.0,0.0,330.0,24.9,93,31.74327060159658,99.2,-0.8660254037844386,0.5000000000000001,0.49999999999999994,0.8660254037844387,0
,Starlink Group 12-11,2025-01-08T15:27:00+00:00,KSC,falcon_9,FLEW,,12.1,67,0.0,12,1,0,24100.0,9.0,15.2,0.0,15.8,3590.0,0.0,0.0,16.5,12,24.29172026852689,114.8,-0.7071067811865471,-0.7071067811865479,0.49999999999999994,0.8660254037844387,0
,Starlink Group 12-12,2025-01-10T19:11:20+00:00,CCSFS,falcon_9,FLEW,,20.1,61,0.0,7,0,0,29700.0,8.1,10.1,10.0,11.7,4310.0,0.0,20.0,14.2,54,19.412670912031132,84.3,-0.9659258262890684,0.2588190451025203,0.49999999999999994,0.8660254037844387,0
,Starlink Group 12-4,2025-01-13T16:47:09+00:00,CCSFS,falcon_9,FLEW,,18.7,66,0.0,85,0,0,26400.0,9.1,10.5,0.0,13.3,4480.0,0.0,0.0,13.2,99,32.45755347508632,82.6,-0.8660254037844384,-0.5000000000000004,0.49999999999999994,0.8660254037844387,0
,Blue Ghost Lunar Lander Mission 1 & Hakuto-R M2 “Resilience”,2025-01-15T06:11:39+00:00,KSC,falcon_9,FLEW,,10.3,68,0.0,0,0,0,24200.0,4.5,16.1,0.0,17.5,4250.0,0.0,0.0,20.6,1,22.735465888302837,97.8,1.0,6.123233995736766e-17,0.49999999999999994,0.8660254037844387,0
,Maiden Flight,2025-01-16T07:03:00+00:00,CCSFS,new_glenn,FLEW,,10.6,76,0.0,0,3,4,19800.0,5.0,10.3,0.0,15.0,3240.0,0.0,0.0,11.7,0,18.42698372994438,111.9,0.9659258262890683,-0.25881904510252063,0.49999999999999994,0.8660254037844387,0
,Starlink Group 13-1,2025-01-21T05:24:50+00:00,KSC,falcon_9,FLEW,,9.1,75,0.0,4,0,5,19200.0,5.1,14.0,0.0,16.5,4050.0,0.0,0.0,15.2,4,41.619810337491984,96.5,0.9659258262890683,0.25881904510252074,0.49999999999999994,0.8660254037844387,0
,Starlink Group 12-7,2025-01-27T22:05:00+00:00,CCSFS,falcon_9,FLEW,,20.6,56,0.0,2,68,65,34500.0,6.2,9.3,0.0,5.9,4010.0,0.0,0.0,9.3,10,25.023265590626963,103.6,-0.5000000000000004,0.8660254037844384,0.49999999999999994,0.8660254037844387,0
,SpainSat NG I,2025-01-30T01:34:00+00:00,KSC,falcon_9,FLEW,,16.6,68,0.0,0,0,6,24200.0,4.1,7.6,0.0,8.4,4210.0,0.0,0.0,10.9,1,17.584136186204546,96.0,0.25881904510252074,0.9659258262890683,0.49999999999999994,0.8660254037844387,0
,Starlink Group 12-3,2025-02-04T10:15:00+00:00,CCSFS,falcon_9,FLEW,,19.4,97,0.0,100,0,0,700.0,1.8,5.8,1440.0,0.5,3980.0,0.0,1910.0,6.8,100,9.886894230255,60.9,0.49999999999999994,-0.8660254037844387,0.8660254037844386,0.5000000000000001,0
,WorldView Legion 5 & 6,2025-02-04T23:13:00+00:00,KSC,falcon_9,FLEW,,21.7,89,0.0,6,0,0,900.0,4.1,7.4,210.0,-0.8,4260.0,0.0,1330.0,7.4,100,26.339924459386655,51.3,-0.25881904510252157,0.9659258262890681,0.8660254037844386,0.5000000000000001,0
,Starlink Group 12-9,2025-02-08T19:18:30+00:00,CCSFS,falcon_9,FLEW,,25.8,69,0.0,3,0,0,24600.0,8.7,10.5,20.0,1.1,4400.0,0.0,80.0,14.2,31,10.40550256463957,40.7,-0.9659258262890684,0.2588190451025203,0.8660254037844386,0.5000000000000001,0
,Starlink Group 12-18,2025-02-11T18:53:20+00:00,CCSFS,falcon_9,FLEW,,25.0,81,0.0,46,0,0,18300.0,10.0,14.2,590.0,-0.6,3980.0,0.0,870.0,15.2,63,8.35078142424003,36.5,-1.0,-1.8369701987210297e-16,0.8660254037844386,0.5000000000000001,0
,Starlink Group 12-8,2025-02-15T06:14:10+00:00,CCSFS,falcon_9,FLEW,,21.5,87,0.0,89,5,0,14800.0,10.5,18.5,570.0,-1.1,4100.0,0.0,800.0,22.5,100,17.18784741088568,60.2,1.0,6.123233995736766e-17,0.8660254037844386,0.5000000000000001,0
,Starlink Group 10-12,2025-02-18T23:21:50+00:00,CCSFS,falcon_9,FLEW,,20.3,74,0.0,100,0,0,21200.0,8.0,10.1,90.0,3.8,4310.0,0.0,90.0,12.8,100,23.64284547947028,90.1,-0.25881904510252157,0.9659258262890681,0.8660254037844386,0.5000000000000001,0
,Starlink Group 12-14,2025-02-21T15:19:00+00:00,CCSFS,falcon_9,FLEW,,15.9,67,0.0,14,0,0,25400.0,17.6,21.6,0.0,12.9,4070.0,0.0,10.0,22.4,38,24.07867503487468,101.4,-0.7071067811865471,-0.7071067811865479,0.8660254037844386,0.5000000000000001,0
,Nova-C IM-2 & Others,2025-02-27T00:16:30+00:00,KSC,falcon_9,FLEW,,19.1,61,0.0,0,0,0,28800.0,3.8,7.8,0.0,4.7,3880.0,0.0,0.0,9.9,10,16.18621063567322,38.6,0.0,1.0,0.8660254037844386,0.5000000000000001,0
,Starlink Group 12-13,2025-02-27T03:34:20+00:00,CCSFS,falcon_9,FLEW,,17.5,78,0.0,0,0,0,17900.0,0.6,2.7,80.0,0.9,3870.0,0.0,100.0,6.2,1,20.65667803878555,52.2,0.7071067811865475,0.7071067811865476,0.8660254037844386,0.5000000000000001,0
,Starlink Group 12-20,2025-03-03T02:24:00+00:00,CCSFS,falcon_9,FLEW,,16.2,70,0.0,0,0,0,23200.0,15.2,21.0,0.0,6.4,3950.0,0.0,0.0,21.0,0,21.11311405479669,85.7,0.49999999999999994,0.8660254037844387,1.0,6.123233995736766e-17,0
,Starlink Group 12-21,2025-03-13T02:35:30+00:00,CCSFS,falcon_9,FLEW,,19.3,67,0.0,0,0,0,24800.0,7.6,18.1,0.0,5.1,4330.0,0.0,0.0,18.1,0,40.75718216481211,115.4,0.49999999999999994,0.8660254037844387,1.0,6.123233995736766e-17,0
,Crew-10,2025-03-14T23:03:48+00:00,KSC,falcon_9,FLEW,,23.5,69,0.0,0,0,9,22800.0,4.7,7.6,140.0,0.9,4320.0,0.0,170.0,15.6,11,17.483866975472534,93.5,-0.25881904510252157,0.9659258262890681,1.0,6.123233995736766e-17,0
,Starlink Group 12-16,2025-03-15T11:35:10+00:00,CCSFS,falcon_9,FLEW,,19.8,83,0.0,1,0,1,15400.0,7.2,16.9,150.0,-0.4,4310.0,0.0,350.0,19.8,5,16.03674098463648,94.7,0.258819045102521,-0.9659258262890682,1.0,6.123233995736766e-17,0
,Starlink Group 12-25,2025-03-18T19:57:50+00:00,CCSFS,falcon_9,FLEW,,21.0,55,0.0,3,0,0,33900.0,12.9,15.6,0.0,8.9,3830.0,0.0,0.0,15.9,7,15.7535695987306,79.7,-0.9659258262890684,0.2588190451025203,1.0,6.123233995736766e-17,0
,NROL-69,2025-03-24T17:48:00+00:00,CCSFS,falcon_9,FLEW,,27.8,57,0.0,27,0,0,32800.0,8.9,10.3,890.0,-4.5,4090.0,0.0,1560.0,12.6,27,12.424088434408244,49.3,-0.9659258262890683,-0.25881904510252063,1.0,6.123233995736766e-17,0
,Starlink Group 6-80,2025-03-31T19:52:50+00:00,CCSFS,falcon_9,FLEW,,28.5,70,0.0,4,0,0,24900.0,6.8,9.5,2810.0,-7.1,3950.0,0.0,3020.0,14.0,12,16.228179029222787,31.7,-0.9659258262890684,0.2588190451025203,1.0,6.123233995736766e-17,0
,Fram2,2025-04-01T01:46:50+00:00,KSC,falcon_9,FLEW,,22.2,88,0.0,3,0,96,15200.0,5.4,9.5,690.0,-2.4,4070.0,63.0,1730.0,13.8,100,27.015594630312773,27.3,0.25881904510252074,0.9659258262890683,0.8660254037844387,-0.4999999999999998,0
,Starlink Group 6-72,2025-04-06T03:07:20+00:00,CCSFS,falcon_9,FLEW,,23.2,83,0.0,0,0,50,16500.0,10.9,22.0,300.0,0.1,4880.0,0.0,810.0,23.3,0,18.11018928034625,8.4,0.7071067811865475,0.7071067811865476,0.8660254037844387,-0.4999999999999998,0
,Starlink Group 12-17,2025-04-13T00:53:30+00:00,KSC,falcon_9,FLEW,,18.7,57,0.0,1,0,0,31500.0,5.5,13.8,10.0,4.1,3080.0,0.0,30.0,13.8,2,21.741251722776152,75.8,0.0,1.0,0.8660254037844387,-0.4999999999999998,0
,Starlink Group 6-73,2025-04-14T04:00:10+00:00,CCSFS,falcon_9,FLEW,,16.8,53,0.0,0,0,0,35500.0,2.1,3.5,0.0,9.0,4330.0,0.0,0.0,6.2,0,25.249899610148802,22.1,0.8660254037844386,0.5000000000000001,0.8660254037844387,-0.4999999999999998,0
,Dragon CRS-2 SpX-32,2025-04-21T08:15:45+00:00,KSC,falcon_9,FLEW,,19.1,78,0.0,0,0,23,17900.0,3.8,16.1,0.0,2.7,4740.0,0.0,0.0,16.1,0,12.501108818473638,25.0,0.8660254037844387,-0.4999999999999998,0.8660254037844387,-0.4999999999999998,0
,Bandwagon 3 (Dedicated Mid-Inclination Rideshare),2025-04-22T00:48:34+00:00,CCSFS,falcon_9,FLEW,,22.9,73,0.0,2,0,48,21400.0,7.7,11.9,100.0,0.0,4280.0,0.0,100.0,17.1,11,18.72187654325335,24.8,0.0,1.0,0.8660254037844387,-0.4999999999999998,0
,Starlink Group 6-74,2025-04-25T01:52:40+00:00,CCSFS,falcon_9,FLEW,,22.7,68,0.0,44,0,29,24400.0,9.0,12.8,560.0,-3.3,3970.0,0.0,620.0,14.2,44,11.931678826579732,20.3,0.25881904510252074,0.9659258262890683,0.8660254037844387,-0.4999999999999998,0
,Starlink Group 12-23,2025-04-28T02:09:40+00:00,CCSFS,falcon_9,FLEW,,22.6,81,0.0,1,0,0,17300.0,7.2,11.5,1180.0,-3.4,3940.0,0.0,1570.0,14.2,1,15.992944653001274,28.1,0.49999999999999994,0.8660254037844387,0.8660254037844387,-0.4999999999999998,0
,Amazon Leo (KA-01),2025-04-28T23:01:00+00:00,CCSFS,atlas_v,FLEW,,25.3,76,0.0,0,0,0,19400.0,10.0,13.6,1740.0,-5.2,3820.0,0.0,2580.0,14.0,20,10.802257604827375,31.5,-0.25881904510252157,0.9659258262890681,0.8660254037844387,-0.4999999999999998,0
,Starlink Group 12-10,2025-04-29T02:34:10+00:00,KSC,falcon_9,FLEW,,23.3,84,0.0,21,0,0,16100.0,4.3,15.6,1650.0,-5.4,3800.0,0.0,1920.0,15.6,100,14.820484665660393,31.6,0.49999999999999994,0.8660254037844387,0.8660254037844387,-0.4999999999999998,0
,Starlink Group 6-75,2025-05-02T01:51:10+00:00,CCSFS,falcon_9,FLEW,,23.1,58,0.0,0,0,83,31300.0,9.6,12.8,0.0,2.1,4670.0,0.0,260.0,15.6,50,13.647974519926207,18.0,0.25881904510252074,0.9659258262890683,0.49999999999999994,-0.8660254037844387,0
,Starlink Group 6-84,2025-05-04T08:54:40+00:00,KSC,falcon_9,FLEW,,21.7,84,0.0,0,0,2,15900.0,5.5,21.4,1080.0,-4.0,4070.0,0.0,1200.0,25.3,16,16.25663809872124,60.7,0.8660254037844387,-0.4999999999999998,0.49999999999999994,-0.8660254037844387,0
,Starlink Group 6-93,2025-05-07T01:17:20+00:00,CCSFS,falcon_9,FLEW,,25.3,82,0.0,27,27,0,16800.0,8.8,19.8,2380.0,-8.0,4320.0,0.0,2940.0,20.6,50,27.895588417130234,37.6,0.25881904510252074,0.9659258262890683,0.49999999999999994,-0.8660254037844387,0
,Starlink Group 6-91,2025-05-10T06:28:00+00:00,CCSFS,falcon_9,FLEW,,23.4,86,0.0,0,0,89,15300.0,8.3,10.7,1990.0,-6.9,4210.0,0.0,2000.0,13.8,14,12.442738991284987,34.6,1.0,6.123233995736766e-17,0.49999999999999994,-0.8660254037844387,0
,Starlink Group 6-83,2025-05-13T05:02:20+00:00,KSC,falcon_9,FLEW,,21.5,93,0.0,1,0,35,13100.0,3.9,13.0,290.0,-2.2,4350.0,0.0,550.0,16.3,100,24.3791204059843,88.3,0.9659258262890683,0.25881904510252074,0.49999999999999994,-0.8660254037844387,0
,Starlink Group 6-67,2025-05-14T16:38:50+00:00,CCSFS,falcon_9,FLEW,,29.4,58,0.0,24,0,0,31600.0,6.1,8.4,1010.0,-3.8,4400.0,0.0,1010.0,11.3,24,12.2540083022545,45.3,-0.8660254037844384,-0.5000000000000004,0.49999999999999994,-0.8660254037844387,0
,Starlink Group 12-15,2025-05-21T03:19:10+00:00,CCSFS,falcon_9,FLEW,,26.3,78,0.0,0,0,0,19200.0,11.7,22.7,1330.0,-3.0,4750.0,0.0,2230.0,23.1,86,20.600769015823015,60.3,0.7071067811865475,0.7071067811865476,0.49999999999999994,-0.8660254037844387,0
,Starlink Group 12-22,2025-05-24T17:19:10+00:00,CCSFS,falcon_9,FLEW,,31.5,80,0.0,1,0,0,18500.0,9.3,11.1,4750.0,-11.8,4400.0,0.0,4750.0,14.2,39,9.68139461836967,43.5,-0.9659258262890683,-0.25881904510252063,0.49999999999999994,-0.8660254037844387,0
,Starlink Group 10-32,2025-05-28T13:30:00+00:00,KSC,falcon_9,FLEW,,26.3,89,0.0,6,0,0,14100.0,5.7,8.0,2270.0,-6.2,4670.0,0.0,3040.0,11.3,59,9.887474714114518,11.9,-0.2588190451025208,-0.9659258262890683,0.49999999999999994,-0.8660254037844387,0
,GPS III SV08,2025-05-30T17:37:59+00:00,CCSFS,falcon_9,FLEW,,27.3,84,0.0,7,100,68,16900.0,5.8,14.2,2110.0,-6.5,4440.0,0.0,2910.0,17.5,100,29.264010227716167,16.3,-0.9659258262890683,-0.25881904510252063,0.49999999999999994,-0.8660254037844387,0
,Starlink Group 12-19,2025-06-03T04:43:40+00:00,CCSFS,falcon_9,FLEW,,22.9,81,0.0,0,99,99,17200.0,5.8,12.1,420.0,-2.1,4380.0,0.0,1990.0,12.2,5,24.73076667566749,52.8,0.8660254037844386,0.5000000000000001,1.2246467991473532e-16,-1.0,0
,Sirius SXM-10,2025-06-07T04:54:00+00:00,CCSFS,falcon_9,FLEW,,26.3,76,0.0,0,15,42,20300.0,4.7,10.1,1970.0,-5.4,4750.0,0.0,3120.0,17.7,42,12.54295585707888,8.4,0.8660254037844386,0.5000000000000001,1.2246467991473532e-16,-1.0,0
,Starlink Group 12-24,2025-06-10T13:05:40+00:00,CCSFS,falcon_9,FLEW,,29.2,78,0.0,26,0,47,18500.0,8.4,13.2,2840.0,-8.0,4580.0,0.0,2840.0,13.6,36,11.211219372987077,13.2,-0.2588190451025208,-0.9659258262890683,1.2246467991473532e-16,-1.0,0
,Starlink Group 12-26,2025-06-13T15:29:00+00:00,CCSFS,falcon_9,FLEW,,30.2,79,0.0,32,50,47,18400.0,9.0,10.5,2900.0,-7.4,4770.0,0.0,3380.0,13.6,35,8.621303260568599,8.1,-0.7071067811865471,-0.7071067811865479,1.2246467991473532e-16,-1.0,0
,Starlink Group 10-18,2025-06-18T05:55:10+00:00,CCSFS,falcon_9,FLEW,,25.7,88,0.0,0,0,0,14500.0,7.9,15.9,2740.0,-5.7,4990.0,0.0,3100.0,16.9,11,18.308137592649846,3.8,0.9659258262890683,0.25881904510252074,1.2246467991473532e-16,-1.0,0
,Starlink Group 10-23,2025-06-23T05:58:30+00:00,CCSFS,falcon_9,FLEW,,25.2,87,0.0,33,0,0,14900.0,1.4,4.5,1950.0,-6.3,4670.0,0.0,2410.0,8.2,100,12.299726894870254,28.5,0.9659258262890683,0.25881904510252074,1.2246467991473532e-16,-1.0,0
,Amazon Leo (KA-02),2025-06-23T10:54:30+00:00,CCSFS,atlas_v,FLEW,,24.1,84,0.0,0,0,0,14600.0,3.8,6.8,2590.0,-7.1,4620.0,0.0,2980.0,9.7,36,6.952538873098763,25.4,0.49999999999999994,-0.8660254037844387,1.2246467991473532e-16,-1.0,0
,Axiom Space Mission 4,2025-06-25T06:31:52+00:00,KSC,falcon_9,FLEW,,23.8,96,0.0,8,0,0,12200.0,0.3,3.7,3400.0,-6.5,4390.0,0.0,3400.0,3.9,24,15.070231638534862,46.7,1.0,6.123233995736766e-17,1.2246467991473532e-16,-1.0,0
,Starlink Group 10-16,2025-06-25T19:54:50+00:00,CCSFS,falcon_9,FLEW,,29.9,78,0.0,24,0,0,19000.0,7.9,8.6,3350.0,-9.7,4260.0,0.0,4330.0,11.1,24,8.735537202694612,23.8,-0.9659258262890684,0.2588190451025203,1.2246467991473532e-16,-1.0,0
,Starlink Group 10-34,2025-06-28T04:26:00+00:00,CCSFS,falcon_9,FLEW,,24.6,84,0.0,0,43,0,16300.0,3.3,7.0,1370.0,-4.5,4320.0,0.0,1700.0,7.2,33,11.43567026464995,16.4,0.8660254037844386,0.5000000000000001,1.2246467991473532e-16,-1.0,0
,MTG-S1,2025-07-01T21:04:00+00:00,KSC,falcon_9,FLEW,,29.3,65,0.0,0,0,0,25800.0,8.8,14.6,2300.0,-6.1,4680.0,0.0,3510.0,18.9,27,10.559240609487437,31.1,-0.7071067811865477,0.7071067811865474,-0.4999999999999997,-0.8660254037844388,0
,Starlink Group 10-25,2025-07-02T06:28:10+00:00,CCSFS,falcon_9,FLEW,,23.9,85,0.0,0,0,0,15800.0,6.3,13.6,1030.0,-3.5,4590.0,0.0,1030.0,17.3,12,14.767133591216442,45.1,1.0,6.123233995736766e-17,-0.4999999999999997,-0.8660254037844388,0
,Starlink Group 10-28,2025-07-08T08:21:00+00:00,CCSFS,falcon_9,FLEW,,24.7,83,0.0,15,0,0,16800.0,4.2,9.5,1990.0,-3.5,4780.0,0.0,1990.0,11.5,15,7.936277196536505,20.9,0.8660254037844387,-0.4999999999999998,-0.4999999999999997,-0.8660254037844388,0
,Dror-1,2025-07-13T05:04:00+00:00,CCSFS,falcon_9,FLEW,,24.5,86,0.0,0,29,0,15500.0,2.5,8.4,970.0,-4.5,4670.0,0.0,970.0,12.4,4,5.974714292372477,10.2,0.9659258262890683,0.25881904510252074,-0.4999999999999997,-0.8660254037844388,0
,Amazon Leo (KF-01),2025-07-16T06:30:00+00:00,CCSFS,falcon_9,FLEW,,25.0,85,0.0,0,0,0,15900.0,6.2,16.9,1340.0,-3.5,4990.0,0.0,1770.0,16.9,3,13.48967725191904,46.4,1.0,6.123233995736766e-17,-0.4999999999999997,-0.8660254037844388,0
,O3b mPower 9-10,2025-07-22T21:12:00+00:00,CCSFS,falcon_9,FLEW,,30.9,70,0.0,34,6,55,22500.0,2.5,3.3,2250.0,-6.6,4880.0,0.0,3140.0,11.1,48,11.875088949189728,20.9,-0.7071067811865477,0.7071067811865474,-0.4999999999999997,-0.8660254037844388,0
,Starlink Group 10-26,2025-07-26T09:01:40+00:00,CCSFS,falcon_9,FLEW,,24.5,92,0.0,0,0,0,12500.0,3.4,4.3,2210.0,-5.7,4960.0,0.0,2860.0,6.0,0,7.1214401166565,31.6,0.7071067811865476,-0.7071067811865475,-0.4999999999999997,-0.8660254037844388,0
,Starlink Group 10-29,2025-07-30T03:37:50+00:00,CCSFS,falcon_9,FLEW,,29.3,77,0.0,1,0,0,19500.0,10.9,17.1,2490.0,-4.9,5160.0,0.0,4040.0,20.8,49,14.219302315386559,22.3,0.7071067811865475,0.7071067811865476,-0.4999999999999997,-0.8660254037844388,0
,Crew-11,2025-08-01T15:43:42+00:00,KSC,falcon_9,FLEW,,32.4,71,0.0,35,0,1,20800.0,5.4,8.4,4280.0,-8.2,5040.0,0.0,4450.0,10.1,100,9.472694755962346,24.1,-0.7071067811865471,-0.7071067811865479,-0.8660254037844384,-0.5000000000000004,0
,Starlink Group 10-30,2025-08-04T07:57:50+00:00,CCSFS,falcon_9,FLEW,,25.7,92,0.0,1,37,0,13100.0,3.2,8.6,2230.0,-6.1,4840.0,0.0,3090.0,18.5,19,18.856703419922948,20.5,0.9659258262890683,-0.25881904510252063,-0.8660254037844384,-0.5000000000000004,0
,Amazon Leo (KF-02),2025-08-11T12:35:00+00:00,CCSFS,falcon_9,FLEW,,26.6,85,0.0,0,1,6,15900.0,5.3,10.3,1800.0,-5.2,4950.0,0.0,2650.0,11.9,3,10.355452460822189,18.3,1.2246467991473532e-16,-1.0,-0.8660254037844384,-0.5000000000000004,0
,USSF-106,2025-08-13T00:56:00+00:00,CCSFS,vulcan,FLEW,,29.3,76,0.0,0,0,0,20100.0,10.1,14.6,3790.0,-7.8,5010.0,0.0,4710.0,14.6,2,12.160570868419486,7.0,0.0,1.0,-0.8660254037844384,-0.5000000000000004,0
,Starlink Group 10-20,2025-08-14T12:29:30+00:00,CCSFS,falcon_9,FLEW,,27.4,91,0.0,3,0,0,13600.0,1.5,4.5,3320.0,-7.4,4950.0,0.0,3740.0,8.0,13,6.319273388529558,10.5,1.2246467991473532e-16,-1.0,-0.8660254037844384,-0.5000000000000004,0
,OTV-8 (X-37B) (USSF-36),2025-08-22T03:50:00+00:00,KSC,falcon_9,FLEW,,25.5,93,0.0,8,92,49,12900.0,3.3,9.9,1690.0,-6.3,4730.0,0.0,1690.0,14.4,8,12.406010955617292,7.4,0.7071067811865475,0.7071067811865476,-0.8660254037844384,-0.5000000000000004,0
,Dragon CRS-2 SpX-33,2025-08-24T06:45:36+00:00,CCSFS,falcon_9,FLEW,,24.4,87,0.0,0,0,1,15200.0,7.0,18.3,530.0,-1.7,5040.0,0.0,780.0,20.2,2,7.53901032614395,8.3,1.0,6.123233995736766e-17,-0.8660254037844384,-0.5000000000000004,0
,Starlink Group 10-56,2025-08-27T11:10:40+00:00,CCSFS,falcon_9,FLEW,,23.3,93,0.0,50,50,26,12200.0,3.7,6.8,1320.0,-3.6,4790.0,0.0,1530.0,6.8,50,10.391304772136047,24.3,0.258819045102521,-0.9659258262890682,-0.8660254037844384,-0.5000000000000004,0
,Starlink Group 10-11,2025-08-28T08:12:00+00:00,KSC,falcon_9,FLEW,,23.9,90,0.0,9,0,0,13100.0,1.4,4.5,1710.0,-4.0,4750.0,0.0,2760.0,6.4,9,9.239087216865995,28.5,0.8660254037844387,-0.4999999999999998,-0.8660254037844384,-0.5000000000000004,0
,Starlink Group 10-14,2025-08-31T11:49:00+00:00,CCSFS,falcon_9,FLEW,,23.8,89,0.0,0,19,0,14200.0,4.3,6.6,860.0,-3.3,4660.0,0.0,2150.0,8.9,3,14.849806293635528,42.8,0.258819045102521,-0.9659258262890682,-0.8660254037844384,-0.5000000000000004,0
,Starlink Group 10-22,2025-09-03T11:56:10+00:00,CCSFS,falcon_9,FLEW,,25.3,83,0.0,0,0,2,16500.0,5.4,9.1,1660.0,-5.3,4780.0,0.0,2240.0,12.4,50,11.177843330710573,47.8,0.258819045102521,-0.9659258262890682,-1.0,-1.8369701987210297e-16,0
,Starlink Group 10-57,2025-09-05T12:32:30+00:00,KSC,falcon_9,FLEW,,25.3,96,0.0,100,0,4,12200.0,3.0,6.2,3070.0,-6.4,4820.0,7.2,3130.0,9.3,100,14.504290918454684,39.5,1.2246467991473532e-16,-1.0,-1.0,-1.8369701987210297e-16,0
,Nusantara Lima,2025-09-12T01:56:00+00:00,CCSFS,falcon_9,FLEW,,26.5,64,0.0,0,90,99,27500.0,11.6,14.0,760.0,-3.7,4570.0,0.0,1240.0,14.6,100,10.23967292622609,34.8,0.25881904510252074,0.9659258262890683,-1.0,-1.8369701987210297e-16,0
,Cygnus CRS-2 NG-23 (S.S. William “Willie” C. McCool),2025-09-14T22:11:48+00:00,CCSFS,falcon_9,FLEW,,26.2,72,0.0,7,0,0,23500.0,12.9,15.7,2170.0,-4.9,4480.0,0.0,2360.0,18.1,43,15.053677617073939,54.4,-0.5000000000000004,0.8660254037844384,-1.0,-1.8369701987210297e-16,0
,Starlink Group 10-61,2025-09-18T09:30:00+00:00,CCSFS,falcon_9,FLEW,,24.1,82,0.0,18,100,0,17200.0,2.9,5.1,1050.0,-3.8,4470.0,0.0,1830.0,6.6,50,14.294459083655699,54.9,0.7071067811865476,-0.7071067811865475,-1.0,-1.8369701987210297e-16,0
,Starlink Group 10-27,2025-09-21T10:53:00+00:00,CCSFS,falcon_9,FLEW,,24.9,73,0.0,0,0,0,21900.0,7.8,10.5,1120.0,-3.7,4900.0,0.0,1780.0,10.5,36,15.934892941172945,18.6,0.49999999999999994,-0.8660254037844387,-1.0,-1.8369701987210297e-16,0
,IMAP & others,2025-09-24T11:30:50+00:00,KSC,falcon_9,FLEW,,22.1,89,0.0,3,40,21,13100.0,1.1,3.1,620.0,-0.9,4880.0,0.0,1830.0,7.6,4,8.921871717947825,12.5,0.258819045102521,-0.9659258262890682,-1.0,-1.8369701987210297e-16,0
,Starlink Group 10-15,2025-09-25T08:39:00+00:00,CCSFS,falcon_9,FLEW,,24.4,90,0.0,21,0,0,12600.0,3.3,3.5,2430.0,-5.9,4800.0,0.0,3000.0,4.5,21,5.6837960640704095,13.9,0.8660254037844387,-0.4999999999999998,-1.0,-1.8369701987210297e-16,0
,Amazon Leo (KA-03),2025-09-25T12:09:30+00:00,CCSFS,atlas_v,FLEW,,24.4,91,0.0,0,30,18,12800.0,1.9,1.9,1920.0,-4.8,4800.0,0.0,2830.0,3.7,14,5.8677409532253355,14.0,1.2246467991473532e-16,-1.0,-1.0,-1.8369701987210297e-16,0
,Starlink Group 10-59,2025-10-07T06:46:10+00:00,CCSFS,falcon_9,FLEW,,25.6,81,0.0,1,0,0,17200.0,13.4,20.8,2030.0,-6.5,4680.0,0.0,2030.0,22.9,9,8.110630874245235,11.6,1.0,6.123233995736766e-17,-0.8660254037844386,0.5000000000000001,0
,Amazon Leo (KF-03),2025-10-14T01:58:00+00:00,CCSFS,falcon_9,FLEW,,21.6,68,0.0,3,0,0,24400.0,1.7,3.9,0.0,4.8,4900.0,0.0,0.0,6.4,11,27.190848550768113,12.8,0.25881904510252074,0.9659258262890683,-0.8660254037844386,0.5000000000000001,0
,Starlink Group 10-52,2025-10-16T09:27:10+00:00,CCSFS,falcon_9,FLEW,,23.1,71,0.0,0,0,0,22700.0,10.3,15.4,10.0,2.1,5190.0,0.0,80.0,16.5,3,9.966344027740885,33.6,0.7071067811865476,-0.7071067811865475,-0.8660254037844386,0.5000000000000001,0
,Starlink Group 10-17,2025-10-19T17:39:40+00:00,CCSFS,falcon_9,FLEW,,27.8,69,0.0,30,0,0,25100.0,10.4,13.2,540.0,-2.1,4790.0,0.0,970.0,16.3,31,11.693172566831313,28.0,-0.9659258262890683,-0.25881904510252063,-0.8660254037844386,0.5000000000000001,0
,SpainSat NG II,2025-10-24T01:30:00+00:00,CCSFS,falcon_9,FLEW,,23.4,58,0.0,0,0,0,32200.0,12.5,16.1,0.0,4.1,4510.0,0.0,0.0,16.5,100,12.808061412455892,57.1,0.25881904510252074,0.9659258262890683,-0.8660254037844386,0.5000000000000001,0
,Starlink Group 10-21,2025-10-26T15:00:40+00:00,CCSFS,falcon_9,FLEW,,26.4,85,0.0,28,0,0,16100.0,16.7,22.5,2630.0,-6.1,4660.0,0.0,2630.0,26.0,74,15.269899233342597,60.9,-0.7071067811865471,-0.7071067811865479,-0.8660254037844386,0.5000000000000001,0
,Starlink Group 10-37,2025-10-29T16:35:20+00:00,CCSFS,falcon_9,FLEW,,23.6,74,0.0,14,0,0,22300.0,4.7,9.7,0.0,3.1,4880.0,0.0,30.0,9.7,35,24.701220212931712,45.5,-0.8660254037844384,-0.5000000000000004,-0.8660254037844386,0.5000000000000001,0
,Bandwagon 4 (Dedicated Mid-Inclination Rideshare),2025-11-02T05:09:59+00:00,CCSFS,falcon_9,FLEW,,15.2,82,0.0,13,0,0,16700.0,3.7,5.2,0.0,7.8,3960.0,0.0,0.0,5.8,50,14.360572147129249,85.5,0.9659258262890683,0.25881904510252074,-0.5000000000000004,0.8660254037844384,0
,Starlink Group 6-81,2025-11-06T01:31:10+00:00,CCSFS,falcon_9,FLEW,,20.8,65,0.0,2,0,0,26600.0,3.7,5.6,10.0,3.3,4820.0,0.0,10.0,7.2,4,14.125104638847416,42.9,0.25881904510252074,0.9659258262890683,-0.5000000000000004,0.8660254037844384,0
,Starlink Group 10-51,2025-11-09T08:10:10+00:00,KSC,falcon_9,FLEW,,21.2,86,0.0,1,0,0,14400.0,4.7,6.4,1530.0,-4.8,4380.0,0.0,2050.0,8.0,7,17.387632692247237,46.4,0.8660254037844387,-0.4999999999999998,-0.5000000000000004,0.8660254037844384,0
,Starlink Group 6-87,2025-11-11T03:21:30+00:00,CCSFS,falcon_9,FLEW,,11.0,55,0.0,0,0,0,34300.0,16.2,25.3,0.0,19.8,4230.0,0.0,0.0,29.5,0,30.134127705351,134.8,0.7071067811865475,0.7071067811865476,-0.5000000000000004,0.8660254037844384,0
,EscaPADE,2025-11-13T20:55:01+00:00,CCSFS,new_glenn,FLEW,,22.3,50,0.0,2,0,0,40300.0,6.5,7.2,0.0,9.2,4260.0,0.0,0.0,8.4,4,17.25351312479402,60.3,-0.8660254037844386,0.5000000000000001,-0.5000000000000004,0.8660254037844384,0
,ViaSat-3 F2 (ViaSat-3 EMEA),2025-11-14T03:04:00+00:00,CCSFS,atlas_v,FLEW,,13.8,77,0.0,9,0,0,18600.0,3.3,3.5,0.0,12.2,4440.0,0.0,0.0,5.2,30,19.287465064640408,42.9,0.7071067811865475,0.7071067811865476,-0.5000000000000004,0.8660254037844384,0
,Starlink Group 6-89,2025-11-15T03:08:10+00:00,KSC,falcon_9,FLEW,,16.7,73,0.0,0,0,0,20300.0,1.5,7.8,0.0,4.0,3970.0,0.0,20.0,12.6,50,12.60018231154361,73.0,0.7071067811865475,0.7071067811865476,-0.5000000000000004,0.8660254037844384,0
,Starlink Group 6-85,2025-11-15T06:44:20+00:00,CCSFS,falcon_9,FLEW,,17.1,74,0.0,0,0,0,19500.0,3.3,6.0,20.0,3.0,3850.0,0.0,20.0,7.2,50,13.753281678995618,67.9,1.0,6.123233995736766e-17,-0.5000000000000004,0.8660254037844384,0
,Starlink Group 6-94,2025-11-19T00:12:20+00:00,CCSFS,falcon_9,FLEW,,20.2,64,0.0,0,0,0,27000.0,3.5,4.7,0.0,3.6,4430.0,0.0,0.0,6.8,0,17.45572355487893,66.0,0.0,1.0,-0.5000000000000004,0.8660254037844384,0
,Starlink Group 6-78,2025-11-21T03:39:30+00:00,KSC,falcon_9,FLEW,,18.1,84,0.0,6,0,0,15000.0,1.9,4.1,0.0,4.5,4910.0,0.0,0.0,7.8,36,10.32348571830896,33.7,0.7071067811865475,0.7071067811865476,-0.5000000000000004,0.8660254037844384,0
,Starlink Group 6-79,2025-11-22T07:53:50+00:00,CCSFS,falcon_9,FLEW,,15.1,91,0.0,78,0,8,12200.0,3.3,3.5,0.0,7.7,4850.0,0.0,0.0,6.6,100,12.19500102322893,50.5,0.9659258262890683,-0.25881904510252063,-0.5000000000000004,0.8660254037844384,0
,Starlink Group 6-86,2025-12-01T07:44:10+00:00,KSC,falcon_9,FLEW,,17.0,91,0.0,100,1,0,12200.0,1.7,8.2,180.0,0.5,4130.0,0.0,270.0,9.3,100,15.572849736957938,68.8,0.9659258262890683,-0.25881904510252063,-2.4492935982947064e-16,1.0,0
,Starlink Group 6-95,2025-12-02T22:18:50+00:00,CCSFS,falcon_9,FLEW,,26.1,62,0.0,0,0,58,29300.0,8.6,21.4,80.0,-0.8,4490.0,0.0,710.0,21.4,0,13.45955092962704,71.7,-0.5000000000000004,0.8660254037844384,-2.4492935982947064e-16,1.0,0
,Starlink Group 6-92,2025-12-08T22:26:10+00:00,KSC,falcon_9,FLEW,,18.3,84,0.0,100,3,37,16600.0,7.0,13.8,0.0,3.0,3810.0,0.0,20.0,18.7,100,16.460022388939787,103.7,-0.5000000000000004,0.8660254037844384,-2.4492935982947064e-16,1.0,0
,NROL-77,2025-12-09T19:16:25+00:00,CCSFS,falcon_9,FLEW,,20.5,66,0.0,100,0,24,27300.0,9.1,11.3,10.0,3.8,3790.0,0.0,20.0,13.4,100,24.271418715271146,104.8,-0.9659258262890684,0.2588190451025203,-2.4492935982947064e-16,1.0,0
,Starlink Group 6-90,2025-12-11T22:01:20+00:00,CCSFS,falcon_9,FLEW,,16.7,47,0.0,0,0,0,43200.0,5.0,10.9,0.0,14.6,4320.0,0.0,0.0,13.2,4,26.650746073844036,68.7,-0.5000000000000004,0.8660254037844384,-2.4492935982947064e-16,1.0,0
,Starlink Group 6-82,2025-12-15T05:25:10+00:00,CCSFS,falcon_9,FLEW,,16.1,61,0.0,16,0,0,29200.0,19.7,28.8,0.0,8.3,4100.0,0.0,20.0,30.1,100,35.457482190243994,29.5,0.9659258262890683,0.25881904510252074,-2.4492935982947064e-16,1.0,0
,Amazon Leo (LA-04),2025-12-16T08:28:00+00:00,CCSFS,atlas_v,FLEW,,13.6,75,0.0,50,0,0,20100.0,4.0,8.4,0.0,7.9,3600.0,0.0,20.0,9.3,50,10.91159797545751,30.5,0.8660254037844387,-0.4999999999999998,-2.4492935982947064e-16,1.0,0
,Starlink Group 6-99,2025-12-17T13:42:10+00:00,KSC,falcon_9,FLEW,,16.8,72,0.0,100,0,4,21800.0,2.2,9.7,30.0,4.0,3970.0,0.0,80.0,14.6,100,20.979341445541216,75.5,-0.2588190451025208,-0.9659258262890683,-2.4492935982947064e-16,1.0,0
,Starlink Group 6-88,2026-01-04T06:48:10+00:00,CCSFS,falcon_9,FLEW,,16.2,91,0.0,65,72,0,13600.0,2.9,9.3,0.0,2.5,3290.0,0.0,10.0,14.0,99,29.04366450768963,104.1,1.0,6.123233995736766e-17,0.49999999999999994,0.8660254037844387,0
,Starlink Group 6-96,2026-01-09T21:41:00+00:00,CCSFS,falcon_9,FLEW,,24.1,83,0.0,2,0,0,17600.0,7.9,12.2,320.0,-1.1,4890.0,0.0,830.0,13.8,6,11.781629964467895,32.5,-0.7071067811865477,0.7071067811865474,0.49999999999999994,0.8660254037844387,0
,Starlink Group 6-97,2026-01-12T21:08:20+00:00,CCSFS,falcon_9,FLEW,,20.1,71,0.0,50,0,80,23100.0,9.5,10.9,50.0,5.5,4230.0,0.0,80.0,14.8,68,16.547722448957966,63.1,-0.7071067811865477,0.7071067811865474,0.49999999999999994,0.8660254037844387,0
,Starlink Group 6-98,2026-01-14T18:08:20+00:00,CCSFS,falcon_9,FLEW,,20.3,64,0.0,5,31,97,27800.0,13.2,17.5,0.0,3.7,3770.0,0.0,70.0,17.5,100,17.59879092733535,111.9,-1.0,-1.8369701987210297e-16,0.49999999999999994,0.8660254037844387,0
,Starlink Group 6-100,2026-01-18T23:31:40+00:00,CCSFS,falcon_9,FLEW,,13.4,76,0.0,36,0,0,19800.0,10.3,16.1,0.0,15.6,3950.0,0.0,0.0,22.4,100,30.435107425275394,102.7,-0.25881904510252157,0.9659258262890681,0.49999999999999994,0.8660254037844387,0
,GPS III SV09,2026-01-28T04:53:16+00:00,CCSFS,falcon_9,FLEW,,7.4,62,0.0,0,0,0,28600.0,5.3,8.2,0.0,23.3,3840.0,0.0,0.0,13.4,0,27.011226074716994,105.1,0.8660254037844386,0.5000000000000001,0.49999999999999994,0.8660254037844387,0
,Starlink Group 6-101,2026-01-30T07:22:00+00:00,CCSFS,falcon_9,FLEW,,11.6,63,0.0,0,0,1,25400.0,3.1,4.7,0.0,13.4,2440.0,0.0,30.0,7.4,20,17.261444312371363,107.3,0.9659258262890683,-0.25881904510252063,0.49999999999999994,0.8660254037844387,0
,USSF-87,2026-02-12T09:22:00+00:00,CCSFS,vulcan,FLEW,,13.8,82,0.0,4,0,0,15500.0,6.1,14.4,0.0,8.6,3240.0,0.0,0.0,17.5,12,15.443924849989022,79.6,0.7071067811865476,-0.7071067811865475,0.8660254037844386,0.5000000000000001,0
,Crew-12,2026-02-13T10:15:56+00:00,CCSFS,falcon_9,FLEW,,11.7,89,0.0,1,0,0,14400.0,3.8,5.8,0.0,11.6,3360.0,0.0,0.0,10.5,100,17.190260042911476,68.7,0.49999999999999994,-0.8660254037844387,0.8660254037844386,0.5000000000000001,0
,Starlink Group 6-103,2026-02-16T07:59:40+00:00,CCSFS,falcon_9,FLEW,,17.6,93,0.0,30,12,0,12600.0,5.1,12.4,60.0,0.6,3510.0,12.2,170.0,16.9,100,30.04916997200268,62.2,0.9659258262890683,-0.25881904510252063,0.8660254037844386,0.5000000000000001,0
,Starlink Group 10-36,2026-02-20T01:41:40+00:00,CCSFS,falcon_9,FLEW,,21.0,84,0.0,95,0,0,15800.0,10.3,17.9,190.0,1.0,4820.0,0.0,190.0,18.1,95,30.402218411637286,56.4,0.25881904510252074,0.9659258262890683,0.8660254037844386,0.5000000000000001,0
,Starlink Group 6-104,2026-02-22T03:47:10+00:00,CCSFS,falcon_9,FLEW,,21.0,85,0.0,0,0,0,15900.0,7.0,13.4,380.0,-0.5,4650.0,0.0,570.0,18.7,20,20.13664775364144,52.5,0.7071067811865475,0.7071067811865476,0.8660254037844386,0.5000000000000001,0
,Starlink Group 6-110,2026-02-24T23:04:10+00:00,CCSFS,falcon_9,FLEW,,11.9,51,0.0,0,0,0,38800.0,3.8,7.2,0.0,19.2,3010.0,0.0,0.0,10.3,2,21.262250790267835,59.3,-0.25881904510252157,0.9659258262890681,0.8660254037844386,0.5000000000000001,0
,Starlink Group 6-108,2026-02-27T12:16:10+00:00,CCSFS,falcon_9,FLEW,,15.9,86,0.0,16,0,6,2000.0,4.2,10.7,10.0,4.1,4050.0,0.0,370.0,12.6,100,13.451719964987392,63.1,1.2246467991473532e-16,-1.0,0.8660254037844386,0.5000000000000001,0
,Starlink Group 10-41,2026-03-02T02:56:40+00:00,CCSFS,falcon_9,FLEW,,18.2,84,0.0,3,0,0,16500.0,5.4,10.5,10.0,1.5,3910.0,0.0,40.0,16.7,3,24.731195410627826,57.7,0.49999999999999994,0.8660254037844387,1.0,6.123233995736766e-17,0
,Starlink Group 10-40,2026-03-04T10:52:20+00:00,CCSFS,falcon_9,FLEW,,18.3,90,0.0,44,0,0,12400.0,3.0,4.9,690.0,-1.0,4380.0,0.0,950.0,7.2,44,11.024814059106165,32.1,0.49999999999999994,-0.8660254037844387,1.0,6.123233995736766e-17,0
,EchoStar 25,2026-03-10T04:19:00+00:00,CCSFS,falcon_9,FLEW,,21.5,89,0.0,2,0,6,13500.0,4.2,11.5,1470.0,-4.0,4220.0,0.0,1540.0,14.2,19,16.369794697153893,56.4,0.8660254037844386,0.5000000000000001,1.0,6.123233995736766e-17,0
,Starlink Group 10-48,2026-03-14T12:37:10+00:00,CCSFS,falcon_9,FLEW,,20.8,88,0.0,4,0,0,14000.0,5.9,13.0,1560.0,-4.3,4100.0,0.0,1820.0,14.6,33,13.82066662909703,36.3,1.2246467991473532e-16,-1.0,1.0,6.123233995736766e-17,0
,Starlink Group 10-46,2026-03-17T13:27:34+00:00,CCSFS,falcon_9,FLEW,,8.9,74,0.0,100,0,72,22100.0,11.5,19.2,0.0,19.1,3750.0,0.0,0.0,19.2,100,37.69116008284712,87.8,-0.2588190451025208,-0.9659258262890683,1.0,6.123233995736766e-17,0
,Starlink Group 10-33,2026-03-19T14:20:10+00:00,CCSFS,falcon_9,FLEW,,19.0,68,0.0,100,0,99,24900.0,13.6,16.7,40.0,5.7,3310.0,0.0,110.0,26.6,100,9.274458901962365,40.8,-0.4999999999999997,-0.8660254037844388,1.0,6.123233995736766e-17,0
,Starlink Group 10-62,2026-03-22T14:47:00+00:00,CCSFS,falcon_9,FLEW,,19.0,85,0.0,18,0,0,15400.0,9.2,12.2,0.0,3.3,3820.0,0.0,0.0,15.7,22,15.657429884001317,42.2,-0.4999999999999997,-0.8660254037844388,1.0,6.123233995736766e-17,0
,Starlink Group 10-44,2026-03-30T21:15:00+00:00,CCSFS,falcon_9,FLEW,,23.6,87,0.0,34,0,2,15600.0,11.1,15.0,2000.0,-2.9,3630.0,0.0,2000.0,15.6,100,14.819993009437258,31.8,-0.7071067811865477,0.7071067811865474,1.0,6.123233995736766e-17,0
,Artemis II,2026-04-01T22:35:12+00:00,KSC,sls,FLEW,,24.2,71,0.0,16,27,50,21500.0,9.1,13.8,950.0,-3.0,4060.0,0.0,1090.0,15.4,98,10.926302254279358,16.5,-0.5000000000000004,0.8660254037844384,0.8660254037844387,-0.4999999999999998,0
,Starlink Group 10-58,2026-04-02T11:55:10+00:00,CCSFS,falcon_9,FLEW,,20.5,78,0.0,1,0,0,19000.0,7.5,14.4,410.0,-1.3,3930.0,0.0,1210.0,16.3,1,11.829064398372573,22.8,0.258819045102521,-0.9659258262890682,0.8660254037844387,-0.4999999999999998,0
,Amazon Leo (LA-05),2026-04-04T05:46:00+00:00,CCSFS,atlas_v,FLEW,,22.1,81,0.0,37,0,0,17300.0,9.3,19.0,1130.0,-4.4,4110.0,0.0,1330.0,21.2,99,15.3740391112202,21.8,0.9659258262890683,0.25881904510252074,0.8660254037844387,-0.4999999999999998,0
,Cygnus CRS-2 NG-24 (S.S. Steven R. Nagel),2026-04-11T11:41:21+00:00,CCSFS,falcon_9,FLEW,,19.2,61,0.0,7,0,0,29900.0,9.1,13.6,20.0,4.1,3800.0,0.0,30.0,15.7,82,12.845192529561073,45.0,0.258819045102521,-0.9659258262890682,0.8660254037844387,-0.4999999999999998,0
,Starlink Group 10-24,2026-04-14T09:33:10+00:00,CCSFS,falcon_9,FLEW,,20.6,77,0.0,43,0,99,20000.0,5.8,11.1,30.0,2.8,4830.0,0.0,90.0,13.4,48,13.426476131751231,29.8,0.7071067811865476,-0.7071067811865475,0.8660254037844387,-0.4999999999999998,0
,BlueBird 7 (Block 2 #2),2026-04-19T11:25:00+00:00,CCSFS,new_glenn,FLEW,,20.0,87,0.0,4,0,70,13200.0,4.4,10.3,670.0,-0.3,4780.0,0.0,870.0,11.1,50,15.308045148922666,55.2,0.258819045102521,-0.9659258262890682,0.8660254037844387,-0.4999999999999998,0
,GPS III SV10,2026-04-21T06:53:25+00:00,CCSFS,falcon_9,FLEW,,21.6,52,0.0,13,0,12,37100.0,14.3,19.4,20.0,3.2,3600.0,0.0,70.0,19.4,31,13.817918438814528,77.1,1.0,6.123233995736766e-17,0.8660254037844387,-0.4999999999999998,0
,Amazon Leo (LA-06),2026-04-28T00:53:30+00:00,CCSFS,atlas_v,FLEW,,22.6,78,0.0,50,0,0,18800.0,11.1,16.7,1070.0,-3.3,4370.0,0.0,1070.0,17.7,50,20.997598015877767,31.6,0.0,1.0,0.8660254037844387,-0.4999999999999998,0
,ViaSat-3 F3 (ViaSat-3 Asia-Pacific),2026-04-29T14:13:00+00:00,KSC,falcon_heavy,FLEW,,25.2,75,0.0,50,0,0,20300.0,1.4,2.3,780.0,-3.9,4240.0,0.0,930.0,4.5,50,16.500819786150103,19.5,-0.4999999999999997,-0.8660254037844388,0.8660254037844387,-0.4999999999999998,0
,Starlink Group 10-38,2026-05-01T18:06:10+00:00,CCSFS,falcon_9,FLEW,,28.5,78,0.0,16,0,0,19600.0,5.9,6.8,1930.0,-7.0,4460.0,0.0,2010.0,11.7,38,15.953560121785841,46.7,-1.0,-1.8369701987210297e-16,0.49999999999999994,-0.8660254037844387,0
,Dragon CRS-2 SpX-34,2026-05-15T22:05:41+00:00,CCSFS,falcon_9,FLEW,,27.5,77,0.0,4,0,0,20200.0,8.7,10.9,2930.0,-6.3,4550.0,0.0,3230.0,15.4,10,11.923550096030448,22.5,-0.5000000000000004,0.8660254037844384,0.49999999999999994,-0.8660254037844387,0
,Starlink Group 10-31,2026-05-21T10:04:20+00:00,CCSFS,falcon_9,FLEW,,23.9,77,0.0,0,0,0,19700.0,4.7,6.0,1220.0,-4.1,4380.0,0.0,2130.0,7.4,50,13.999100152777315,39.5,0.49999999999999994,-0.8660254037844387,0.49999999999999994,-0.8660254037844387,0
,Starlink Group 10-47,2026-05-25T11:48:04+00:00,CCSFS,falcon_9,FLEW,,25.8,80,0.0,22,0,0,18000.0,10.6,15.9,1740.0,-4.9,4610.0,0.0,2490.0,18.3,46,8.947030433955552,4.1,0.258819045102521,-0.9659258262890682,0.49999999999999994,-0.8660254037844387,0
,Starlink Group 10-53,2026-05-29T12:57:15+00:00,CCSFS,falcon_9,FLEW,,25.6,91,0.0,4,10,0,13300.0,5.2,6.4,1620.0,-4.5,4630.0,0.0,2190.0,7.8,50,7.160140008986669,29.5,1.2246467991473532e-16,-1.0,0.49999999999999994,-0.8660254037844387,0
,Amazon Leo (LA-07),2026-05-29T23:53:00+00:00,CCSFS,atlas_v,FLEW,,27.2,79,0.0,76,100,94,18800.0,1.5,4.3,1300.0,-4.3,4620.0,0.4,2880.0,8.4,96,19.49606062416162,34.3,-0.25881904510252157,0.9659258262890681,0.49999999999999994,-0.8660254037844387,0
,Starlink Group 10-43,2026-06-04T10:26:30+00:00,CCSFS,falcon_9,FLEW,,22.2,60,0.0,0,0,0,30900.0,8.4,11.9,0.0,3.7,4950.0,0.0,20.0,13.2,0,9.88232258587422,45.4,0.49999999999999994,-0.8660254037844387,1.2246467991473532e-16,-1.0,0
,Starlink Group 10-35,2026-06-08T10:13:50+00:00,CCSFS,falcon_9,FLEW,,21.2,83,0.0,0,0,0,16500.0,3.9,4.5,0.0,2.6,4950.0,0.0,500.0,6.2,0,19.32551451137829,29.5,0.49999999999999994,-0.8660254037844387,1.2246467991473532e-16,-1.0,0
,Starlink Group 10-54,2026-06-12T12:37:00+00:00,CCSFS,falcon_9,FLEW,,26.9,79,0.0,1,50,48,18200.0,6.6,13.0,1970.0,-4.1,4710.0,0.0,2450.0,13.0,50,12.035261645340782,17.4,1.2246467991473532e-16,-1.0,1.2246467991473532e-16,-1.0,0
,BlueBird 8-10 (Block 2 #3-5),2026-06-17T06:39:00+00:00,CCSFS,falcon_9,FLEW,,25.1,90,0.0,0,0,0,13900.0,4.0,10.3,1340.0,-5.1,4730.0,0.0,1630.0,13.4,3,9.1851370905967,21.1,1.0,6.123233995736766e-17,1.2246467991473532e-16,-1.0,0
,Project Starfall Demonstration Mission,2026-06-23T10:53:00+00:00,CCSFS,falcon_9,FLEW,,23.8,90,0.0,0,0,0,13500.0,4.2,9.1,1270.0,-5.0,4590.0,0.0,2000.0,11.5,1,7.9878972586257495,16.0,0.49999999999999994,-0.8660254037844387,1.2246467991473532e-16,-1.0,0
,Sirius SXM-11,2026-06-29T02:25:00+00:00,CCSFS,falcon_9,FLEW,,26.3,87,0.0,0,0,0,15100.0,7.1,17.7,3050.0,-7.5,4950.0,0.0,3050.0,18.3,2,21.917339259880247,24.8,0.49999999999999994,0.8660254037844387,1.2246467991473532e-16,-1.0,0
,Amazon Leo (LA-08),2026-07-02T04:30:15+00:00,CCSFS,atlas_v,FLEW,,26.0,82,0.0,45,0,0,17200.0,6.0,12.2,1660.0,-4.6,5020.0,0.0,2110.0,12.6,52,7.624111402733659,8.1,0.8660254037844386,0.5000000000000001,-0.4999999999999997,-0.8660254037844388,0
,Starlink Group 10-50,2026-07-05T10:50:00+00:00,CCSFS,falcon_9,FLEW,,25.3,85,0.0,0,0,0,15400.0,3.1,12.6,2220.0,-6.7,4720.0,0.0,2470.0,15.6,5,7.3478446061845055,2.0,0.49999999999999994,-0.8660254037844387,-0.4999999999999997,-0.8660254037844388,0
,Starlink Group 10-42,2026-07-09T09:25:43+00:00,CCSFS,falcon_9,FLEW,,26.2,83,0.0,0,0,40,16800.0,5.9,14.8,2310.0,-6.6,4760.0,0.0,3910.0,14.8,0,11.90938639349239,5.5,0.7071067811865476,-0.7071067811865475,-0.4999999999999997,-0.8660254037844388,0
,Starlink Group 10-45,2026-07-14T09:10:12+00:00,CCSFS,falcon_9,FLEW,,23.3,87,0.0,0,1,0,14700.0,4.5,10.3,840.0,-2.3,4380.0,0.0,1430.0,10.7,5,15.191425496416942,16.8,0.7071067811865476,-0.7071067811865475,-0.4999999999999997,-0.8660254037844388,0
,MRV-1,2026-07-21T21:15:00+00:00,CCSFS,falcon_9,FLEW,,30.3,88,0.0,10,0,0,14000.0,13.7,21.6,4620.0,-9.2,5150.0,0.0,5080.0,23.5,21,18.94448608068946,16.7,-0.7071067811865477,0.7071067811865474,-0.4999999999999997,-0.8660254037844388,0
,NROL-95,2026-07-30T07:10:19+00:00,CCSFS,falcon_9,FLEW,,26.9,85,0.0,0,25,42,15900.0,10.4,22.2,1820.0,-5.7,4860.0,0.0,2460.0,22.2,9,11.56788302991764,12.4,0.9659258262890683,-0.25881904510252063,-0.4999999999999997,-0.8660254037844388,0
,BlueBird 11-13 (Block 2 #6-8),2026-08-05T07:49:00+00:00,CCSFS,falcon_9,FLEW,,24.2,92,0.0,0,100,100,12700.0,3.4,3.9,1670.0,-4.5,4790.0,0.0,2190.0,5.6,15,6.78673355898752,5.8,0.9659258262890683,-0.25881904510252063,-0.8660254037844384,-0.5000000000000004,0
,Starlink Group 10-19,2026-08-11T15:58:26+00:00,CCSFS,falcon_9,FLEW,,30.8,78,0.0,5,0,0,20300.0,3.4,4.1,3910.0,-8.6,4980.0,0.0,4920.0,7.4,8,8.35741308749622,12.9,-0.7071067811865471,-0.7071067811865479,-0.8660254037844384,-0.5000000000000004,0
,Globalstar 2-R Mission 1 (x 8),2026-08-16T01:12:14+00:00,CCSFS,falcon_9,FLEW,,28.2,79,0.0,17,0,0,18100.0,8.3,14.4,3110.0,-7.9,4960.0,0.0,3310.0,14.4,17,13.985826944134192,24.7,0.25881904510252074,0.9659258262890683,-0.8660254037844384,-0.5000000000000004,0
,Starlink Group 10-39,2026-08-21T15:14:22+00:00,CCSFS,falcon_9,FLEW,,30.5,78,0.0,2,0,0,19500.0,5.7,6.2,3280.0,-9.0,4770.0,0.0,3390.0,6.2,50,10.287409198048909,7.4,-0.7071067811865471,-0.7071067811865479,-0.8660254037844384,-0.5000000000000004,0
,Starlink Group 10-49,2026-08-25T09:33:38+00:00,CCSFS,falcon_9,FLEW,,24.7,88,0.0,13,0,33,14300.0,1.4,3.1,2160.0,-4.2,4810.0,0.0,2450.0,9.5,13,7.190893909501176,10.7,0.7071067811865476,-0.7071067811865475,-0.8660254037844384,-0.5000000000000004,0
,Nancy Grace Roman Space Telescope,2026-08-30T11:26:04+00:00,KSC,falcon_heavy,FLEW,,24.9,90,0.0,35,0,50,13000.0,4.1,7.8,2760.0,-5.4,4710.0,0.4,2890.0,9.3,68,7.814709045137572,11.9,0.258819045102521,-0.9659258262890682,-0.8660254037844384,-0.5000000000000004,0
,O3b mPower 11-13,2026-09-13T18:49:00+00:00,CCSFS,falcon_9,FLEW,,31.5,76,0.0,27,3,0,20500.0,9.1,9.1,3120.0,-6.6,4850.0,0.0,3120.0,9.1,32,9.555257566319153,14.3,-1.0,-1.8369701987210297e-16,-1.0,-1.8369701987210297e-16,0
