tree
version=v4
num_class=1
num_tree_per_iteration=1
label_index=0
max_feature_idx=31
objective=binary sigmoid:1
feature_names=temperature_2m relative_humidity_2m precipitation cloud_cover_low cloud_cover_mid cloud_cover_high visibility wind_speed_10m wind_gusts_10m cape lifted_index freezing_level_height precipitation_max5h cape_max5h wind_gusts_10m_max5h cloud_cover_low_max5h max_shear_kt_per_km wind_250hPa_kt hour_sin hour_cos month_sin month_cos site_CCSFS site_KSC vehicle_atlas_v vehicle_delta_iv vehicle_falcon_9 vehicle_falcon_heavy vehicle_other vehicle_sls vehicle_terran vehicle_vulcan
feature_infos=[5.2000000000000002:34.399999999999999] [42:97] [0:69.799999999999997] [0:100] [0:100] [0:100] [100:45100] [0.29999999999999999:21.699999999999999] [0.80000000000000004:35.799999999999997] [0:4940] [-11.800000000000001:25] [2440:5490] [0:69.799999999999997] [0:5080] [3.7000000000000002:36.5] [0:100] [5.6837960640704095:41.619810337491984] [0.59999999999999998:142.19999999999999] [-1:1] [-1:1] [-1:1] [-1:1] [0:1] [0:1] [0:1] none [0:1] [0:1] none none none none
tree_sizes=1650 1693 1685 1681 1688 1687 1684 1683 1671 1682 1699 1683 1680 1694 1693 1691 1680 1686 1670 1684 1685 1687 1692 1672 1682 1679 1692 1703 1675 1694 1688 1694 1701 1682 1690 1692 1700 1690 1696 1689 1698 1676 1689 1688 1707 1697 1668 1677 1706 1697 1688 1708 1699 1691 1682 1691 1692 1699 1691 1675 1689 1685 1691 1687 1693 1682 1691 1687 1703 1692 1694 1686 1693 1695 1687 1681 1690 1687 1693 1711 1700 1690 1697 1701 1690 1677 1691 1697 1700 1691 1698 1705 1678 1677 1697 1703 1697 1698 1702 1698 1689 1700 1707 1703 1693 1715 1703 1684 1703 1707 1692 1686 1702 1701 1687 1675 1698 1704 1706 1706 1700 1710 1705 1679 1685 1698 1707 1699 1717 1695 1698 1693 1701 1701 1716 1700 1703 1705 1683 1709 1702 1700 1699 1694 1711 1706 1701 1711 1694 1698 1700 1712 1707 1684 1690 1709 1709 1705 1708 1705 1697 1724 1686 1706 1718 1706 1709 1696 1697 1703 1709 1707 1708 1709 1710 1696 1709 1720 1709 1713 1723 1713 1689 1720 1705 1708 1711 1698 1707 1710 1717 1701 1715 1701 1700 1686 1706 1717 1725 1715 1716 1721 1733 1696 1729 1706 1717 1717 1698 1712 1718 1711 1720 1708 1729 1720 1729 1716 1698 1723 1703 1715 1714 1729 1723 1720 1733 1710 1712 1717 1724 1710 1726 1709 1713 1730 1732 1732 1725 1719 1725 1727 1731 1719 1708 1712 1698 1724 1716 1716 1730 1726 1709 1692 1727 1732 1704 1711 1729 1717 1728 1726 1721 1731 1726 1706 1727 1718 1724 1718 1744 1735 1728 1737 1731 1720 1727 1731 1729 1726 1729 1737 1718 1728 1708 1721 1727 1731 1726 1725 1739 1711 1707 1739 1722 1733 1732 1736 1734 1734

Tree=0
num_leaves=15
num_cat=0
split_feature=3 1 26 15 16 18 15 5 20 5 17 5 7 8
split_gain=118.195 77.0612 65.67 42.8872 30.8462 23.5491 31.8018 26.9183 17.1219 20.7063 15.407 14.9636 31.7093 24.428
threshold=11.500000000000002 68.500000000000014 1.0000000180025095e-35 37.500000000000007 7.8457619433572754 1.0000000180025095e-35 48.500000000000007 95.500000000000014 -0.6830127018922193 2.5000000000000004 24.650000000000002 63.000000000000007 12.250000000000002 15.500000000000002
decision_type=2 2 2 2 10 2 2 2 2 2 10 2 2 2
left_child=2 -2 10 -3 -5 6 7 -4 9 -7 -1 12 13 -6
right_child=1 3 5 4 11 8 -8 -9 -10 -11 -12 -13 -14 -15
leaf_value=-1.6555266132394653 -1.6684454954888812 -1.6323607524412485 -1.6560808550305639 -1.6596920453722561 -1.5570833475631045 -1.6668517920599026 -1.5419595037269664 -1.5477250262835505 -1.6638062383408927 -1.5681135672766013 -1.5262650304351504 -1.4849249398903712 -1.4891255884598786 -1.6639058114148222
leaf_weight=0.67987680435180564 3.263408660888671 3.2852318286895743 8.1803448200225812 1.0878028869628895 14.811241626739507 2.5835318565368643 5.0042288303375235 1.6753506660461415 13.619359254837038 3.6008288860321045 8.4909055233001691 16.933128356933594 8.2626011371612531 1.7676796913146962
leaf_count=5 24 20 56 8 59 19 16 4 96 14 25 33 15 13
internal_value=-1.56641 -1.53487 -1.60353 -1.52504 -1.5172 -1.62375 -1.5965 -1.63076 -1.64536 -1.60721 -1.53633 -1.51314 -1.53767 -1.56913
internal_weight=93.2455 49.4111 43.8344 46.1477 42.8625 34.6636 14.8599 9.8557 19.8037 6.18436 9.17078 41.7747 24.8415 16.5789
internal_count=407 172 235 148 128 205 76 60 129 33 30 120 87 72
is_linear=0
shrinkage=1


Tree=1
num_leaves=15
num_cat=0
split_feature=3 10 21 12 16 18 13 11 4 10 11 0 8 17
split_gain=118.954 48.4047 49.0336 41.4278 63.4336 37.771 21.4724 37.5409 22.2071 26.6843 21.3578 20.3789 17.892 11.1216
threshold=14.500000000000002 4.0500000000000007 -0.68301270189221952 1.0000000180025095e-35 13.843995728944675 0.91597561503675362 2870.0000000000005 4565.0000000000009 1.0000000180025095e-35 1.0000000180025095e-35 3995.0000000000005 27.550000000000004 14.900000000000002 60.250000000000007
decision_type=2 2 2 2 10 2 2 2 2 2 2 2 2 10
left_child=1 2 13 4 12 6 7 8 9 -4 -6 -12 -2 -1
right_child=3 -3 5 -5 10 -7 -8 -9 -10 -11 11 -13 -14 -15
leaf_value=-0.031356796214268456 -0.030203222395539294 -0.031872717079546739 -0.026517294185692108 0.13770533473441823 0.12754162322923801 -0.027068944832012224 0.11986736106423507 -0.008165269862252654 0.1271466963234831 0.078767495704245835 0.076876824274447905 -0.022796739795854608 0.051752458281342582 0.042799360155158901
leaf_weight=7.0523807704448682 5.160928398370741 8.0334339141845685 2.8519984185695737 17.856686249375343 12.43590956926346 3.1096259951591483 7.1652154326438895 5.8519877195358267 4.9031949043273926 4.7058046013116837 11.632531583309172 1.7007440477609623 2.9258777946233749 1.4200975745916364
leaf_count=52 37 59 21 33 27 23 17 38 9 17 44 12 12 6
internal_value=0.0686003 0.0319473 0.0462553 0.0993495 0.0757492 0.0645336 0.0763139 0.0539487 0.0815585 0.0405814 0.097994 0.0634594 0.00188118 -0.0157211
internal_weight=96.8064 45.0937 37.0603 51.7127 33.856 28.5878 25.4782 18.313 12.461 7.5578 25.7692 13.3333 8.08681 8.47248
internal_count=407 242 183 165 132 125 102 85 47 38 83 56 49 58
is_linear=0
shrinkage=0.03


Tree=2
num_leaves=15
num_cat=0
split_feature=15 26 4 20 7 1 16 1 8 7 0 13 8 7
split_gain=86.0197 37.5956 41.9053 39.3586 27.2494 26.337 20.4245 18.9315 18.5366 14.8779 14.079 12.8112 11.4527 8.27711
threshold=52.500000000000007 1.0000000180025095e-35 1.0000000180025095e-35 0.93301270189221952 4.3500000000000005 83.500000000000014 7.8457619433572754 69.500000000000014 3.8000000000000003 3.5500000000000003 24.050000000000004 1985.0000000000002 16.800000000000001 3.8500000000000001
decision_type=2 2 2 2 2 2 10 2 2 2 2 2 2 2
left_child=1 4 3 5 -1 -3 -2 10 -9 -7 -8 13 -5 -4
right_child=6 2 11 12 -6 9 7 8 -10 -11 -12 -13 -14 -15
leaf_value=-0.021948549436974368 -0.018636816175177737 -0.033723222658467979 0.021363051924851644 0.016445700382723302 0.10008386345540535 0.064081658187408422 0.064910135123959364 -0.016659947982635401 0.10773663785709998 -0.023819743689439545 -0.023221225484377776 0.010179343140062426 0.10693592478280432 0.097503125711759009
leaf_weight=1.5465322136878956 1.0845617502927769 16.570989549160011 2.312219485640524 2.6407234668731681 10.579171538352965 3.9813333600759497 3.9459885060787192 0.84973973035812278 43.021611139178276 2.0069885700941086 1.81041744351387 3.1185260862112036 2.4951796382665634 7.3431314826011658
leaf_count=11 8 123 12 15 29 15 15 6 104 15 13 18 5 20
internal_value=0.0675571 0.0395156 0.0244721 0.00309008 0.0840332 -0.0146424 0.095313 0.0981222 0.10501 0.0354286 0.0378579 0.0672406 0.0706717 0.0829856
internal_weight=103.307 52.5948 40.4691 27.6952 12.1257 22.5593 50.7123 49.6278 43.8714 5.98832 5.75641 12.7739 5.1359 9.65535
internal_count=409 263 223 173 40 153 146 138 110 30 28 50 20 32
is_linear=0
shrinkage=0.03


Tree=3
num_leaves=15
num_cat=0
split_feature=3 20 0 6 16 6 19 6 6 14 14 8 5 10
split_gain=78.7787 38.728 36.6292 24.3205 21.4128 20.3308 26.1238 21.165 20.0537 13.466 22.3675 6.92057 5.13427 13.5254
threshold=11.500000000000002 -0.6830127018922193 28.750000000000004 21650.000000000004 7.8457619433572754 21550.000000000004 0.1294095225512602 23150.000000000004 25150.000000000004 10.000000000000002 9.6000000000000014 14.900000000000002 2.5000000000000004 -2.8499999999999992
decision_type=2 2 2 2 10 2 2 2 2 2 2 2 2 2
left_child=1 12 3 4 -2 9 -7 -8 -5 10 -3 -4 13 -1
right_child=2 5 11 8 -6 6 7 -9 -10 -11 -12 -13 -14 -15
leaf_value=0.061261941381178062 -0.018789962662512458 -0.026597076724776958 -0.026632893236897194 0.064342452026374133 0.10050661389701981 0.074602758038134986 0.057391997328291262 -0.030903051813528433 -0.026237310419306346 -0.032901092685801825 0.085407139742335311 0.036999837912379673 0.088428890399011445 -0.0226871840281361
leaf_weight=5.6806008815765381 1.0972979813814152 2.9320140928030041 2.7989160716533652 5.4514542222022992 45.082466125488281 6.2982684820890418 2.6659067869186384 6.3294096440076828 2.6583207249641418 10.614217132329939 1.8219301402568815 1.5855167508125303 6.6874760240316391 1.7394993901252727
leaf_count=21 8 22 20 18 101 23 9 47 19 77 3 6 18 13
internal_value=0.0595096 0.0286127 0.0822099 0.0888288 0.0973338 0.008928 0.0324277 -0.0016115 0.0350303 -0.0150101 0.0237112 -0.00102377 0.0679732 0.0412246
internal_weight=103.443 44.7693 58.674 54.2895 46.1798 30.6617 15.2936 8.99532 8.10977 15.3682 4.75394 4.38443 14.1076 7.4201
internal_count=405 233 172 146 109 181 79 56 37 102 25 26 52 34
is_linear=0
shrinkage=0.03


Tree=4
num_leaves=15
num_cat=0
split_feature=15 6 6 18 3 19 15 10 19 16 8 14 15 15
split_gain=94.4644 35.5438 27.7589 26.5033 36.8058 20.263 27.4203 18.1792 17.1669 11.1207 8.9994 8.48424 8.1222 7.64874
threshold=36.500000000000007 25150.000000000004 25150.000000000004 0.25881904510252091 24.500000000000004 0.78656609248549303 20.500000000000004 8.2000000000000011 -1.0000000180025095e-35 7.5415590505869963 21.500000000000004 5.9000000000000012 48.500000000000007 4.5000000000000009
decision_type=2 2 2 2 2 2 2 2 2 10 2 2 2 2
left_child=2 3 5 9 12 -1 -7 13 -6 -2 -3 -11 -5 -4
right_child=1 10 7 4 8 6 -8 -9 -10 11 -12 -13 -14 -15
leaf_value=-0.033471656096641392 -0.014483066457498826 -0.028518409017776688 0.078971421893330798 0.032247815032801552 0.0073633505549871772 -0.028077799384236407 0.078238187323091873 -0.02455911202930355 0.087956326868963208 -0.012515896393114446 0.042575330676928473 0.090994571878877065 -0.030376054923930175 0.014107017183571014
leaf_weight=13.7603050172329 0.67802044749259849 3.7610815316438666 5.9786369949579221 1.7537298947572733 3.2600826323032388 3.6329524815082541 3.3263560086488724 2.230973705649375 10.28523755073547 0.49342341721057792 1.426166847348213 45.896531522274017 5.1102044433355331 2.8008153736591339
leaf_count=101 5 27 18 7 16 27 8 17 21 3 6 106 36 16
internal_value=0.0508448 0.0694911 0.00732454 0.0752295 0.0433072 -0.0131516 0.0261836 0.0437438 0.070399 0.0878825 -0.00525009 0.0896527 -0.0123096 0.0618369
internal_weight=104.395 72.6645 31.73 67.4772 20.4093 20.7196 6.95931 11.0104 13.5453 47.068 5.18725 46.39 6.86393 8.77945
internal_count=414 227 187 194 80 136 35 51 37 114 33 109 43 34
is_linear=0
shrinkage=0.03


Tree=5
num_leaves=15
num_cat=0
split_feature=15 26 5 20 13 14 8 14 8 7 6 16 17 7
split_gain=64.12 32.8836 25.651 28.8107 24.7892 37.9165 34.132 16.8512 16.2121 27.5482 13.145 12.4866 9.41288 4.63226
threshold=36.500000000000007 1.0000000180025095e-35 95.500000000000014 0.93301270189221952 2125.0000000000005 20.300000000000001 9.2000000000000011 9.2000000000000011 14.100000000000001 9.8500000000000032 29800.000000000004 17.392468720219224 9.2500000000000018 9.8500000000000032
decision_type=2 2 2 2 2 2 2 2 2 2 2 10 10 2
left_child=1 10 3 12 5 6 7 11 -8 -10 -1 -2 -3 -5
right_child=4 2 -4 13 -6 -7 8 -9 9 -11 -12 -13 -14 -15
leaf_value=0.026962487344988996 -0.026646538586047128 0.025768043643558419 0.068281825063848237 0.015644746871964009 0.091642236625661191 0.090274393128679312 -0.032906460431181436 0.084086803563877432 0.080488627955778685 -0.028918224367595387 0.10900248369600317 0.051597595075581794 -0.033412117392044798 0.077753388131879916
leaf_weight=4.3663341477513304 2.6401265785098103 2.0652289539575674 3.7233258336782447 2.6865586936473838 33.587797969579697 16.006524600088596 6.9510726034641248 9.4051254019141179 3.2174256294965744 3.3091740310192108 3.4780950248241425 2.8466205149888992 16.022610798478127 2.0209696888923645
leaf_count=19 18 10 10 15 68 31 44 22 6 21 5 8 123 5
internal_value=0.0564092 0.0214381 0.00455351 -0.00828777 0.0713563 0.0543208 0.0316523 0.061441 -0.0032326 0.0285442 0.0715494 0.0156441 -0.0256591 0.0512596
internal_weight=112.327 34.3631 26.5187 22.7954 77.9639 44.3761 28.3695 14.8919 13.4777 6.5266 7.84443 5.48675 18.0878 4.70753
internal_count=405 187 163 153 218 150 119 48 71 27 24 26 133 20
is_linear=0
shrinkage=0.03


Tree=6
num_leaves=15
num_cat=0
split_feature=15 1 1 8 0 10 16 11 16 19 22 1 19 11
split_gain=57.5822 48.8883 29.7805 29.348 23.43 19.3586 15.5904 11.6858 15.8477 8.61034 15.0247 10.669 15.909 7.75711
threshold=20.500000000000004 66.500000000000014 69.500000000000014 3.8000000000000003 21.750000000000004 2.8500000000000001 7.5415590505869963 4905.0000000000009 10.679621644443928 0.37940952255126043 1.0000000180025095e-35 94.500000000000014 -0.78656609248549325 4325.0000000000009
decision_type=2 2 2 2 2 2 10 2 10 2 2 2 2 2
left_child=1 4 5 -4 13 -2 -5 9 -9 10 -8 12 -12 -1
right_child=2 -3 3 6 -6 -7 7 8 -10 -11 11 -13 -14 -15
leaf_value=-0.027267620238972546 -0.029696947747202714 -0.032859290438363185 -0.02572370326390816 -0.020019675733064939 0.08071675564378511 0.048222701699847888 0.085553898226913547 0.05960306911689571 -0.026453124481387581 0.08903459040016827 0.051705385184036272 0.079516115029714354 -0.011828044689307315 0.039394164830650634
leaf_weight=3.2075203731656092 4.6902118325233442 11.937792688608168 2.4172275587916365 1.2470871210098255 7.1251374557614326 4.860512912273407 11.678765214979649 4.1239844858646384 2.3511815443634987 36.445118881762028 6.2661006525158829 3.1985148638486871 6.3390740156173742 1.51094414293766
leaf_count=24 34 91 17 9 18 19 23 12 15 66 20 4 35 6
internal_value=0.0503118 0.00867165 0.0619121 0.0682754 0.049832 0.0107697 0.0717571 0.0736404 0.0289968 0.077646 0.0599477 0.0370597 0.0212338 -0.00276517
internal_weight=107.399 23.7814 83.6178 74.0671 11.8436 9.55072 71.6498 70.4027 6.47517 63.9276 27.4825 15.8037 12.6052 4.71846
internal_count=393 139 254 201 48 53 184 175 27 148 82 59 55 30
is_linear=0
shrinkage=0.03


Tree=7
num_leaves=15
num_cat=0
split_feature=3 26 20 17 3 1 17 19 17 14 21 13 11 8
split_gain=44.0155 37.5556 23.1872 43.9895 42.434 24.2027 24.464 23.0924 15.3271 11.669 22.7928 8.09346 15.8206 6.26891
threshold=47.000000000000007 1.0000000180025095e-35 -0.6830127018922193 44.900000000000006 1.5000000000000002 84.500000000000014 83.950000000000017 0.37940952255126043 76.000000000000014 22.100000000000005 0.6830127018922193 15.000000000000002 4725.0000000000009 16.800000000000001
decision_type=2 2 2 10 2 2 10 2 10 2 2 2 2 2
left_child=1 -1 5 -4 -5 6 -3 8 13 10 11 -6 -13 -2
right_child=7 2 3 4 9 -7 -8 -9 -10 -11 -12 12 -14 -15
leaf_value=0.072587304658738444 -0.029612257700435504 -0.031079029077406044 -0.033877834947871895 -0.030862317677507425 0.082979659146766846 0.071928390872263728 0.071266118131898801 0.089232756291461837 0.067393858797420755 0.08985449978875773 -0.028241591034009236 -0.02619641879079539 0.066935108108343661 0.028411705421435358
leaf_weight=15.92767348885536 3.1394506990909559 5.2946979627013233 13.967689745128153 6.5389189496636417 4.362976938486101 11.847606815397738 2.1582012176513672 25.340803742408752 3.6816923767328262 5.249934270977973 3.2500548735260955 2.4785625338554382 2.2900068834424019 1.8504893779754636
leaf_count=40 18 36 101 50 7 29 4 36 7 7 22 17 5 6
internal_value=0.0468966 0.0330554 0.0210387 0.00705 0.0311078 0.0469716 0.00348279 0.0749559 0.0283226 0.0545132 0.0339332 0.0566655 0.0223784 -0.00694351
internal_weight=107.379 73.3663 57.4387 38.1381 24.1705 19.3005 7.4529 34.0124 8.67163 17.6315 12.3816 9.13155 4.76857 4.98994
internal_count=385 318 278 209 108 69 40 67 31 58 51 29 22 24
is_linear=0
shrinkage=0.03


Tree=8
num_leaves=15
num_cat=0
split_feature=4 8 8 3 13 0 0 20 6 0 6 7 8 5
split_gain=57.9795 36.1192 26.6343 24.4091 23.6372 17.0894 16.6554 16.6352 12.1734 11.6979 11.1827 9.71235 7.12512 6.49284
threshold=17.500000000000004 13.700000000000001 9.4000000000000021 14.500000000000002 55.000000000000007 21.050000000000004 24.650000000000002 0.68301270189221941 31100.000000000004 27.550000000000004 38450.000000000007 3.4500000000000006 19.100000000000005 63.000000000000007
decision_type=2 2 2 2 2 2 2 2 2 2 2 2 2 2
left_child=1 2 6 4 5 12 7 10 -4 11 -1 -8 -3 -2
right_child=13 3 8 -5 -6 -7 9 -9 -10 -11 -12 -13 -14 -15
leaf_value=-0.032285616630930623 0.050736931495442172 -0.02592334031835207 -0.033784915525570822 0.071422966819249964 -0.029975423639591017 0.082359460752664981 0.01291120394649127 0.044261421023162946 0.041187160826972671 0.0035733035112955587 0.041158899565165163 0.084218803131655195 0.039896720209237561 0.085532776379954559
leaf_weight=8.0427339598536509 13.019474573433397 2.6398486346006376 11.374625265598295 22.672065734863281 4.8819070160388938 4.3821386694908142 2.7297773957252485 5.0481804981827727 1.4382766783237446 3.6378385573625556 1.441214732825755 6.8191717639565468 1.4952541291713712 28.404738679528236
leaf_count=58 38 20 79 45 36 7 12 18 5 19 5 14 6 40
internal_value=0.0476453 0.0315028 0.0116014 0.052949 0.0189006 0.0471214 0.027838 0.0049078 -0.0229966 0.0509805 -0.0182634 0.0669903 0.00101175 0.0760503
internal_weight=118.027 76.603 40.5318 36.0712 13.3991 8.51724 27.7189 14.5321 12.8129 13.1868 9.48395 9.54895 4.1351 41.4242
internal_count=402 324 210 114 69 33 126 81 84 45 63 26 26 78
is_linear=0
shrinkage=0.03


Tree=9
num_leaves=15
num_cat=0
split_feature=15 6 19 16 9 5 0 6 16 8 8 17 5 1
split_gain=60.5177 42.8611 20.2627 19.9982 36.2081 15.9017 22.4451 14.9033 21.6852 9.70553 7.56885 7.39922 7.11972 6.48449
threshold=28.500000000000004 25150.000000000004 0.25881904510252057 15.49712079525842 900.00000000000011 63.000000000000007 25.750000000000004 16050.000000000002 9.4685810454955543 4.2000000000000002 6.1000000000000005 26.100000000000005 1.5000000000000002 87.500000000000014
decision_type=2 2 2 10 2 2 2 2 10 2 2 10 2 2
left_child=1 -1 -3 4 10 6 -6 -8 -9 -5 -2 -11 -4 -13
right_child=3 2 12 9 5 -7 7 8 -10 11 -12 13 -14 -15
leaf_value=-0.033316028023301171 0.024563695218171425 0.074297926819588883 -0.027352320301729398 -0.017371022667321004 -0.029913914619759674 0.081425132854184193 0.081512644827501798 0.059292892169765882 -0.030123620900669491 0.01278504832475014 -0.032276317295734561 0.074576255221215568 0.035843015047393213 0.036015020730240828
leaf_weight=14.224112898111345 2.0772169232368451 6.2120339423418027 3.2731950655579567 0.88914163410663505 3.5951976627111497 9.2453164458274824 5.6070640832185727 4.0793462544679642 3.8285286799073219 2.7014598697423926 6.665630429983139 40.487300351262093 1.5787213072180746 7.5602294951677314
leaf_count=110 9 17 25 6 22 10 7 10 24 11 45 75 5 23
internal_value=0.0410545 0.00015899 0.0423896 0.0528399 0.0337747 0.0508506 0.0307461 0.0478318 0.0174808 0.0649106 -0.0176366 0.06666 -0.00417857 0.0693667
internal_weight=112.024 25.2881 11.064 86.7364 35.0983 26.3555 17.1101 13.5149 7.90787 51.6381 8.74285 50.749 4.85192 48.0475
internal_count=399 157 47 242 127 73 63 41 34 115 54 109 30 98
is_linear=0
shrinkage=0.03


Tree=10
num_leaves=15
num_cat=0
split_feature=15 1 1 22 16 16 10 14 17 16 17 17 26 8
split_gain=35.7574 33.0529 19.6242 17.3411 15.6936 19.3057 14.3195 12.5899 12.6526 9.62847 8.01671 7.70402 5.06601 3.63269
threshold=36.500000000000007 76.500000000000014 69.500000000000014 1.0000000180025095e-35 19.403350257511388 15.305490576995959 2.8500000000000001 8.3000000000000025 66.450000000000017 7.5415590505869963 110.65000000000002 8.6000000000000032 1.0000000180025095e-35 9.4000000000000021
decision_type=2 2 2 2 8 10 2 2 10 10 10 10 2 2
left_child=1 3 6 -1 5 12 -2 8 -4 -9 -6 -3 -5 -11
right_child=2 11 7 4 10 -7 -8 9 -10 13 -12 -13 -14 -15
leaf_value=-0.026151518007635561 -0.028890647780216244 0.021705793316244185 -0.027484845862973371 0.032269399221833625 -0.02679804778250601 0.080710958955075948 0.039522661668208954 -0.017703738120949938 0.049674266272213607 0.073990338231496089 0.042225032248682827 -0.03233386045668972 -0.023957571169024205 0.053665799832575328
leaf_weight=2.678968250751498 3.9173763766884786 2.2597351670265189 2.8668638095259658 1.683657765388489 3.0833670347928992 10.889348112046717 5.3731063157320023 0.96182089298963447 2.8800467848777771 28.522507891058922 1.4081086739897726 10.169519342482088 2.1247995421290424 41.156542882323265
leaf_count=20 28 11 19 5 24 24 18 7 7 48 5 80 17 95
internal_value=0.0428621 0.0163463 0.0531654 0.0379296 0.047728 0.0618773 0.0106716 0.058129 0.0128145 0.0615851 -0.00141015 -0.0216243 0.00244099 0.0629146
internal_weight=119.976 34.2975 85.6783 21.8682 19.1893 14.6978 9.29048 76.3878 5.74691 70.6409 4.49148 12.4293 3.80846 69.6791
internal_count=408 186 222 95 75 46 46 176 26 150 29 91 22 143
is_linear=0
shrinkage=0.03


Tree=11
num_leaves=15
num_cat=0
split_feature=15 7 1 3 3 10 7 7 18 5 3 11 5 13
split_gain=43.9528 21.113 19.1448 20.0617 13.5288 12.4011 24.4001 19.7733 10.6338 9.72707 14.8203 9.35875 8.09888 15.8703
threshold=36.500000000000007 7.4500000000000011 69.500000000000014 94.000000000000014 5.5000000000000009 -1.1499999999999997 11.200000000000001 3.5500000000000003 -0.9159756150367534 1.5000000000000002 1.5000000000000002 4955.0000000000009 63.000000000000007 2480.0000000000005
decision_type=2 2 2 2 2 2 2 2 2 2 2 2 2 2
left_child=1 8 3 -2 9 12 7 -7 -1 10 -3 -10 13 -4
right_child=2 4 5 -5 -6 6 -8 -9 11 -11 -12 -13 -14 -15
leaf_value=0.046565328652309348 -0.030195058871257313 -0.026845213930948335 0.023137707825278485 0.060690433657075424 -0.025031853382273497 0.039948344207057056 0.065792827524849468 -0.033650405154255575 -0.032907010962657926 0.068097077042625909 0.056168340401866315 0.02779851349400924 0.07752839578895164 0.067088813877287518
leaf_weight=1.2866878360509879 4.9265666604042044 3.2034400925040227 14.153304457664488 2.4669668674468994 2.3563488572835913 5.2573790997266787 9.1495348513126356 5.9185522869229317 12.632706411182879 6.4759461432695389 2.6682910174131393 1.9521712735295302 23.297927394509315 19.049439840018749
leaf_count=4 35 26 52 5 18 16 12 34 99 14 8 9 26 34
internal_value=0.0393287 0.00817748 0.0504094 0.00374797 0.0330026 0.0547941 0.0321178 0.00140933 -0.0154144 0.0451232 0.0135627 -0.0235193 0.0622512 0.0495781
internal_weight=114.795 30.5756 84.2197 7.39353 14.704 76.8261 20.3255 11.1759 15.8716 12.3477 5.87173 14.5849 56.5007 33.2027
internal_count=392 178 214 40 66 174 62 50 112 48 34 108 112 86
is_linear=0
shrinkage=0.03


Tree=12
num_leaves=15
num_cat=0
split_feature=15 1 21 0 8 5 20 6 7 13 7 7 5 10
split_gain=36.5543 23.8804 17.7399 16.907 11.9401 11.5508 24.5747 10.895 7.07109 4.97088 17.604 18.6894 11.573 34.0218
threshold=36.500000000000007 67.500000000000014 -0.68301270189221952 16.750000000000004 3.8000000000000003 1.5000000000000002 0.93301270189221952 38450.000000000007 16.000000000000004 2125.0000000000005 12.250000000000002 9.3500000000000032 34.500000000000007 2.8500000000000001
decision_type=2 2 2 2 2 2 2 2 2 2 2 2 2 2
left_child=2 8 -1 -4 -3 6 7 -5 -2 10 11 12 13 -6
right_child=1 4 3 5 9 -7 -8 -9 -10 -11 -12 -13 -14 -15
leaf_value=-0.029809708096561999 -0.028750285731634004 -0.020797615080461993 -0.027888364414212125 -0.031094015884278386 -0.018554173049255079 0.056766799434593465 0.05853210207423961 0.042424996051041733 0.032619388926322435 0.067609488003626247 0.074130145492095831 -0.030234279392825636 0.062808949557024596 0.062943992194769705
leaf_weight=5.5147293210029593 3.7015989869832984 1.3123233690857876 3.8768783956766155 7.392333425581457 8.4798593819141477 10.594334580004213 5.7260087281465522 1.3877391666173933 1.6697422713041303 37.865462645888329 16.141712352633476 2.9640460759401313 12.283841930329798 8.2629834339022619
leaf_count=45 26 9 32 59 46 31 17 4 5 58 18 16 19 17
internal_value=0.0428003 0.0525596 0.0158345 0.0252258 0.056301 0.0341837 0.0150932 -0.0163242 -0.00754738 0.057703 0.0486923 0.033999 0.0413466 0.0229477
internal_weight=127.174 92.6816 34.492 28.9773 87.3102 25.1004 14.5061 8.78007 5.37134 85.9979 48.1324 31.9907 29.0267 16.7428
internal_count=402 214 188 143 183 111 80 63 31 174 116 98 82 63
is_linear=0
shrinkage=0.03


Tree=13
num_leaves=15
num_cat=0
split_feature=4 16 3 8 19 3 11 10 12 10 16 16 5 16
split_gain=31.0183 47.999 16.4465 13.8995 12.8788 11.2106 17.0121 20.9862 8.34664 7.4907 7.28476 7.20652 5.822 4.82172
threshold=17.500000000000004 15.081220586734013 37.500000000000007 5.0000000000000009 -0.12940952255126034 1.5000000000000002 4285.0000000000009 2.4500000000000006 1.0000000180025095e-35 -4.0499999999999989 13.455635447307218 7.8457619433572754 1.5000000000000002 11.927614461305092
decision_type=2 10 2 2 2 2 2 2 2 2 10 8 2 10
left_child=1 2 8 -3 10 6 -5 -8 11 -4 -2 -1 -7 -11
right_child=4 3 9 5 -6 12 7 -9 -10 13 -12 -13 -14 -15
leaf_value=0.015101380661152641 0.035858619667893762 -0.024723515830027749 0.051505313730733714 -0.028189723260667727 0.066350331546835478 0.058207204436505268 -0.025578782150705966 0.066352461008315058 0.032956705581739784 -0.026211515176606501 -0.025869568952612856 -0.033992719200137772 0.02277131028451532 0.026821046103742602
leaf_weight=2.6261771619320013 3.514816738665103 2.0600622221827498 4.2576436847448349 3.9442615285515776 33.778099469840527 34.598996721208096 2.550760403275488 6.516667976975441 1.5488844960927952 2.3147310391068441 1.8914221823215482 15.257847063243387 6.7523783072829238 1.8901038467884062
leaf_count=13 10 15 7 32 50 79 20 13 3 15 11 114 23 6
internal_value=0.0376194 0.0268299 -0.00527618 0.0425184 0.0595912 0.0454671 0.019166 0.0405193 -0.0202558 0.0276279 0.0135954 -0.0263656 0.0530951 -0.00179996
internal_weight=123.503 84.3185 27.8954 56.4231 39.1843 54.3631 13.0117 9.06743 19.4329 8.46248 5.40624 17.884 41.3514 4.20483
internal_count=411 340 158 182 71 167 65 33 130 28 21 127 102 21
is_linear=0
shrinkage=0.03


Tree=14
num_leaves=15
num_cat=0
split_feature=17 12 26 3 9 17 13 0 21 11 7 18 16 3
split_gain=28.962 25.5296 25.0677 30.4214 23.243 22.1567 11.9826 10.7923 10.7692 10.6868 7.33054 5.57676 4.47597 4.7976
threshold=23.900000000000002 1.0000000180025095e-35 1.0000000180025095e-35 23.500000000000004 2395.0000000000005 83.950000000000017 105.00000000000001 21.750000000000004 0.6830127018922193 3705.0000000000005 2.4500000000000006 -0.78656609248549292 16.243812243544376 69.000000000000014
decision_type=10 2 2 2 2 10 2 2 2 2 2 2 10 2
left_child=1 10 -2 4 5 11 8 9 -5 -7 -1 -4 13 -8
right_child=2 -3 3 6 -6 7 12 -9 -10 -11 -12 -13 -14 -15
leaf_value=0.019047771613551007 0.065567630886198894 0.045320965454966847 0.0089383967835703539 0.035325092717621853 0.059621201684111995 0.036660239223884027 0.012264168644950531 0.062441328198309186 -0.0296363026563152 -0.028474849284965804 -0.03400173483110034 -0.033640823197001235 0.066273669497066312 0.050382305934556434
leaf_weight=2.2469562888145473 25.938010066747665 6.3174686133861533 2.9996545836329451 5.3219661265611631 5.4456278160214415 3.431130498647688 5.4046654254198065 3.825198695063591 2.6920319944620132 3.6540535613894463 10.561197251081465 12.970482878386976 18.602628082036972 8.9194192290306074
leaf_count=9 43 13 14 13 11 10 20 7 15 27 74 97 25 14
internal_value=0.0338495 1.89441e-05 0.0403064 0.030601 0.0084403 -0.00369482 0.0474802 0.0278089 0.0126366 0.00370095 -0.0239897 -0.0255878 0.0553384 0.0377387
internal_weight=118.33 19.1256 99.2049 73.2669 32.3261 26.8805 40.9407 10.9104 8.014 7.08518 12.8082 15.9701 32.9267 14.3241
internal_count=392 96 296 253 166 155 87 44 28 37 83 111 59 34
is_linear=0
shrinkage=0.03


Tree=15
num_leaves=15
num_cat=0
split_feature=7 4 13 16 13 16 3 15 5 10 16 11 5 5
split_gain=24.4325 30.9042 19.8016 38.4453 12.6403 11.7808 21.0285 9.55059 6.98594 6.97376 4.39853 4.33615 1.93276 6.01469
threshold=14.350000000000003 1.0000000180025095e-35 2575.0000000000005 16.243812243544376 885.00000000000011 19.166965853105967 14.500000000000002 38.500000000000007 63.000000000000007 -5.6499999999999995 7.5415590505869963 4410.0000000000009 87.500000000000014 8.5000000000000018
decision_type=2 2 2 10 2 10 2 2 2 2 10 2 2 2
left_child=1 2 3 8 5 11 -7 9 -1 -4 -3 -5 13 -12
right_child=-2 10 7 4 -6 6 -8 -9 -10 -11 12 -13 -14 -15
leaf_value=-0.034551601549127724 0.068021576068103287 -0.014217354768685886 -0.025500089635557062 0.024990715159333831 -0.027635238398079336 -0.029897282650035037 0.040975672113865477 0.054739779132388346 0.015267401586438812 0.040017878891547058 0.047119025090574022 0.071904028965870809 0.058274945583090328 0.009676019142404825
leaf_weight=16.765379115939144 15.60152631998062 0.61897937953472038 2.5834630355238906 4.4629300534725242 2.7228147834539405 5.3345800265669814 8.5081968903541547 11.711187541484831 2.3700137212872496 1.4711540862917898 17.878925643861297 6.0595211610198021 18.337675377726555 5.6169346868991843
leaf_count=122 21 4 21 19 18 43 19 20 9 5 41 8 28 20
internal_value=0.0336173 0.0278816 0.014009 0.00379254 0.026398 0.0332876 0.0134893 0.0419496 -0.0279295 0.00148611 0.0473498 0.0559022 0.0485714 0.0389283
internal_weight=120.043 104.442 61.9892 46.2234 27.088 24.3652 13.8428 15.7658 19.1354 4.05462 42.4525 10.5225 41.8335 23.4959
internal_count=398 377 284 238 107 89 62 46 131 26 93 27 89 61
is_linear=0
shrinkage=0.03


Tree=16
num_leaves=15
num_cat=0
split_feature=4 7 18 18 20 16 17 15 20 3 7 15 17 0
split_gain=25.5307 28.6701 22.2329 16.3015 15.3314 10.202 14.4929 12.0552 15.9213 9.92192 8.97553 7.68818 7.37614 3.64654
threshold=85.500000000000014 12.250000000000002 0.37940952255126054 -0.9159756150367534 -0.6830127018922193 15.081220586734013 8.6000000000000032 28.500000000000004 -0.5 3.5000000000000004 1.7500000000000002 60.000000000000007 71.350000000000009 25.750000000000004
decision_type=2 2 2 2 2 10 8 2 2 2 2 2 10 2
left_child=1 2 3 -1 13 6 -5 8 -7 -8 -6 -9 -13 -4
right_child=-2 -3 4 5 10 7 9 11 -10 -11 -12 12 -14 -15
leaf_value=-0.029271465550932959 0.059413417757579995 0.052743855118798637 0.0031582280081767057 0.050521903953968363 0.025212126136337797 0.052493631994871261 0.020717636920562603 0.066083549717008916 -0.028584751492366261 -0.032691566494046864 -0.033868151326585549 -0.0045305254940592029 0.04528313224849205 0.045999881277762597
leaf_weight=3.6142726615071288 25.004881352186203 24.268093511462212 3.4985836073756245 4.3706016242504093 1.9963870644569386 2.7174658328294754 4.7778749838471413 13.180929362773897 4.2934116423130062 5.9634281247854233 13.614533156156538 3.9601325839757902 6.2924352735280991 3.0319733917713165
leaf_count=24 33 46 18 9 8 6 22 18 35 39 104 15 12 8
internal_value=0.0326937 0.0251608 0.0151744 0.0262512 -0.00949568 0.0311903 0.010141 0.0409838 0.00547161 -0.00919331 -0.0252498 0.0509497 0.0273495 0.0265157
internal_weight=120.585 95.5801 71.312 49.1706 22.1415 45.5563 15.1119 30.4444 7.01088 10.7413 15.6109 23.4335 10.2526 6.53056
internal_count=397 364 318 180 138 156 70 86 41 61 112 45 27 26
is_linear=0
shrinkage=0.03


Tree=17
num_leaves=15
num_cat=0
split_feature=4 17 13 6 6 13 17 7 7 14 18 17 20 10
split_gain=21.7114 27.4818 17.9022 14.9339 19.7461 11.8235 10.2617 9.89183 9.64399 29.9852 7.42 4.62394 4.36952 1.66099
threshold=10.500000000000002 59.100000000000009 2625.0000000000005 20600.000000000004 22050.000000000004 2975.0000000000005 23.900000000000002 16.000000000000004 8.2500000000000018 10.600000000000001 -0.37940952255126054 14.950000000000001 0.68301270189221941 5.8000000000000016
decision_type=2 10 2 2 2 2 10 2 2 2 2 8 2 2
left_child=1 2 3 -1 -5 -4 11 -6 9 12 -7 -2 -3 -10
right_child=6 8 5 4 7 10 -8 -9 13 -11 -12 -13 -14 -15
leaf_value=-0.033776026982344241 0.034978326664524564 0.019680184002299001 0.054846190011900865 0.059950200772929174 -0.031150182887118408 0.025619178150975575 0.05791117832999363 0.039687204950019074 0.057127787766866028 -0.03182021903653643 -0.028505513431121534 -0.0035834203366941148 0.062116661913852629 0.029216541808553934
leaf_weight=11.953879930078985 7.1150049716234181 4.8759468272328395 7.0737558528780919 3.8790255933999997 6.4673173353075981 4.1378737166523933 33.944584719836712 1.4014582633972166 18.542109906673435 5.7376756891608229 3.1007799804210663 4.0094441398978242 6.6865891069173813 6.106162801384925
leaf_count=90 17 21 13 7 50 14 48 3 29 40 21 17 12 21
internal_value=0.0330673 0.0231952 0.00449107 -0.0114297 0.0121744 0.0298809 0.0496989 -0.0154814 0.0396458 0.0206943 0.00178831 0.0219308 0.0472122 0.051622
internal_weight=125.032 79.9626 38.0141 23.7017 11.7478 14.3124 45.069 7.86878 41.9485 17.3002 7.23865 11.1244 11.5625 24.6483
internal_count=403 321 198 150 60 48 82 53 123 73 35 34 33 50
is_linear=0
shrinkage=0.03


Tree=18
num_leaves=15
num_cat=0
split_feature=3 26 5 16 21 0 17 11 17 0 8 5 14 21
split_gain=22.754 18.7607 18.8351 24.3447 18.559 14.536 12.1593 15.387 9.4732 7.46391 7.0156 11.584 8.76225 6.25705
threshold=51.500000000000007 1.0000000180025095e-35 34.500000000000007 15.081220586734013 0.6830127018922193 22.350000000000005 80.300000000000011 4555.0000000000009 24.650000000000002 30.150000000000002 14.500000000000002 93.500000000000014 11.600000000000001 -0.5
decision_type=2 2 2 10 2 2 10 2 10 2 2 2 2 2
left_child=1 8 3 9 6 -4 7 -5 -1 -3 11 12 -2 -7
right_child=10 2 5 4 -6 13 -8 -9 -10 -11 -12 -13 -14 -15
leaf_value=0.0011755995656437604 0.028618823485319585 -0.033561817745094064 -0.026514085804201955 -0.030411147322975993 -0.030371782051821814 0.022451067062005996 0.052602978529363048 0.030767790881852695 0.055709987466823874 0.019137097616261246 0.060479064728200575 0.053042297001769628 -0.031041297294451015 0.060204446439121276
leaf_weight=3.4423519521951702 3.8228130489587775 13.571635775268076 2.2235869541764286 4.6536613181233468 4.784881778061389 8.6562805548310315 10.657249338924883 9.9447718411684018 17.5549486130476 2.2225123494863501 25.590034186840057 8.1087810248136503 3.0999597609043121 10.894738219678398
leaf_count=15 10 107 14 34 36 28 25 33 31 8 28 8 17 16
internal_value=0.0319696 0.0230039 0.0149015 0.00373526 0.0194043 0.0372098 0.0296324 0.0105659 0.0472294 -0.0254482 0.0505037 0.0308084 0.0013575 0.0453948
internal_weight=129.228 88.6066 67.6093 45.8347 30.0406 21.7746 25.2557 14.5984 20.9973 15.7941 40.6216 15.0316 6.92277 19.551
internal_count=410 347 301 243 128 58 92 67 46 115 63 35 27 44
is_linear=0
shrinkage=0.03


Tree=19
num_leaves=15
num_cat=0
split_feature=15 6 20 18 4 17 10 13 17 1 1 17 0 19
split_gain=37.6144 32.5084 21.8383 16.3305 10.3339 15.1084 13.2393 9.98733 14.7337 19.0491 8.51006 4.29748 1.642 0.0557425
threshold=20.500000000000004 25150.000000000004 -0.5 0.37940952255126054 33.500000000000007 24.750000000000004 -6.6499999999999995 2255.0000000000005 90.850000000000009 84.500000000000014 74.500000000000014 44.900000000000006 26.150000000000002 -0.37940952255126009
decision_type=2 2 2 2 2 10 2 2 10 2 2 10 2 2
left_child=2 4 3 -1 5 6 -2 8 9 10 -7 -12 -6 -10
right_child=1 -3 -4 -5 12 7 -8 -9 13 -11 11 -13 -14 -15
leaf_value=0.051548776451258951 0.036476757838712237 -0.031222614960139609 -0.032623517143418719 -0.026340320513741231 0.058182317515655432 -0.0070509091015948395 -0.031676028250574445 0.061389041973949565 0.062267033246133266 -0.032699808822289941 0.0071812723734148674 0.050035138291425578 0.033915208993989983 0.036071534405450648
leaf_weight=6.1099492311477679 3.3116281554102898 5.3352951630949965 12.123049035668371 2.9179256781935692 27.572111271321774 4.2863768115639749 5.3585902079939824 12.044344462454317 6.4334699958562851 5.399247743189334 3.1527046337723723 8.8868244588375074 8.6823022067546827 6.7725727707147581
leaf_count=17 8 37 103 24 34 19 36 15 7 33 15 16 17 13
internal_value=0.0285293 0.0363495 -0.00744033 0.0262578 0.0405663 0.0313854 -0.0045646 0.0379775 0.0284213 0.0122324 0.0281219 0.0402246 0.0534371 0.0523178
internal_weight=118.386 97.2355 21.1509 9.02787 91.9002 55.6458 8.67022 46.9755 34.9312 21.7252 16.3259 12.0395 36.2544 13.206
internal_count=394 250 144 41 213 162 44 118 103 83 50 31 51 20
is_linear=0
shrinkage=0.03


Tree=20
num_leaves=15
num_cat=0
split_feature=18 4 14 20 14 17 18 14 6 26 21 14 5 0
split_gain=16.0766 21.4764 18.1582 19.055 10.6148 9.41168 14.3702 12.7251 11.6458 20.1286 9.8227 8.72013 7.43947 4.46536
threshold=1.0000000180025095e-35 85.500000000000014 27.100000000000005 -0.6830127018922193 4.7000000000000011 53.20000000000001 -0.5 12.900000000000002 26100.000000000004 1.0000000180025095e-35 -0.24999999999999994 8.8000000000000025 97.500000000000014 29.150000000000002
decision_type=2 2 2 2 2 10 2 2 2 2 2 2 2 2
left_child=5 2 3 11 -5 6 10 -8 -7 -10 -1 -2 -6 -12
right_child=1 -3 -4 4 12 8 7 -9 9 -11 13 -13 -14 -15
leaf_value=-0.031105776956231037 -0.023778212064089817 0.04708362769735986 0.050866351375407487 0.040766238521291569 -0.034611828769173208 0.056306738896549129 -0.0043906192071451215 0.053681738381728773 0.055405960447662723 -0.029407419291198101 -0.0014586832024409298 0.037541951584776113 0.019460384065184366 0.043929589380552983
leaf_weight=4.6116191446781176 1.8964261040091503 14.904002144932745 5.4577127769589415 1.3655740171670974 16.443347170948986 36.857960395514965 4.151702985167506 14.677258506417273 4.110560417175293 4.0701937451958639 3.8278703168034554 9.1137371286749822 1.9820954650640477 2.8511050939559937
leaf_count=31 14 22 7 3 127 52 20 25 7 29 19 29 6 4
internal_value=0.0315038 0.0179982 0.00509999 -0.00435394 -0.0216092 0.0403404 0.0259176 0.0413014 0.0492132 0.0146017 -0.00101042 0.0258795 -0.0280927 0.0211142
internal_weight=126.321 51.1629 36.2589 30.8012 19.791 75.1583 30.1196 18.829 45.0387 8.18075 11.2906 11.0102 18.4254 6.67898
internal_count=395 208 186 179 136 187 99 45 88 36 54 43 133 23
is_linear=0
shrinkage=0.03


Tree=21
num_leaves=15
num_cat=0
split_feature=4 16 11 15 3 11 21 17 17 10 10 17 8 8
split_gain=22.638 27.5557 21.4501 24.5644 11.538 14.6479 7.32007 6.45059 5.63287 10.3516 4.5404 4.24829 2.72654 23.1284
threshold=44.000000000000007 15.081220586734013 4825.0000000000009 48.500000000000007 1.5000000000000002 4410.0000000000009 0.93301270189221952 83.950000000000017 44.900000000000006 -4.5499999999999989 3.9500000000000006 23.900000000000002 9.2000000000000011 14.100000000000001
decision_type=2 10 2 2 2 2 2 10 10 2 2 10 2 2
left_child=1 2 6 -4 5 -3 -1 10 9 -6 -7 -2 -10 -14
right_child=11 4 3 -5 8 7 -8 -9 12 -11 -12 -13 13 -15
leaf_value=-0.034052658424705326 0.020925775788484275 -0.02937486909278552 -0.029623293859587903 0.049779481108092077 0.036153916423234095 -0.02391818830383419 0.019333646564179272 0.052491170052201407 0.05454577525303056 -0.028254124177003397 0.029411365847087215 0.052609678624954408 -0.030837694867038683 0.045217974693425908
leaf_weight=14.028595484793192 6.4355902895331374 5.3291940167546255 4.5637746527791014 9.081293009221552 4.8325640708208084 2.1362917125225072 2.0623025372624388 4.0901709869503975 14.614423498511313 2.7387640848755828 1.6519414260983465 30.910742565989494 3.5456162244081524 21.752387553453445
leaf_count=108 18 47 35 19 9 18 7 6 26 17 4 36 21 36
internal_value=0.0283342 0.0198441 -0.00375892 0.0230128 0.031282 0.00593011 -0.0264795 0.0304302 0.0380659 0.0122775 0.000622945 0.0478379 0.0425382 0.0337912
internal_weight=127.774 90.4273 29.736 13.6451 60.6914 13.2076 16.0909 7.8784 47.4838 7.57133 3.78823 37.3463 39.9124 25.298
internal_count=407 353 169 54 184 75 115 28 109 26 22 54 83 57
is_linear=0
shrinkage=0.03


Tree=22
num_leaves=15
num_cat=0
split_feature=15 1 15 1 21 19 7 21 18 7 3 10 3 16
split_gain=20.8324 20.316 14.7284 9.07883 9.20185 7.97781 5.6454 5.51928 24.9764 7.04257 9.44397 14.3775 10.3 6.69107
threshold=36.500000000000007 68.500000000000014 22.500000000000004 68.500000000000014 0.25000000000000017 0.78656609248549303 13.950000000000001 0.6830127018922193 -0.37940952255126054 4.0500000000000007 51.500000000000007 -5.6499999999999995 1.0000000180025095e-35 24.818178988127165
decision_type=2 2 2 2 2 2 2 2 2 2 2 2 2 10
left_child=1 5 -3 4 -2 -1 -7 9 -9 -5 11 -11 -13 -14
right_child=3 2 -4 7 -6 6 -8 8 -10 10 -12 12 13 -15
leaf_value=0.045047008263155879 -0.027993381673542962 -0.032261196880295565 0.020349133695154203 0.055337959727962779 0.028172898444386908 -0.025481177381831231 0.032933071228195811 0.045226222982578931 -0.033143120072917212 0.041171268348371308 0.048246191892243752 0.035086958778662948 -0.034306970504888304 0.020777130358572191
leaf_weight=11.777419015765188 3.2425935268402082 11.151504516601564 7.0378766953945151 29.74686486274004 6.0044140815734863 2.679981440305709 1.5042745918035505 10.443861871957777 4.5273481979966155 12.698326647281645 22.871850989758968 3.3029125258326557 6.5653899088501912 1.9354999810457227
leaf_count=36 24 97 29 43 19 23 3 15 26 21 27 8 38 5
internal_value=0.0301733 0.00955389 -0.0119055 0.0369608 0.00766761 0.0332684 -0.00217906 0.0397882 0.0209357 0.0431331 0.0344839 0.0202493 -0.00371595 -0.0208985
internal_weight=135.49 34.1511 18.1894 101.339 9.24701 15.9617 4.18426 92.0921 14.9712 77.1208 47.374 24.5021 11.8038 8.50089
internal_count=414 188 126 226 43 62 26 183 41 142 99 72 51 43
is_linear=0
shrinkage=0.03


Tree=23
num_leaves=15
num_cat=0
split_feature=14 26 12 7 7 18 0 17 17 6 19 17 14 9
split_gain=23.9704 9.04951 15.694 11.6905 24.0517 12.9433 10.6889 22.8896 10.0292 8.85907 9.12415 7.11439 6.27666 4.72982
threshold=8.3000000000000025 1.0000000180025095e-35 1.0000000180025095e-35 4.1500000000000012 10.65 0.60355339059327384 21.750000000000004 59.100000000000009 26.750000000000004 21350.000000000004 -0.70710678118654757 106.95 20.300000000000001 2115.0000000000005
decision_type=2 2 2 2 2 2 2 10 10 2 2 10 2 2
left_child=11 -2 3 5 6 -3 -5 9 -6 -8 -11 -1 -10 -7
right_child=1 2 -4 4 8 13 7 -9 12 10 -12 -13 -14 -15
leaf_value=-0.031477462224273424 0.048589857034487802 0.053147920965875957 0.048580768941160257 -0.033050656115035874 -0.023796005759359671 -0.0267097727582211 -0.034243625235979812 0.044744909037053124 0.010342454028757626 0.040734833274943379 -0.025382165306100747 0.027427683392339541 0.050215612632423898 0.025868562909867734
leaf_weight=6.4088386073708516 29.938253499567509 14.819975443184378 25.90401853621006 7.6480146944522884 1.7181497812271143 2.5576230734586707 8.5038227140903491 7.6910418570041648 5.2679188102483776 3.1080315634608269 2.5529077872633925 1.6075968146324155 15.956109456717966 1.73488412797451
leaf_count=48 48 30 33 58 12 19 59 15 19 7 22 3 23 4
internal_value=0.0305791 0.0337475 0.0287411 0.0209886 0.0132167 0.0405978 -0.004761 0.00615135 0.0355693 -0.0163726 0.0115839 -0.0179329 0.0412296 -0.00458682
internal_weight=135.417 127.401 97.4625 71.5585 52.446 19.1125 29.5038 21.8558 22.9422 14.1648 5.66094 8.01644 21.224 4.29251
internal_count=400 349 301 268 215 53 161 103 54 88 29 51 42 23
is_linear=0
shrinkage=0.03


Tree=24
num_leaves=15
num_cat=0
split_feature=12 21 4 17 14 26 17 10 10 16 10 17 1 7
split_gain=17.5351 25.2342 16.0235 11.7381 11.5172 9.74318 11.1065 7.58258 6.33717 6.12071 5.61246 4.91495 4.12709 3.16368
threshold=1.0000000180025095e-35 -0.68301270189221952 99.500000000000014 80.300000000000011 8.3000000000000025 1.0000000180025095e-35 55.100000000000009 -0.34999999999999992 6.0500000000000007 27.409897055964713 15.65 53.95000000000001 88.500000000000014 5.0500000000000007
decision_type=2 2 2 10 2 2 8 2 2 10 2 10 2 2
left_child=1 2 -1 4 -3 -6 7 13 -5 -8 12 -9 -10 -7
right_child=-2 3 -4 8 5 6 9 11 10 -11 -12 -13 -14 -15
leaf_value=-0.033079092063013744 0.046325130119404 -0.02830116943394936 0.037337644311872961 0.049421550015409058 0.04243116527812732 0.042753502953075374 -0.033115834881115927 -0.028524313569951533 -0.02677160991609507 0.021521330169455968 0.041078891468638044 0.023899370290600269 0.021666309007471702 0.01675829435405839
leaf_weight=11.020772531628607 29.23007333278656 3.8402278572320929 2.9297920912504187 21.154154323041443 12.635306522250174 8.2509741857647878 5.6016297489404669 3.3975173011422219 2.6759555935859671 1.7736198902130125 2.9349789842963219 1.6240678578615186 1.8314880877733228 11.936252251267431
leaf_count=89 39 31 4 36 23 20 39 26 20 4 6 4 4 46
internal_value=0.0262746 0.0194456 -0.0167824 0.0260845 0.0166248 0.0209699 0.0116321 0.0209692 0.0412032 -0.0189757 0.0147566 -0.0104163 -0.00672968 0.0288995
internal_weight=120.837 91.6067 13.9506 77.6562 49.0596 45.2194 32.5841 25.2088 28.5966 7.37525 7.44242 5.02159 4.50744 20.1872
internal_count=391 352 93 259 193 162 139 96 66 43 30 30 24 66
is_linear=0
shrinkage=0.03


Tree=25
num_leaves=15
num_cat=0
split_feature=18 5 21 21 6 26 17 9 16 0 11 15 4 14
split_gain=16.872 15.2261 16.6705 18.6324 13.429 23.7196 10.3483 15.5106 7.33158 8.21789 5.73662 2.74472 2.74353 1.24049
threshold=0.37940952255126054 63.000000000000007 0.25000000000000017 0.6830127018922193 25500.000000000004 1.0000000180025095e-35 43.050000000000004 900.00000000000011 10.679621644443928 25.250000000000004 4325.0000000000009 28.500000000000004 53.000000000000007 12.15
decision_type=2 2 2 2 2 2 10 2 10 2 2 2 2 2
left_child=4 2 -2 10 6 -6 7 -1 13 -10 -4 -8 -11 -9
right_child=1 -3 3 -5 5 -7 11 8 9 12 -12 -13 -14 -15
leaf_value=-0.029466538385642321 -0.033406008783805466 0.035569775357589727 0.0033075495643780043 -0.030344713175956359 0.042569546449786999 -0.031756437128864605 0.011528222538707252 0.023993369852046163 0.034332723519192074 -0.030042059667893393 0.055936140471124933 0.047751264855348363 0.0085671675652743261 0.04975909659477399
leaf_weight=3.8009125962853458 10.582891441881658 9.9030425623059255 2.801132418215273 4.3498531728982917 6.3597817420959473 7.1469139680266363 2.7510850578546515 5.852162919938567 4.6744422093033773 3.1895498186349869 5.4851727336645126 41.557885721325874 2.1481986045837402 9.9540932923555356
leaf_count=27 85 22 11 33 12 56 13 16 8 21 11 59 5 14
internal_value=0.0247441 0.00626775 -0.00718236 0.0156194 0.0315933 0.00376279 0.0365599 0.0216835 0.0300316 0.00871103 0.0404174 0.0458063 -0.0156036 0.0422148
internal_weight=120.557 33.1221 23.219 12.6362 87.435 13.5067 73.9283 29.6194 25.8184 10.0122 8.28631 44.309 5.33775 15.8063
internal_count=393 162 140 55 231 68 163 91 64 34 22 72 26 30
is_linear=0
shrinkage=0.03


Tree=26
num_leaves=15
num_cat=0
split_feature=15 6 14 8 18 21 17 18 0 0 14 1 7 8
split_gain=21.9339 22.8094 10.0227 8.55655 7.03772 13.0999 7.01448 6.71614 6.42213 5.97103 4.7015 4.1206 6.76798 4.32265
threshold=28.500000000000004 25150.000000000004 25.400000000000002 7.9000000000000012 0.37940952255126054 0.6830127018922193 66.450000000000017 0.78656609248549325 28.750000000000004 21.750000000000004 10.000000000000002 68.500000000000014 16.950000000000003 3.8000000000000003
decision_type=2 2 2 2 2 2 10 2 2 2 2 2 2 2
left_child=1 2 -1 -3 8 6 7 -6 11 -5 -10 12 -2 -13
right_child=4 3 -4 9 5 -7 -8 -9 10 -11 -12 13 -14 -15
leaf_value=-0.032836523483680505 -0.0069876477833644181 -0.023626079254171845 0.036289503336574137 0.001717926349222506 0.022249334961455782 -0.030538571703870004 0.047375785567605876 -0.026980147942827153 0.031947701025898508 0.047790199710457268 -0.0096905177337813144 -0.015984348678604814 0.045465857463255245 0.042418304670881368
leaf_weight=12.683154098689558 4.7970309033989897 1.8360766172409047 1.3464185073971737 3.4679724425077429 7.9662792608141952 3.6478315591812125 7.1333622708916655 2.5159823596477509 3.4200868010520917 9.2127315402030927 4.6868778541684151 0.68220953643321891 2.7865436673164368 63.110804438591003
leaf_count=112 27 15 2 20 24 24 11 17 8 20 22 4 4 99
internal_value=0.0255035 0.00218578 -0.0242294 0.0276307 0.0320241 0.0156318 0.0263196 0.00911249 0.0361606 0.0362367 0.00945461 0.0390214 0.0153375 0.0415567
internal_weight=129.293 28.5464 14.0296 14.5168 100.747 21.2635 17.6156 10.4823 79.4836 12.6807 8.10696 71.3766 7.58357 63.793
internal_count=409 169 114 55 240 76 52 41 164 40 30 134 31 103
is_linear=0
shrinkage=0.03


Tree=27
num_leaves=15
num_cat=0
split_feature=15 21 16 18 16 18 17 6 11 6 10 19 17 14
split_gain=11.6267 18.3693 12.1978 9.92432 12.0959 8.86943 5.83727 17.6814 4.45312 7.28368 5.21363 3.33977 9.72981 2.23303
threshold=43.500000000000007 -0.68301270189221952 20.137111458582712 0.60355339059327384 19.310636534062848 0.98296291314453432 23.900000000000002 15850.000000000002 4135.0000000000009 21650.000000000004 -4.7499999999999991 -0.78656609248549325 91.450000000000017 14.500000000000002
decision_type=2 2 8 2 10 2 10 2 2 2 2 2 10 2
left_child=1 -1 3 8 -5 -4 7 -2 9 -3 -10 12 13 -8
right_child=6 2 5 4 -6 -7 11 -9 10 -11 -12 -13 -14 -15
leaf_value=-0.030392631806077583 0.037683597881215142 0.037467725619580214 -0.030489716788872741 -0.028846580358436097 0.041659814841277544 0.037957996874938206 -0.027707244678635338 -0.032279310874270752 0.0070001704939385021 -0.024820483268178057 0.053453603277665365 0.039571093823140599 0.046295097562580122 0.0076889872154595976
leaf_weight=6.2172396481037131 8.0100865289568883 2.8900655135512414 5.2524770423769942 4.4666766896843901 2.6536304280161858 1.4026157334446905 2.3652639016509038 4.1666397452354422 2.9085256308317247 2.0810624957084656 14.642130233347411 62.31706041097641 4.0362592041492462 2.4165913611650467
leaf_count=55 14 5 43 39 3 3 14 26 13 15 29 114 4 6
internal_value=0.0272259 0.0139837 0.0221959 0.0302617 -0.000675512 -0.0129898 0.0337374 0.0131108 0.0396555 0.0116022 0.0465476 0.0370375 0.0169261 -0.0115831
internal_weight=125.826 42.5144 36.2972 29.6421 7.12031 6.65509 83.3119 12.1767 22.5218 4.97113 17.5507 71.1352 8.81811 4.78186
internal_count=383 205 150 104 42 46 178 40 62 20 42 138 24 20
is_linear=0
shrinkage=0.03


Tree=28
num_leaves=15
num_cat=0
split_feature=3 26 7 19 7 7 11 17 7 7 15 11 11 19
split_gain=13.5128 15.3008 14.3847 11.4268 13.5124 11.1608 10.3148 10.2908 7.60443 9.41747 8.68625 6.74671 6.60379 13.6597
threshold=47.000000000000007 1.0000000180025095e-35 4.4500000000000011 0.25881904510252057 14.15 14.650000000000002 4455.0000000000009 44.900000000000006 3.9500000000000006 1.9500000000000002 3.5000000000000004 5055.0000000000009 4435.0000000000009 0.9159756150367534
decision_type=2 2 2 2 2 2 2 10 2 2 2 2 2 2
left_child=1 12 8 4 -2 6 -4 11 9 -3 -11 -8 -1 -14
right_child=3 2 5 -5 -6 -7 7 -9 -10 10 -12 -13 13 -15
leaf_value=0.046563410706033467 -0.01865827277582904 0.032586869013741679 -0.03441819311297982 0.044176394307657907 0.045282492907126784 0.031325899163085501 -0.032595670128492384 0.023951070848905222 0.047145817457817221 0.034241995756264125 -0.031161678537308904 0.022153946411742863 -0.029667570415348364 0.042339043862118696
leaf_weight=14.347635693848135 6.4835785850882512 7.0332129448652285 11.538355931639673 32.754294350743294 3.9714081510901451 4.9699117541313163 7.1008065417408961 8.2786380574107152 7.4367553591728202 1.6336246430873869 5.4024421498179436 1.9190027341246603 3.3885131031274787 4.2515362352132797
leaf_count=20 29 19 89 41 4 10 54 28 16 7 41 7 22 5
internal_value=0.0223187 0.0144994 0.00583384 0.0356629 0.00746287 -0.00636903 -0.0136978 0.00124871 0.024447 0.0101164 -0.0136049 -0.019899 0.0350965 0.0106653
internal_weight=120.51 77.3004 55.3128 43.2093 10.455 33.8067 28.8368 17.2984 21.506 14.0693 7.03607 9.01981 21.9877 7.64005
internal_count=392 318 271 74 33 188 178 89 83 67 48 61 47 27
is_linear=0
shrinkage=0.03


Tree=29
num_leaves=15
num_cat=0
split_feature=4 15 6 19 8 16 11 15 3 19 11 4 14 5
split_gain=18.6666 14.7184 15.7984 11.4426 9.85995 9.19291 13.2323 7.23897 14.1487 6.68408 4.7782 3.58762 2.89561 2.84659
threshold=44.000000000000007 28.500000000000004 25150.000000000004 -0.9159756150367534 35.100000000000001 13.843995728944675 4875.0000000000009 82.500000000000014 90.500000000000014 0.9159756150367534 4835.0000000000009 1.0000000180025095e-35 20.300000000000001 90.500000000000014
decision_type=2 2 2 2 2 10 2 2 2 2 2 2 2 2
left_child=1 3 5 -1 11 6 9 -7 10 -3 -9 -5 -10 -2
right_child=13 2 -4 4 -6 7 -8 8 12 -11 -12 -13 -14 -15
leaf_value=0.034813246442312221 0.024892356504485527 -0.032621414741853018 -0.030530031828259974 -0.032286952008816601 0.043118539495835405 0.041513319734111417 0.032144747923248645 -0.032436982267152858 0.01610036491863184 0.025317346310402899 0.015590237336390268 0.0020081898462863163 0.047417897916051159 0.046586601004740422
leaf_weight=3.6070885583758381 12.623679295182226 6.7523857876658422 4.1789890453219405 12.427885219454764 1.2184275388717658 26.552103154361248 7.0986977964639655 4.6063285171985635 6.6136676669120789 1.5233156010508535 2.0647434592247009 3.3092401549220094 6.351686954498291 23.281072527170181
leaf_count=13 27 47 29 118 1 48 18 27 16 3 5 18 5 26
internal_value=0.0218778 0.0140342 0.0208879 -0.00783061 -0.0183362 0.0248104 0.00435561 0.0313824 0.0163358 -0.0203769 -0.0174776 -0.0253862 0.0337395 0.0398403
internal_weight=122.209 86.3046 65.7419 20.5626 16.9556 61.5629 15.3744 46.1885 19.6364 8.2757 6.67107 15.7371 12.9654 35.9048
internal_count=401 348 198 150 137 169 68 101 53 50 32 136 21 53
is_linear=0
shrinkage=0.03


Tree=30
num_leaves=15
num_cat=0
split_feature=15 6 0 1 5 17 9 6 17 19 15 0 7 7
split_gain=18.1785 19.5111 12.8259 12.6217 9.574 10.7577 16.3961 8.62478 11.1028 5.23717 4.60314 4.56505 4.51373 2.85188
threshold=23.500000000000004 25150.000000000004 28.750000000000004 57.500000000000007 90.500000000000014 30.650000000000002 2315.0000000000005 13650.000000000002 91.450000000000017 -0.60355339059327384 43.500000000000007 22.950000000000003 11.800000000000002 4.0500000000000007
decision_type=2 2 2 2 2 10 2 2 10 2 2 2 2 2
left_child=1 -1 4 -3 5 6 -2 8 -7 -9 11 -11 -4 -12
right_child=2 3 12 -5 -6 7 -8 9 -10 10 13 -13 -14 -15
leaf_value=-0.03218278606301004 -0.03274491538852542 -0.027232120522465503 -0.030722899053579722 0.038864624404061944 0.044715794085554192 -0.032550399892716422 0.034024022181058815 0.0032329483992043677 0.033640276279520376 0.024523010975356974 0.052211297959869958 -0.024406208974770419 0.017010807489268448 0.030305543185598367
leaf_weight=11.372174806892874 6.8968825340270978 2.7920617163181296 4.3080462738871566 8.3404267579317075 20.483050659298897 4.1782310605049124 4.7146732062101364 5.7253241613507262 3.0853048712015152 3.5708161294460288 11.037864714860914 1.7922211214900015 1.9073962643742559 25.685106672346592
leaf_count=108 48 23 30 24 24 25 8 21 5 11 15 12 5 50
internal_value=0.0181044 -0.00588925 0.0238878 0.0214092 0.0268604 0.0207964 -0.00508633 0.0262467 -0.00376627 0.0307901 0.0343769 0.00690592 -0.015747 0.0380993
internal_weight=115.89 22.5047 93.3849 11.1325 87.1695 66.6864 11.6116 55.0749 7.26354 47.8113 42.086 5.36304 6.21544 36.723
internal_count=409 155 254 47 219 195 56 139 30 109 88 23 35 65
is_linear=0
shrinkage=0.03


Tree=31
num_leaves=15
num_cat=0
split_feature=14 6 8 12 17 6 26 16 13 4 10 7 1 1
split_gain=9.50052 9.43155 8.40028 6.88135 14.5372 13.8153 9.39619 11.8483 11.0635 11.8843 10.6325 5.27167 4.28426 8.36469
threshold=9.2000000000000011 19250.000000000004 4.2000000000000002 1.0000000180025095e-35 24.650000000000002 14550.000000000002 1.0000000180025095e-35 17.010467334109219 2625.0000000000005 17.500000000000004 6.4500000000000011 3.7500000000000004 85.500000000000014 92.500000000000014
decision_type=2 2 2 2 10 2 2 10 2 2 2 2 2 2
left_child=1 2 -1 4 5 -2 -6 8 9 -8 -9 -12 -4 -14
right_child=3 -3 12 -5 6 -7 7 10 -10 -11 11 -13 13 -15
leaf_value=-0.026653647479365498 0.033685339709277312 -0.030978544871475097 0.039396863114384457 0.041529156565596324 0.045014422998158429 -0.032827102712859796 -0.033427107578702812 0.036079070642012871 0.034234856730570661 0.024805576050265548 0.025769554331294221 -0.029811170662232774 -0.02782578094947848 0.034609775948230281
leaf_weight=2.5426059663295772 3.4758159220218641 3.9361104741692534 7.4977157860994321 29.307612672448158 21.664108067750931 6.679292269051075 8.5064325779676455 33.354148052632809 5.0127054154872885 3.8555990159511557 1.5176112726330746 3.1376849561929703 2.7677707597613335 2.9845370352268219
leaf_count=19 11 30 16 36 30 53 66 72 12 9 3 25 20 5
internal_value=0.0254122 0.00581363 0.0162823 0.0286531 0.0239039 -0.00908279 0.0283123 0.0210966 0.000463544 -0.0147677 0.0302746 -0.0103392 0.0258137 0.00489651
internal_weight=136.24 19.7287 15.7926 116.511 87.2034 10.1551 77.0483 55.3842 17.3747 12.362 38.0094 4.6553 13.25 5.75231
internal_count=407 90 60 317 281 64 217 187 87 75 100 28 41 25
is_linear=0
shrinkage=0.03


Tree=32
num_leaves=15
num_cat=0
split_feature=4 21 12 13 17 7 11 17 19 1 13 19 19 11
split_gain=11.7337 12.3995 10.4802 9.88824 13.9576 10.7483 9.21407 9.968 9.23172 7.3507 6.83389 6.48954 14.1192 4.111
threshold=10.500000000000002 -0.68301270189221952 1.0000000180025095e-35 2575.0000000000005 29.550000000000004 14.350000000000003 4135.0000000000009 59.100000000000009 -0.60355339059327384 86.500000000000014 1615.0000000000002 -0.12940952255126034 -0.9159756150367534 4465.0000000000009
decision_type=2 2 2 2 10 2 2 10 2 2 2 2 2 2
left_child=1 2 -1 4 -3 6 9 8 -8 10 -6 12 -2 -9
right_child=11 3 -4 -5 5 -7 7 13 -10 -11 -12 -13 -14 -15
leaf_value=-0.031255241265872848 0.039953337667334263 -0.029325333995244462 0.027532488991213744 0.041297373345534093 -0.034050357676687654 0.047385867046839815 0.025986712881406058 0.042010036874850068 -0.031104818658155581 0.018233083199490987 0.023792875075075451 0.040725933216634362 -0.033316719217573086 0.0093986631744430848
leaf_weight=7.1981068328022939 4.5308486670255661 4.8794099166989318 3.1836830750107765 16.995614148676395 7.3036696091294271 9.4138487651944143 3.8332096710801125 14.139326125383379 4.4206426367163676 5.8227321803569785 1.5894019603729246 41.816626891493797 3.1828794553875914 5.4189113974571219
leaf_count=64 8 43 6 31 54 11 11 29 34 16 3 60 17 21
internal_value=0.0245317 0.0173685 -0.0123923 0.0216638 0.0151786 0.0198342 0.012787 0.0226753 -0.00464767 -0.00615522 -0.0223524 0.0361241 0.00936637 0.0338712
internal_weight=133.729 84.1986 10.3818 73.8168 56.8212 51.9417 42.5279 27.8121 8.25385 14.7158 8.89307 49.5304 7.71373 19.5582
internal_count=408 323 70 253 222 179 168 95 45 73 57 85 25 50
is_linear=0
shrinkage=0.03


Tree=33
num_leaves=15
num_cat=0
split_feature=15 1 0 1 3 8 10 10 9 5 18 17 13 9
split_gain=11.5602 21.1599 7.83447 6.84117 11.7938 6.54967 5.27712 4.40896 13.2449 3.88952 10.068 5.49222 15.1452 10.3443
threshold=20.500000000000004 68.500000000000014 21.750000000000004 67.500000000000014 94.000000000000014 25.100000000000005 5.2000000000000002 1.7500000000000002 205.00000000000003 63.000000000000007 0.60355339059327384 51.250000000000007 2575.0000000000005 770.00000000000011
decision_type=2 2 2 2 2 2 2 2 2 2 2 10 2 2
left_child=1 2 5 4 -2 -1 7 8 -5 10 11 12 13 -10
right_child=3 -3 -4 6 -6 -7 -8 -9 9 -11 -12 -13 -14 -15
leaf_value=-0.026545324466286414 -0.029791422126941528 -0.030771314810647439 0.040839712679518608 -0.01500603119774486 0.039389656009548191 0.035673198628569186 0.0058514925799221474 0.048417879005321365 0.025928879712261668 0.04201883735543549 -0.010631927060136185 0.045337439731564809 0.037897425627846204 -0.033528537103634161
leaf_weight=3.254274986684325 4.1241778060793868 8.3596911169588548 9.596599802374838 5.154754824936389 2.9101825430989265 1.3846103250980375 7.5810825303196898 15.244851879775522 3.5543008670210856 26.915924236178398 5.483341045677661 15.0179495960474 15.606307961046694 5.3802234455943108
leaf_count=31 31 86 21 24 5 2 26 20 9 31 30 16 28 33
internal_value=0.0247107 0.00495388 0.026576 0.0287992 0.000169796 -0.00494148 0.0307927 0.0327554 0.0290788 0.0323992 0.025863 0.0310591 0.0208883 -0.00964632
internal_weight=129.568 22.5952 14.2355 106.973 7.03436 4.63889 99.9387 92.3577 77.1128 71.958 45.0421 39.5588 24.5408 8.93452
internal_count=393 140 54 253 36 33 217 191 171 147 116 86 70 42
is_linear=0
shrinkage=0.03


Tree=34
num_leaves=15
num_cat=0
split_feature=0 4 17 17 6 15 21 19 8 0 14 0 21 9
split_gain=12.0987 10.4252 10.7111 11.0447 10.4165 9.50761 6.8166 5.30746 9.39191 5.89908 6.77881 4.9358 4.81895 13.6119
threshold=28.350000000000005 10.500000000000002 79.65000000000002 67.200000000000017 13250.000000000002 99.500000000000014 -0.68301270189221952 0.60355339059327384 25.100000000000005 22.250000000000004 4.7000000000000011 27.900000000000002 0.6830127018922193 1.0000000180025095e-35
decision_type=2 2 10 8 2 2 2 2 2 2 2 2 2 2
left_child=1 2 3 4 -1 -2 11 9 -9 10 -8 -6 -4 -14
right_child=5 -3 12 -5 6 -7 7 8 -10 -11 -12 -13 13 -15
leaf_value=-0.030176328135761103 -0.031913036339089658 0.037040852904471532 0.039602826548885854 -0.030828175524152082 -0.027445986110773347 0.025783590952550062 0.039963477311357784 -0.015336461465845771 0.044801788198803726 0.039420225227911367 -0.026310259925055195 0.024851622162812111 -0.030301930934981666 0.038505356185610178
leaf_weight=3.405855916440486 5.3907647952437383 48.711923763155937 21.511446744203568 4.6412597447633734 3.7476814873516515 3.3672444671392441 1.2552789449691872 6.3284439370036107 2.4415122270584106 17.47744020447135 2.6177510730922222 1.5518846511840818 3.3956996351480502 5.4477901384234428
leaf_count=23 40 78 38 35 38 6 1 42 2 40 23 3 25 8
internal_value=0.0237958 0.0262223 0.0186839 0.00880144 0.0141939 -0.00936108 0.0191718 0.0245859 0.00427776 0.0323631 -0.00103738 -0.0106176 0.0321032 0.0116906
internal_weight=131.292 122.534 73.822 43.4671 38.8258 8.75801 35.42 30.1204 8.76996 21.3505 3.87303 5.29957 30.3549 8.84349
internal_count=402 356 278 207 172 46 149 108 44 64 24 41 71 33
is_linear=0
shrinkage=0.03


Tree=35
num_leaves=15
num_cat=0
split_feature=26 6 1 4 8 15 0 21 7 11 21 6 16 4
split_gain=13.0056 12.5156 11.4398 12.4149 8.18146 7.2647 10.6265 13.0716 8.36347 6.09831 5.2702 3.61898 2.44094 2.28207
threshold=1.0000000180025095e-35 26550.000000000004 89.500000000000014 98.500000000000014 27.800000000000004 50.500000000000007 21.750000000000004 -0.24999999999999994 4.2500000000000009 4545.0000000000009 0.6830127018922193 20050.000000000004 17.741368403320337 85.500000000000014
decision_type=2 2 2 2 2 2 2 2 2 2 2 2 10 2
left_child=9 2 5 -4 -3 6 -2 8 -8 -1 -7 -11 13 -9
right_child=1 4 3 -5 -6 10 7 12 -10 11 -12 -13 -14 -15
leaf_value=0.04435746925172878 -0.028174488106612175 -0.031318951149053607 -0.034461324533240197 0.026335753573857063 0.032501881062237621 0.034351617382213019 0.020731276862836785 -0.00047866785131081747 -0.030336669995861706 -0.0090331686339809366 0.0026813861180343583 0.027334303182973942 0.045724950453912262 0.032511994143172476
leaf_weight=24.456373706459999 4.4275393486022976 7.1050102338194829 6.3465378880500776 4.2091293632984161 1.4505697488784788 37.305153526365757 4.2551122084260005 3.4495444670319548 5.5215355232357979 3.5030876994132978 5.5977826043963423 5.0349738001823425 8.3447921350598318 3.0913784205913544
leaf_count=31 45 61 41 6 2 65 18 18 53 17 19 10 11 5
internal_value=0.020889 0.0147629 0.0183596 -0.0100371 -0.0182294 0.0226036 0.010514 0.0182868 -0.00824899 0.0368727 0.0303746 0.0130304 0.0351372 0.0173572
internal_weight=124.099 91.1041 82.5485 10.5557 8.55558 71.9928 29.0899 24.6624 9.77665 32.9944 42.9029 8.53806 14.8857 6.54092
internal_count=402 344 281 47 63 234 150 105 71 58 84 27 34 23
is_linear=0
shrinkage=0.03


Tree=36
num_leaves=15
num_cat=0
split_feature=8 15 6 6 19 0 14 19 11 10 17 4 26 16
split_gain=11.4084 7.53291 15.6868 8.54133 7.74988 6.12193 8.10037 5.52462 4.64943 4.38565 8.02905 14.6055 13.7583 13.7294
threshold=4.2000000000000002 20.500000000000004 25150.000000000004 25150.000000000004 -0.9159756150367534 28.750000000000004 10.000000000000002 0.96592582628906831 4135.0000000000009 -6.5499999999999989 43.050000000000004 85.500000000000014 1.0000000180025095e-35 13.843995728944675
decision_type=2 2 2 2 2 2 2 2 2 2 10 2 2 10
left_child=-1 2 4 5 -2 9 -7 -5 -4 -3 11 12 -11 -12
right_child=1 3 8 7 -6 6 -8 -9 -10 10 13 -13 -14 -15
leaf_value=-0.027703726922160294 0.026935242405671914 0.047767194809845981 -7.9566140191951137e-05 -0.028811995873767419 -0.030738643418043277 0.029562987870422521 -0.029550317294769556 0.025430880491626104 0.039291828232386437 0.026422896208516029 -0.02757412897447405 0.036211202019857933 -0.03359508731266448 0.037944421770113333
leaf_weight=3.0847212895750991 1.8768709525465954 14.66779078543186 3.6215092986822119 3.2874356359243384 8.2016117200255412 3.3334037065505973 3.0247640833258629 1.8451728671789167 9.5567464008927328 4.8885924071073532 2.3538552001118651 11.211336553096769 7.3946874216198939 51.658511199057102
leaf_count=25 7 15 21 25 86 7 20 6 21 10 15 14 51 78
internal_value=0.0230804 0.0245216 0.00861906 0.0279728 -0.0185365 0.0299294 0.00124696 -0.00834463 0.0292297 0.0318733 0.0282953 0.012891 -0.00951772 0.0346398
internal_weight=130.007 126.922 23.2567 103.666 10.0785 98.5329 6.35817 5.13261 13.1783 92.1748 77.507 23.4946 12.2833 54.0124
internal_count=401 376 135 241 93 210 27 31 42 183 168 75 61 93
is_linear=0
shrinkage=0.03


Tree=37
num_leaves=15
num_cat=0
split_feature=4 16 11 10 14 7 8 14 6 6 10 3 11 6
split_gain=17.6061 12.3214 20.7623 11.1394 8.06854 12.7168 6.11163 6.55665 5.19829 4.62256 4.14499 3.74602 2.93624 4.39548
threshold=33.500000000000007 13.53438844810537 4955.0000000000009 9.3000000000000025 13.700000000000001 14.350000000000003 13.700000000000001 17.600000000000005 13850.000000000002 19450.000000000004 3.6500000000000008 3.5000000000000004 4195.0000000000009 29100.000000000004
decision_type=2 10 2 2 2 2 2 2 2 2 2 2 2 2
left_child=1 2 -1 4 8 6 -6 -8 -3 -10 -9 -4 -11 -14
right_child=-2 3 11 -5 5 -7 7 10 9 12 -12 -13 13 -15
leaf_value=-0.033103586815140577 0.034762393318517833 -0.0018174645758914777 0.041091662879018262 -0.028582497208946279 -0.031968494236939649 0.037152184861042818 0.022037756315716771 -0.032353068238717711 0.048771677837448249 0.031677096266022609 0.014797082413634827 0.00016092760287323975 -0.025127338561975746 0.026614214503293702
leaf_weight=11.969291772693397 43.047643221914768 3.2579183652997044 4.7154451087117186 3.4893922694027415 4.5187070779502454 8.6388659700751287 7.7590873017907125 3.9223900809884071 13.696363028138878 4.7092766948044282 1.8289488255977628 3.1181971952319145 2.2126372307538991 1.7387777566909788
leaf_count=103 66 15 13 32 32 13 24 25 20 11 5 14 17 5
internal_value=0.019632 0.0106723 -0.00931648 0.0178088 0.0213832 0.00930015 -0.00529653 0.00521256 0.033141 0.0380949 -0.0173883 0.0266617 0.0179096 -0.0015823
internal_weight=118.623 75.5753 19.8029 55.7724 52.283 26.668 18.0291 13.5104 25.615 22.3571 5.75134 7.83364 8.66069 3.95141
internal_count=395 329 130 199 167 99 86 54 68 53 30 27 33 22
is_linear=0
shrinkage=0.03


Tree=38
num_leaves=15
num_cat=0
split_feature=3 24 26 15 11 7 6 9 10 14 14 7 7 7
split_gain=13.9942 8.39447 9.49222 10.7464 13.8232 10.9121 10.8729 19.1717 4.54501 5.58897 3.83528 4.97965 4.49532 3.66923
threshold=51.500000000000007 1.0000000180025095e-35 1.0000000180025095e-35 43.500000000000007 3705.0000000000005 4.0500000000000007 23250.000000000004 2485.0000000000005 -4.0499999999999989 6.3000000000000016 6.7000000000000002 8.9500000000000011 10.850000000000003 11.200000000000001
decision_type=2 2 2 2 2 2 2 2 2 2 2 2 2 2
left_child=1 2 -1 4 -4 8 7 -7 -5 -10 -6 -12 -13 -2
right_child=13 -3 3 5 10 6 -8 -9 9 -11 11 12 -14 -15
leaf_value=0.035209968756907871 0.022537218313940115 -0.031312416702398628 0.03405447380909192 0.044731747438257481 0.014288875167429957 -0.037335290762179812 0.032010891666087456 0.032422291809132704 0.039676030915724095 -0.0087877513358612467 -0.032503098663021562 0.017643636916387762 -0.026155400950771887 0.043314091403942656
leaf_weight=14.25162713229656 19.455161966383457 2.9645631760358802 5.1157327368855503 12.061891950666906 2.40068241208792 8.8155290037393588 6.3922628387808791 4.6280547380447379 2.7352391034364691 4.3571906164288521 11.870417241007091 4.1010722406208506 2.59589534252882 19.439211994409561
leaf_count=28 38 19 15 14 13 50 15 7 3 23 116 18 20 21
internal_value=0.0190835 0.0118309 0.013813 0.00866492 -0.00611137 0.0184557 0.0025265 -0.0127386 0.0340077 0.0124959 -0.017015 -0.0215859 -0.000526262 0.0337468
internal_weight=121.185 82.2902 79.3256 65.074 26.0838 38.9902 19.8358 13.4436 19.1543 7.09243 20.9681 18.5674 6.69697 38.8944
internal_count=400 341 322 294 182 112 72 57 40 26 167 154 38 59
is_linear=0
shrinkage=0.03


Tree=39
num_leaves=15
num_cat=0
split_feature=5 17 13 21 6 16 10 6 20 6 4 0 20 9
split_gain=10.7876 7.82769 20.9692 10.8773 8.42653 8.11499 6.98674 4.95362 9.74868 4.589 3.38853 2.66208 11.9585 2.81227
threshold=87.500000000000014 54.800000000000004 2575.0000000000005 0.25000000000000017 18900.000000000004 13.843995728944675 9.3000000000000025 17950.000000000004 -0.93301270189221919 13650.000000000002 17.500000000000004 21.750000000000004 0.68301270189221941 95.000000000000014
decision_type=2 10 2 2 2 10 2 2 2 2 2 2 2 2
left_child=1 2 3 -1 -5 -3 11 -4 -9 -8 -2 12 13 -7
right_child=10 5 7 4 -6 6 9 8 -10 -11 -12 -13 -14 -15
leaf_value=-0.033805098242719767 0.013334217806355164 -0.025966131034989747 0.034894229718987542 -0.028416475548819209 0.023367570084222612 -0.030724420573834517 0.02506052712895477 0.037794876942928074 -0.029234545340299109 -0.027893602316417708 0.040792670687458482 0.036816646525885725 0.03273528937427142 0.009404498785797093
leaf_weight=11.084048345685007 6.2553487494587889 2.0648852549493304 15.747986860573294 3.2272102572023851 7.6995285078883171 3.3102381974458721 1.4476742893457402 2.667878657579422 3.1813516318798056 2.8437046743929386 25.91999126970768 23.881699256598949 15.526245042681692 1.8803386650979517
leaf_count=94 20 15 32 29 27 22 2 3 23 25 30 42 28 6
internal_value=0.0211103 0.0157144 0.00617506 -0.0141385 0.00697294 0.0236023 0.0261744 0.0265871 0.00239255 -0.00866972 0.0360172 0.0296437 0.0200605 -0.0170164
internal_weight=126.738 94.5628 43.608 22.0108 10.9267 50.9548 48.8899 21.5972 5.84923 4.29138 32.1753 44.5985 20.7168 5.19058
internal_count=398 348 208 150 56 140 125 58 26 27 50 98 56 28
is_linear=0
shrinkage=0.03


Tree=40
num_leaves=15
num_cat=0
split_feature=14 0 14 19 12 21 1 16 16 0 0 16 8 8
split_gain=9.64752 13.5096 11.0986 8.18887 5.80009 22.3173 6.822 5.61467 5.09865 4.44836 4.24229 9.0376 3.16487 13.6115
threshold=25.400000000000002 21.750000000000004 11.000000000000002 0.37940952255126043 1.0000000180025095e-35 -0.68301270189221952 87.500000000000014 24.818178988127165 8.802420804290346 21.050000000000004 26.950000000000003 9.3653769467721322 8.5000000000000018 11.200000000000001
decision_type=2 2 2 2 2 2 2 8 10 2 2 10 2 2
left_child=1 2 3 -1 5 7 8 -3 -7 -4 12 -12 -10 -14
right_child=-2 4 9 -5 -6 6 -8 -9 10 -11 11 -13 13 -15
leaf_value=0.028265324896750123 0.042468843652066463 -0.032681032367056016 -0.034672115327213864 -0.025400873799595273 0.033771657789180981 -0.020279058417220479 -0.0095544904550001458 0.018508205256881634 0.045435516038945592 0.0083603499754427105 0.037070255962674943 -0.028999102502203576 -0.02809450767529105 0.032959506081917889
leaf_weight=9.0244906432926673 13.823674295097588 8.3605732284486258 8.3838686645030958 2.5730402171611777 24.641391068696976 1.2666542977094639 4.4158360958099356 1.7307597845792777 13.205209992825983 2.3709711432456961 2.660378783941268 2.8080654293298721 3.0403131321072605 22.453880410641432
leaf_count=28 17 76 66 24 34 11 21 3 16 10 3 19 21 47
internal_value=0.0194484 0.0161067 -0.00447873 0.0152877 0.0215354 0.0160336 0.0242376 -0.0230244 0.0276569 -0.0252812 0.0294501 0.00390522 0.0328705 0.0248929
internal_weight=120.759 106.935 22.3524 11.5975 84.5831 59.9417 49.8503 10.0913 45.4345 10.7548 44.1678 5.46844 38.6994 25.4942
internal_count=396 379 128 52 251 217 138 79 117 76 106 22 84 68
is_linear=0
shrinkage=0.03


Tree=41
num_leaves=15
num_cat=0
split_feature=5 7 13 19 15 20 21 6 7 26 7 8 8 10
split_gain=10.6962 11.4615 14.2636 13.206 9.96865 7.64745 7.31791 7.21611 8.50567 4.3419 3.8952 11.3079 1.70347 4.16779
threshold=87.500000000000014 14.350000000000003 2125.0000000000005 0.1294095225512602 4.5000000000000009 -0.24999999999999994 -0.5 17950.000000000004 5.1500000000000012 1.0000000180025095e-35 8.3500000000000032 8.3000000000000025 9.0000000000000018 -6.5499999999999989
decision_type=2 2 2 2 2 2 2 2 2 2 2 2 2 2
left_child=1 2 3 6 5 -5 -1 12 -9 -6 11 -8 13 -4
right_child=-2 -3 7 4 9 -7 10 8 -10 -11 -12 -13 -14 -15
leaf_value=-0.025503291489713243 0.035999584339729912 0.039941458256139373 0.035472592465124082 0.033418172400992048 0.00556472112746886 -0.023994504669701482 0.025674452444845845 0.026164189546919788 -0.029512468177984405 -0.03552702293741257 0.032985959206306523 -0.030098566179704626 0.040334113822839517 -0.0062129229909163473
leaf_weight=2.7004488632082966 33.903884284198284 14.497840523719786 4.1772304028272629 4.5319052413105965 2.4909958690404901 2.4678869917988804 9.3073145076632517 4.5817300081253034 3.4316001012921333 12.579573020339009 10.923431757837532 3.8388645760714999 16.574431288987398 3.2604926601052311
leaf_count=27 48 19 6 9 8 30 27 10 25 92 22 30 26 17
internal_value=0.0215969 0.016156 0.0114559 0.00113491 -0.0156634 0.0127073 0.0150494 0.0266849 0.00169238 -0.0288114 0.020435 0.00841158 0.0346243 0.0186282
internal_weight=129.268 95.3637 80.8659 48.8404 22.0704 6.99979 26.7701 32.0255 8.01333 15.0706 24.0696 13.1462 24.0122 7.43772
internal_count=396 348 329 245 139 39 106 84 35 100 79 57 49 23
is_linear=0
shrinkage=0.03


Tree=42
num_leaves=15
num_cat=0
split_feature=11 16 15 8 6 17 18 14 11 11 6 15 9 0
split_gain=13.098 7.91134 6.08103 9.98203 12.2267 6.01852 5.26794 8.79885 7.55396 5.09372 2.87994 2.5914 2.52911 1.8455
threshold=4885.0000000000009 14.795276485768758 98.500000000000014 4.8000000000000016 29800.000000000004 26.100000000000005 0.37940952255126054 21.700000000000006 4455.0000000000009 5095.0000000000009 16350.000000000002 3.5000000000000004 1275.0000000000002 20.150000000000002
decision_type=2 10 2 2 2 10 2 2 2 2 2 2 2 2
left_child=1 2 3 -1 -5 10 11 8 -8 -2 -3 -7 -4 -13
right_child=9 5 12 4 -6 6 7 -9 -10 -11 -12 13 -14 -15
leaf_value=0.027991060006325251 -0.031462456287482017 0.01473548897176438 0.0042671524811165864 -0.033816405319674198 0.02638160612517643 0.003581674250157887 -0.032054154619396799 0.033932515053908631 0.019373703248507328 0.0086929610130375163 -0.027310587667652181 0.019104398126145412 0.034655700254173992 0.036301159010479485
leaf_weight=5.349225930869582 5.4160562120378 1.9127078987658017 4.1502234712243098 9.6472079306840879 3.4017477482557288 3.0315447598695746 4.6258794628083688 6.9727183766663066 3.8315494433045387 4.4839714244008064 2.0859116688370705 10.724817387759684 6.4603536576032639 44.212731130421162
leaf_count=14 43 6 16 87 10 19 37 12 13 16 14 27 8 72
internal_value=0.0177508 0.0208225 0.00714182 -0.00341287 -0.0173625 0.0257935 0.0277357 0.0111872 -0.00917034 -0.0141461 -0.00827386 0.0318762 0.0241608 0.0333456
internal_weight=116.307 106.407 29.0088 18.3982 13.049 77.3979 73.3992 15.4301 8.45743 9.90003 3.99862 57.9691 10.6106 54.9375
internal_count=394 335 135 111 97 200 180 62 50 59 20 118 24 99
is_linear=0
shrinkage=0.03


Tree=43
num_leaves=15
num_cat=0
split_feature=17 4 9 7 13 8 14 19 6 19 10 15 9 16
split_gain=12.9063 12.1125 7.49696 9.81867 9.12392 8.48596 5.08022 7.06261 3.97184 8.80386 3.36665 3.19356 6.86908 7.49323
threshold=23.900000000000002 17.500000000000004 95.000000000000014 7.1500000000000012 55.000000000000007 5.1500000000000012 9.2000000000000011 0.9159756150367534 12850.000000000002 0.9159756150367534 7.8500000000000005 36.500000000000007 115.00000000000001 10.969852041928759
decision_type=10 2 2 2 2 2 2 2 2 2 2 2 2 10
left_child=1 -1 3 5 10 -2 7 -4 -3 -10 -5 12 -8 -14
right_child=2 8 6 4 -6 -7 11 -9 9 -11 -12 -13 13 -15
leaf_value=-0.031397708273057462 0.019235713705637644 0.035528252483902845 -0.02929701339625804 0.037325345928574845 -0.014235182614904286 -0.031953976302930384 0.046988791970693444 0.026296385427587676 -0.030588481339242437 0.027056566413110331 0.0072055098953817806 0.034400089292933179 0.026300190768830944 -0.028624912671909215
leaf_weight=7.5139157176017788 3.9333390668034536 4.0524741113185865 2.6075068078935137 14.051258936524397 4.6144118905067435 6.4647693857550621 2.6383619979023916 3.7958367764949799 3.3559734001755714 4.2699447572231293 5.0102354288101187 50.118632514029741 3.1937453299760818 3.8030441924929619
leaf_count=71 15 5 21 25 22 57 3 5 21 6 20 81 8 36
internal_value=0.0184828 -0.00388603 0.022762 0.0108783 0.021283 -0.0126015 0.0286296 0.00275875 0.0148954 0.00108325 0.0301623 0.0313109 0.0135185 -0.00340017
internal_weight=119.423 19.1923 100.231 34.074 23.6759 10.3981 66.1571 6.40334 11.6784 7.62592 19.0615 59.7538 9.63515 6.99679
internal_count=396 103 293 139 67 72 154 26 32 27 45 128 47 44
is_linear=0
shrinkage=0.03


Tree=44
num_leaves=15
num_cat=0
split_feature=8 4 18 8 13 17 16 16 0 5 16 21 22 0
split_gain=8.98383 8.32039 6.60873 7.40061 9.45212 8.71855 7.29477 7.16403 5.54726 5.51063 8.89053 5.6808 5.21984 7.60158
threshold=3.8000000000000003 85.500000000000014 -0.78656609248549292 25.100000000000005 2625.0000000000005 43.050000000000004 14.280056149866629 7.8457619433572754 16.750000000000004 1.0000000180025095e-35 18.176246339012533 0.25000000000000017 1.0000000180025095e-35 27.450000000000003
decision_type=2 2 2 2 2 10 10 8 2 2 10 2 2 2
left_child=-1 2 6 4 5 7 -2 -4 -7 10 -10 -12 -6 -14
right_child=1 -3 3 -5 12 8 -8 -9 9 -11 11 -13 13 -15
leaf_value=-0.02778817591731814 -0.0068449116525442439 0.034235798479392857 0.022422859019753084 0.038913916481959639 0.037802747141404566 -0.017274317429585417 0.036233908737324155 -0.033034214747248131 -0.031606078005890062 0.027243364772105809 0.027852106024576349 -0.01320827983329872 -0.03259146902601965 0.021580645354376843
leaf_weight=2.8802385181188574 3.9533729553222683 26.540128976106644 1.8804535716772051 6.3412453681230536 10.095295652747154 6.0590269155800334 18.926194876432419 9.2830511182546616 4.3717175312340322 11.779410999268292 7.9090079143643361 3.8646457195281982 2.2881725542247295 7.1741665080189705
leaf_count=22 24 34 8 8 17 40 31 84 32 27 20 18 17 20
internal_value=0.0181967 0.0195159 0.0150397 0.0102651 0.00690788 -0.000753849 0.0288154 -0.0226172 0.00686936 0.0125241 0.000822502 0.0143953 0.0237707 0.00661778
internal_weight=123.346 120.466 93.9258 71.0462 64.7049 45.1473 22.8796 11.1635 33.9838 27.9248 16.1454 11.7737 19.5576 9.46234
internal_count=402 380 346 291 283 229 55 92 137 97 70 38 54 37
is_linear=0
shrinkage=0.03


Tree=45
num_leaves=15
num_cat=0
split_feature=15 7 17 6 3 4 26 3 11 10 19 3 17 5
split_gain=6.97006 13.1002 7.2981 7.01091 5.6268 5.48062 8.92447 6.25331 4.54292 5.50176 3.52806 11.8116 3.72757 2.06859
threshold=36.500000000000007 6.4500000000000011 8.1500000000000004 26100.000000000004 90.500000000000014 1.0000000180025095e-35 1.0000000180025095e-35 28.500000000000004 4905.0000000000009 -5.6499999999999995 -0.60355339059327384 21.500000000000004 10.600000000000001 70.500000000000014
decision_type=2 2 8 2 2 2 2 2 2 2 2 2 10 2
left_child=1 2 -1 8 -5 6 -3 -8 10 -10 11 -2 -12 -13
right_child=3 5 -4 4 -6 -7 7 -9 9 -11 12 13 -14 -15
leaf_value=0.023966992357549319 0.030349988686976789 0.030004586369568518 -0.031235155638281737 -0.029594311907047019 0.025996620046460049 0.039223674358298162 -0.029008990271136591 0.028853963004705011 0.029503137057337148 -0.016447152194847939 -0.017848948319030014 -0.033977524613646871 0.030967058989264752 0.001409556930511286
leaf_weight=1.9727569781243808 10.565170131623743 6.7151644378900537 8.6807527802884579 3.4014135748147956 1.681262746453285 7.1430578380823126 5.589949183166028 1.3716425746679304 2.9450685083866119 4.7975568473339072 0.83278247714042564 3.0395415425300589 61.838562477380037 2.2310081124305725
leaf_count=7 21 13 93 25 4 12 60 2 4 24 6 17 108 6
internal_value=0.0184888 0.00606722 -0.0198337 0.0226573 -0.009955 0.0196223 0.00740994 -0.0154161 0.0246712 0.00240644 0.0268091 0.0129667 0.0300482 -0.0211623
internal_weight=122.806 31.4733 10.6535 91.3324 5.08268 20.8198 13.6768 6.96159 86.2497 7.74263 78.5071 15.8357 62.6713 5.27055
internal_count=402 187 100 215 29 87 75 62 186 28 158 44 114 23
is_linear=0
shrinkage=0.03


Tree=46
num_leaves=15
num_cat=0
split_feature=5 16 13 1 11 14 14 15 6 0 5 15 20 4
split_gain=6.36867 9.19763 10.663 8.33431 7.6931 6.30321 4.5164 3.61465 11.4237 5.2362 3.89509 5.02052 3.7576 3.22306
threshold=87.500000000000014 13.53438844810537 2625.0000000000005 87.500000000000014 4065.0000000000005 12.15 20.700000000000006 28.500000000000004 25150.000000000004 21.750000000000004 1.5000000000000002 60.000000000000007 0.93301270189221952 3.5000000000000004
decision_type=2 10 2 2 2 2 2 2 2 2 2 2 2 2
left_child=1 2 6 7 -5 13 -1 8 -3 12 -9 -12 -10 -4
right_child=-2 3 5 4 -6 -7 -8 10 9 -11 11 -13 -14 -15
leaf_value=-0.031324709936028115 0.032348653188765168 -0.027171219486645141 -0.026628349094968997 0.023684391805955607 -0.032251547784295148 0.036788104029428989 0.014724964315304904 0.032085573241193766 -0.024074577020789634 0.039535765593711303 0.025785477512249969 -0.013841819580220417 0.02458989762122955 0.017497012810070735
leaf_weight=8.4915015548467654 26.547475427389145 4.319144155830144 2.4318235889077169 2.9176886379718772 4.2165845409035683 5.7790663167834282 1.7659877389669407 38.620365772396326 2.1714327521622163 7.1270395442843437 5.9405063390731794 4.0828586965799332 1.605306036770344 1.7302010357379911
leaf_count=83 41 53 19 5 29 13 7 75 21 10 11 15 4 4
internal_value=0.0194464 0.0153805 -0.00239704 0.020401 -0.00927616 0.0188076 -0.0227928 0.023808 0.0101396 0.02596 0.0277951 0.00985255 -0.00257219 -0.0084489
internal_weight=117.747 91.1995 20.1986 71.0009 7.13427 9.94109 10.2575 63.8667 15.2229 10.9038 48.6437 10.0234 3.77674 4.16202
internal_count=390 349 126 223 34 36 90 189 88 35 101 26 25 23
is_linear=0
shrinkage=0.03


Tree=47
num_leaves=15
num_cat=0
split_feature=0 16 3 16 9 17 5 19 6 14 11 7 8 17
split_gain=5.97163 5.98199 5.19467 8.92239 6.65347 8.73825 13.7525 14.0177 8.63049 5.66489 5.00648 7.53621 4.79408 4.54511
threshold=28.750000000000004 28.54711984885169 82.000000000000014 22.076898745701158 2825.0000000000005 53.20000000000001 90.500000000000014 -0.60355339059327384 16050.000000000002 6.3000000000000016 4955.0000000000009 10.15 14.500000000000002 46.800000000000004
decision_type=2 8 2 10 2 10 2 2 2 2 2 2 2 10
left_child=1 2 3 4 5 6 7 10 -7 -5 11 -1 -4 -2
right_child=13 -3 12 9 -6 8 -8 -9 -10 -11 -12 -13 -14 -15
leaf_value=-0.028193186702894935 -0.029704613187547253 -0.01490653501228912 0.014219550940807965 0.024025459896113252 0.040169419985175515 -0.025349922945552252 0.028412229781060609 -0.034454128532557603 0.028475607314647673 -0.032101433035959026 0.039717581349026865 0.030007558540500603 0.041003236059410565 0.021386105335364156
leaf_weight=3.5320469699799997 3.6363028846681109 4.2382712177932254 12.043145313858988 1.4152656793594349 9.3866931758820993 2.1698480844497672 10.368980735540388 10.759442720562225 30.207573555409908 4.8184366449713707 3.0692927166819572 2.5937658548355103 15.246162414550779 1.5106678605079649
leaf_count=31 28 23 27 3 14 17 18 96 77 36 6 4 16 3
internal_value=0.0159128 0.0174097 0.0188343 0.0145777 0.0175826 0.0136237 0.00190102 -0.0125735 0.0242169 -0.0177989 0.0138978 -0.00279725 0.0301037 -0.0136695
internal_weight=114.996 109.849 105.611 78.3213 72.0876 62.701 30.3235 19.9545 32.3774 6.2337 9.19511 6.12581 27.2893 5.14697
internal_count=399 368 345 302 263 249 155 137 94 39 41 35 43 31
is_linear=0
shrinkage=0.03


Tree=48
num_leaves=15
num_cat=0
split_feature=26 10 12 17 10 0 8 10 6 14 18 6 11 17
split_gain=9.46484 12.1127 7.13956 8.40723 7.40961 11.3556 7.37771 15.3419 5.19408 3.70444 3.53873 8.58559 2.59034 2.43996
threshold=1.0000000180025095e-35 7.3000000000000016 1.0000000180025095e-35 90.850000000000009 -6.3499999999999988 25.650000000000002 13.700000000000001 -4.1499999999999995 18650.000000000004 13.500000000000002 1.0000000180025095e-35 20600.000000000004 4030.0000000000005 97.250000000000014
decision_type=2 2 2 10 2 2 2 2 2 2 2 2 2 8
left_child=10 2 3 4 9 6 7 -6 12 -2 -1 -12 -8 -5
right_child=1 -3 -4 13 5 -7 8 -9 -10 -11 11 -13 -14 -15
leaf_value=0.035168443192232751 0.033335409968189234 -0.030940331810859169 0.028118464816574814 0.041213477218864036 0.026220839064186735 -0.034214281446099719 0.014020599114683159 -0.033675951136398111 0.02596354887837685 -0.003127084107468561 -0.027118178148034435 0.038099002795591801 -0.027898011418649549 0.01289255130230671
leaf_weight=23.342947944998745 7.5764552354812604 5.0295966118574134 20.865430876612663 6.2402340248227093 5.3520365096628622 7.791007734835147 1.4627845846116572 8.9741456396877819 12.942325454205273 3.3171110861003399 2.6238596886396399 2.6793332695960999 2.1974985785782337 6.5474821925163278
leaf_count=32 16 44 33 7 18 62 4 77 36 18 19 3 17 19
internal_value=0.0155295 0.0104548 0.0132927 0.00797002 0.00216557 -0.00409854 0.00432165 -0.0110486 0.0174587 0.0229031 0.030291 0.00664845 -0.0117319 0.0286996
internal_weight=116.942 88.2961 83.2665 62.4011 49.6134 38.7198 30.9288 14.3262 16.6026 10.8936 28.6461 5.30319 3.66028 12.7877
internal_count=405 351 307 274 248 214 152 95 57 34 54 22 21 26
is_linear=0
shrinkage=0.03


Tree=49
num_leaves=15
num_cat=0
split_feature=7 0 5 5 1 14 18 11 1 11 19 13 14 10
split_gain=6.58293 6.39489 4.62295 8.6313 6.81534 5.70085 9.25065 6.62146 5.16472 4.48635 4.30796 3.51403 2.95355 4.05315
threshold=14.350000000000003 16.450000000000003 87.500000000000014 3.5000000000000004 87.500000000000014 17.000000000000004 -0.37940952255126054 4135.0000000000009 94.500000000000014 4265.0000000000009 -0.9159756150367534 2255.0000000000005 8.3000000000000025 4.9500000000000011
decision_type=2 2 2 2 2 2 2 2 2 2 2 2 2 2
left_child=1 10 3 4 5 7 -7 11 -6 -5 -1 -3 13 -9
right_child=-2 2 -4 9 8 6 -8 12 -10 -11 -12 -13 -14 -15
leaf_value=0.018217525696172274 0.033749934594098384 -0.027077743235596134 0.025837016759937173 0.0069312870822583672 -0.030410958933571049 0.020537965283636724 -0.031836430021240515 -0.023312111323476326 0.023127122570650058 -0.031712287647219096 -0.030305599196552822 0.019460529200851163 0.029184395589211078 0.028590716142181047
leaf_weight=1.6092478260397909 14.098452396690844 2.8570580407977095 21.931070826947689 4.2332971990108472 4.1964203417301169 6.0957294255495071 4.3080104403197748 2.0019655078649516 1.5033929273486135 5.2577678374946117 4.2714816294610491 1.4653058648109434 33.867495313286781 1.4668396264314649
leaf_count=3 21 25 40 16 35 13 35 20 3 39 39 3 95 3
internal_value=0.0151223 0.0120372 0.0140665 0.00990584 0.0142656 0.0176851 -0.00203935 0.0225433 -0.0149455 -0.0154584 -0.0163095 -0.0106089 0.0265579 0.000122305
internal_weight=109.164 95.0651 89.1844 67.2533 57.7622 52.0624 10.4037 41.6587 5.69981 9.49107 5.88073 4.32236 37.3363 3.46881
internal_count=390 369 327 287 232 194 48 146 38 55 42 28 118 23
is_linear=0
shrinkage=0.03


Tree=50
num_leaves=15
num_cat=0
split_feature=4 16 11 19 3 11 14 11 8 6 8 14 19 19
split_gain=7.06694 8.84164 10.7052 7.00422 7.7435 7.66362 7.17222 5.89394 7.0565 4.59682 3.15136 2.91783 2.9363 2.36329
threshold=10.500000000000002 13.843995728944675 4875.0000000000009 0.25881904510252057 99.500000000000014 4285.0000000000009 16.800000000000001 4455.0000000000009 11.200000000000001 14850.000000000002 14.900000000000002 9.2000000000000011 -0.12940952255126034 0.96592582628906831
decision_type=2 10 2 2 2 2 2 2 2 2 2 2 2 2
left_child=1 2 -1 7 5 -5 13 -3 -9 -4 -11 -2 -13 -7
right_child=11 3 9 4 -6 6 -8 8 -10 10 -12 12 -14 -15
leaf_value=-0.031065930870899285 0.0055390050277609511 0.031153646944161454 0.040683243405977981 -0.033086569862343887 0.028160647177782799 0.003625534252206586 -0.029600405510211258 -0.029267495281584063 0.022100032270141359 -0.02463709236542529 0.020820045397453035 0.008287295704141405 0.032512829272866028 0.033615041245233263
leaf_weight=8.4446923322975618 6.3393486440181723 24.15037764981389 2.7706869579851618 5.8704313263297143 6.5737889856100074 4.9366744533181173 2.7465867437422267 3.0525974929332724 4.9309547916054726 2.1155995763838296 1.4908130317926405 6.2589204236865035 29.408172860741615 4.0799377113580704
leaf_count=88 19 56 6 49 9 25 20 21 11 18 4 18 45 8
internal_value=0.01566 0.00967856 -0.0104226 0.0150562 0.0026718 -0.00783173 0.00637657 0.0240234 0.00138753 0.0174192 -0.00540561 0.0253326 0.0286036 0.0191967
internal_weight=113.17 71.1631 14.8218 56.3413 24.2074 17.6336 11.7632 32.1339 7.98355 6.3771 3.60641 42.0064 35.6671 9.01661
internal_count=397 315 116 199 111 102 53 88 32 28 22 82 63 33
is_linear=0
shrinkage=0.03


Tree=51
num_leaves=15
num_cat=0
split_feature=0 26 12 11 6 11 10 16 18 19 6 15 16 19
split_gain=8.63082 6.11088 10.0419 8.696 7.23723 5.42642 22.2174 6.53176 6.18855 5.76178 4.69371 2.92044 2.86691 5.08421
threshold=29.350000000000005 1.0000000180025095e-35 1.0000000180025095e-35 4905.0000000000009 31450.000000000004 4795.0000000000009 -1.3999999999999997 22.8772704938558 -0.37940952255126054 0.98296291314453432 15550.000000000002 43.500000000000007 16.243812243544376 0.25881904510252057
decision_type=2 2 2 2 2 2 2 8 2 2 2 2 10 2
left_child=1 10 3 4 5 6 9 12 -9 -3 -1 -7 13 -8
right_child=-2 2 -4 -5 -6 11 7 8 -10 -11 -12 -13 -14 -15
leaf_value=-0.0073980292524034891 -0.028840197301486487 -0.034994747418191488 0.030124591885599964 -0.030520514005769876 -0.027649817173423626 0.0035771526875328637 0.023225349827137139 0.02058573433013727 -0.031620368419166871 0.019179076906494279 0.032661647206175815 0.038653320178583722 0.033246771492677914 -0.024898381989605211
leaf_weight=2.5532131567597416 2.9506615549325934 9.9743427969515253 20.777186468243599 4.3503601551055899 3.4536676444113246 3.0742025934159747 5.5806170888245203 3.0822407864034176 3.1472651958465567 1.4447468072175986 25.715704955160618 8.1357316523790342 17.501851446926594 1.8957193084061144
leaf_count=12 22 82 31 38 31 19 22 8 24 4 43 11 37 18
internal_value=0.0155381 0.0169688 0.012574 0.00627177 0.00954127 0.0123878 0.00714256 0.0201431 -0.00651526 -0.0271482 0.0289144 0.0301149 0.0267865 0.00952515
internal_weight=113.638 110.687 82.4179 61.6407 57.2904 53.8367 42.6268 31.2077 6.22951 11.4191 28.2689 11.2099 24.9782 7.47634
internal_count=402 380 325 294 256 225 195 109 32 86 55 30 77 40
is_linear=0
shrinkage=0.03


Tree=52
num_leaves=15
num_cat=0
split_feature=17 4 10 5 7 13 15 21 3 19 10 21 17 10
split_gain=7.86629 11.1339 5.88399 4.75301 4.86332 5.62438 10.8347 8.66506 7.64187 3.85526 6.30863 3.31487 2.86866 2.63733
threshold=23.900000000000002 85.500000000000014 -6.6499999999999995 97.500000000000014 14.350000000000003 2125.0000000000005 80.500000000000014 1.0000000180025095e-35 99.500000000000014 0.25881904510252057 4.2000000000000002 -0.9330127018922193 80.300000000000011 3.3500000000000001
decision_type=10 2 2 2 2 2 2 2 2 2 2 2 10 2
left_child=1 2 -1 4 5 6 7 11 -8 -9 12 -2 13 -11
right_child=3 -3 -4 -5 -6 -7 8 9 -10 10 -12 -13 -14 -15
leaf_value=0.0091205348259553592 0.014310993657614018 0.026955359461377643 -0.031695083989885506 0.035392622450955535 0.03347692122960251 0.025919295814889266 -0.034860406415661044 0.031143058493586215 0.0069158730027779267 -0.02211874155379041 -0.025583739864798019 -0.029240697218387495 0.031433981959933577 0.020950722208285259
leaf_weight=4.3485640548169622 1.600238289684057 7.0575805157423011 7.993231177330018 14.960402727127073 12.611059524118899 21.150024935603142 6.7701054066419584 17.852789532393221 7.4404750019311905 1.7495718002319318 2.7653531022369853 3.8524922318756571 5.7044174373149872 1.403108611702919
leaf_count=17 5 11 79 19 18 47 42 50 19 18 31 37 10 3
internal_value=0.0164849 -0.000934562 -0.0177082 0.0199125 0.0167304 0.0132983 0.00745742 0.0163215 -0.0139703 0.0226767 0.00823489 -0.0162223 0.020318 -0.00252131
internal_weight=117.259 19.3994 12.3418 97.86 82.8996 70.2886 49.1386 34.928 14.2106 29.4752 11.6225 5.45273 8.8571 3.15268
internal_count=406 107 96 299 280 262 215 154 61 112 62 42 31 21
is_linear=0
shrinkage=0.03


Tree=53
num_leaves=15
num_cat=0
split_feature=0 3 18 16 3 18 16 21 3 14 11 14 15 15
split_gain=10.6595 6.04803 7.49549 6.72803 7.5718 5.9463 8.23946 4.13092 6.02652 4.01403 4.22716 3.54601 5.14276 3.4313
threshold=28.750000000000004 51.500000000000007 0.60355339059327384 22.8772704938558 33.500000000000007 0.98296291314453432 9.4685810454955543 -0.68301270189221952 25.500000000000004 19.900000000000002 4395.0000000000009 13.900000000000002 60.000000000000007 20.500000000000004
decision_type=2 2 2 8 2 2 8 2 2 2 2 2 2 2
left_child=1 2 3 4 7 6 -4 8 -1 10 -3 -9 13 -13
right_child=-2 9 5 -5 -6 -7 -8 11 -10 -11 -12 12 -14 -15
leaf_value=-0.028611373926137534 -0.029602276311061895 -0.0070672222355160881 0.018652858718900343 -0.015215111285238531 -0.016503883238193091 0.023541130097091637 -0.032241871651167861 0.033522258013148183 0.028623158449999936 0.036907865705003852 0.024655515024103136 -0.0029478102455404607 -0.00951438675533052 0.032945257276466557
leaf_weight=2.5837017074227324 3.5308494195342055 4.8367995470762279 3.4396530911326382 4.4725973866879931 3.884689934551715 3.609820704907178 7.8843130096793184 26.59377807751298 2.0833966135978699 19.982631757855415 11.790895789861677 2.9329034052789238 5.0303382202982894 9.1780060157179815
leaf_count=25 27 16 15 29 18 16 74 60 2 23 22 18 19 16
internal_value=0.0162406 0.0179923 0.0126295 0.0175416 0.0205766 -0.00596934 -0.0165235 0.0238264 -0.00251947 0.0278791 0.0155503 0.0266314 0.0146819 0.0246912
internal_weight=111.834 108.304 71.6932 56.7594 52.2868 14.9338 11.324 48.4021 4.6671 36.6103 16.6277 43.735 17.1412 12.1109
internal_count=380 353 292 187 158 105 89 140 27 61 38 113 53 34
is_linear=0
shrinkage=0.03


Tree=54
num_leaves=15
num_cat=0
split_feature=0 13 14 14 1 13 17 17 16 4 17 0 0 0
split_gain=6.30774 4.35842 5.45743 7.0069 10.515 7.99244 5.88491 8.59399 5.04519 4.86311 3.94177 3.63918 2.9985 3.68114
threshold=28.750000000000004 2255.0000000000005 25.400000000000002 11.200000000000001 78.500000000000014 205.00000000000003 60.250000000000007 30.050000000000004 18.176246339012533 99.500000000000014 46.800000000000004 25.750000000000004 20.650000000000002 12.000000000000002
decision_type=2 2 2 2 2 2 10 8 10 2 10 2 2 2
left_child=1 2 3 6 5 8 7 -1 -5 -6 -2 -7 13 -10
right_child=10 -3 -4 4 9 11 -8 -9 12 -11 -12 -13 -14 -15
leaf_value=0.020633313070941062 -0.029725974169713537 0.027388579905167965 0.03287063228336657 -0.031520868994224224 -0.033996376056663419 0.035649602390058453 0.031609777494730706 -0.028738363999745584 0.020982391033500684 0.0096270496272001845 0.017988722378419222 0.0024733047362990304 0.020974454297574441 -0.027999480157157246
leaf_weight=8.4068163223564625 3.516853865236043 29.718194738030434 10.4080768302083 3.6477476507425335 7.7521060779690725 9.5221496261656267 17.034437581896782 3.8038891553878793 1.3092462457716445 2.6144287586212158 1.5681304633617399 4.3686791881918898 4.7130093574523926 2.7094469889998436
leaf_count=26 27 66 16 28 65 18 38 34 4 5 4 19 11 23
internal_value=0.0160394 0.0176247 0.013516 0.0100126 0.00115744 0.0112322 0.0207009 0.00424185 -0.006135 -0.0231155 -0.0144734 0.0260824 0.00661941 -0.0110405
internal_weight=111.093 106.008 76.29 65.882 36.6368 26.2703 29.2451 12.2107 12.3795 10.3665 5.08498 13.8908 8.7317 4.01869
internal_count=384 353 287 271 173 103 98 60 66 70 31 37 38 27
is_linear=0
shrinkage=0.03


Tree=55
num_leaves=15
num_cat=0
split_feature=8 6 11 15 0 18 19 20 21 14 0 18 18 16
split_gain=5.54107 5.52008 14.6654 11.8922 11.5686 6.15151 5.83527 2.88291 2.86684 8.14546 7.20972 2.05684 5.72061 1.67838
threshold=3.8000000000000003 22050.000000000004 4465.0000000000009 20.500000000000004 21.250000000000004 0.98296291314453432 -0.9159756150367534 1.0000000180025095e-35 0.6830127018922193 19.900000000000002 24.450000000000003 -0.25881904510252113 -0.9159756150367534 7.5415590505869963
decision_type=2 2 2 2 2 2 2 2 2 2 2 2 2 10
left_child=-1 3 4 6 5 -3 -2 -6 13 10 -10 12 -9 -5
right_child=1 2 -4 8 7 -7 -8 11 9 -11 -12 -13 -14 -15
leaf_value=-0.023697360195784029 0.023105684861013383 -0.031130025789411594 -0.031446134901951008 -0.01148659653511484 0.04102303179774499 0.027055735184958123 -0.028617794966899545 0.024494761009756866 -0.032840793654815223 0.032506922466382995 0.02213450038465856 0.028677778897178159 -0.03044934527376111 0.028476635919870898
leaf_weight=2.1073007695376864 1.9869081676006315 4.7939726151526036 6.1487136706709853 0.46217533946037193 8.86456346511841 1.409117557108402 5.2646040990948668 2.9479550309479237 4.1418616995215398 7.0391616895794868 2.786859929561615 3.7667104378342611 2.0031956471502781 63.932630941271782
leaf_count=21 8 43 51 4 9 3 66 8 26 9 5 8 14 127
internal_value=0.0171193 0.0180606 0.00668018 0.0219166 0.0174072 -0.0159912 -0.013363 0.0294166 0.0253085 0.0117776 -0.0107259 0.0146079 0.000883673 0.0280185
internal_weight=117.656 115.548 29.9342 85.6142 23.7855 6.20309 7.25151 17.5824 78.3627 13.9679 6.92872 8.71786 4.95115 64.3948
internal_count=402 381 136 245 85 46 74 39 171 40 31 30 22 131
is_linear=0
shrinkage=0.03


Tree=56
num_leaves=15
num_cat=0
split_feature=8 1 6 6 16 15 6 17 16 21 5 18 22 0
split_gain=5.04547 4.30746 4.0983 10.0761 5.51365 4.98832 6.91581 6.63534 3.83716 5.19382 7.97675 3.2582 3.07668 7.11313
threshold=4.2000000000000002 57.500000000000007 29350.000000000004 26550.000000000004 28.167426204884556 20.500000000000004 25150.000000000004 8.1500000000000004 21.275694372343587 0.6830127018922193 63.000000000000007 -0.9159756150367534 1.0000000180025095e-35 26.050000000000004
decision_type=2 2 2 2 8 2 2 10 10 2 2 2 2 2
left_child=-1 11 3 4 5 6 7 -3 9 12 -11 -2 -7 -14
right_child=1 2 -4 -5 -6 8 -8 -9 -10 10 -12 -13 13 -15
leaf_value=-0.014889289744394794 0.015959854445347539 0.026433411875555719 0.03967309621396161 -0.029261549451747439 -0.016038788862692447 0.03165486807296064 0.035800703349599387 -0.029206020852405357 0.032610284333575809 -0.030921562830675289 0.022971253624823523 -0.02840308013398149 0.02381005939649786 -0.0052913376620590657
leaf_weight=3.9292008131742469 1.7384500205516813 1.8051027990877608 6.9168332591652861 3.3367843627929679 3.3648684360086909 16.236128941178322 2.4265381097793579 5.8526794239878654 22.843130029737949 4.0014449283480635 3.9135836660861969 2.5115922912955275 23.742049220949411 10.430657770484684
leaf_count=30 5 6 13 27 20 29 2 74 32 26 6 21 55 45
internal_value=0.0157337 0.0169616 0.0181718 0.0162679 0.0181628 0.0195842 -0.000299395 -0.0145523 0.0220281 0.0174037 -0.00468662 -0.0106732 0.0208959 0.0150294
internal_weight=113.049 109.12 104.87 97.953 94.6162 91.2513 10.0843 7.65778 81.167 58.3239 7.91503 4.25004 50.4088 34.1727
internal_count=391 361 335 322 295 275 82 80 193 161 32 26 129 100
is_linear=0
shrinkage=0.03


Tree=57
num_leaves=15
num_cat=0
split_feature=26 15 16 16 16 16 14 9 16 7 3 2 14 13
split_gain=7.64352 9.28001 7.96123 6.11454 5.89041 12.2235 5.77403 3.83296 10.6634 4.12332 9.22565 3.58935 3.21261 3.2501
threshold=1.0000000180025095e-35 43.500000000000007 17.741368403320337 19.403350257511388 21.275694372343587 17.741368403320337 34.800000000000004 1150.0000000000002 14.795276485768758 4.7500000000000009 69.000000000000014 1.0000000180025095e-35 9.8000000000000025 1390.0000000000002
decision_type=2 2 10 8 10 8 2 2 10 2 2 2 2 2
left_child=12 2 11 -4 5 7 -5 8 -3 -9 -11 -2 -1 -14
right_child=1 4 3 6 -6 -7 -8 9 -10 10 -12 -13 13 -15
leaf_value=0.0022768142910406792 -0.03159765690483831 -0.032152160476558757 0.027754281661638 -0.028418025384009969 0.024908457448967782 -0.037417786312391461 0.029526744361881033 0.031729103341551601 0.019894138139618572 -0.0333147635032532 0.027118140267510041 0.013158373705647713 0.0083014715180751986 0.03732422236303385
leaf_weight=4.4090037234127548 9.794075969606638 4.7782058939337757 5.9551783017814133 4.3296168148517618 23.946601696312428 4.1613215506076804 1.2664457559585569 10.956660017371179 8.1583579182624799 2.8340763077139846 4.597585067152977 1.3282267898321158 5.2267365008592632 15.960817225277422
leaf_count=18 110 37 16 45 44 26 1 18 18 17 7 2 15 21
internal_value=0.0121729 0.00753467 -0.00852987 0.00864453 0.013703 0.00566596 -0.0128162 0.0123699 -0.000257177 0.0208083 0.00285409 -0.0256083 0.0262085 0.0308615
internal_weight=107.703 82.1064 22.6735 11.5512 59.4328 35.4862 5.59606 31.3249 12.9366 18.3883 7.43166 11.1223 25.5966 21.1876
internal_count=395 341 174 62 167 123 46 97 55 42 24 112 54 36
is_linear=0
shrinkage=0.03


Tree=58
num_leaves=15
num_cat=0
split_feature=14 13 5 21 26 17 11 22 15 11 8 20 3 13
split_gain=6.09681 10.0206 8.38577 11.6976 9.45008 8.11668 10.1595 6.43057 17.4292 5.60668 4.44914 2.12094 3.61095 1.90008
threshold=25.400000000000002 2125.0000000000005 87.500000000000014 1.0000000180025095e-35 1.0000000180025095e-35 59.100000000000009 4155.0000000000009 1.0000000180025095e-35 94.000000000000014 5095.0000000000009 5.1500000000000012 -0.5 99.500000000000014 15.000000000000002
decision_type=2 2 2 2 2 10 2 2 2 2 2 2 2 2
left_child=1 2 3 -1 -5 -6 10 -3 9 -9 -7 -4 -13 -8
right_child=-2 7 11 4 5 6 13 8 -10 -11 -12 12 -14 -15
leaf_value=-0.032656508225678366 0.032867447786063861 0.037329189572420575 0.034296312087589584 0.026904624193215706 -0.031732617585786202 0.016166197272605334 0.032492958752377406 -0.033146214498584403 0.031297560684290231 0.022117295986713328 -0.032873574026432539 -0.0090502227471729296 0.028388787516665751 0.0077420903791861678
leaf_weight=8.4718047641217691 13.057011365890501 15.867890246212481 6.6295749247074127 10.821037270128725 6.5532369501888779 1.5443430319428468 5.6956206709146482 6.4948906414210805 13.779272705316544 1.362928122282028 5.6237137466669083 3.975553344935177 3.5667767226696014 6.2087815925478935
leaf_count=83 19 24 8 22 62 4 13 57 18 3 44 17 4 19
internal_value=0.01419 0.0113544 0.00352936 -0.00292258 0.00467639 -0.00536794 0.00482047 0.0232711 0.0117678 -0.022146 -0.0216224 0.0228239 0.00990542 0.0211844
internal_weight=109.652 96.5954 59.0904 44.9185 36.4467 25.6257 19.0725 37.505 21.6371 7.85782 7.16806 14.1719 7.54233 11.9044
internal_count=397 378 276 247 164 142 80 102 78 60 48 29 21 32
is_linear=0
shrinkage=0.03


Tree=59
num_leaves=15
num_cat=0
split_feature=13 17 4 14 8 19 6 6 21 0 18 19 0 7
split_gain=8.20765 11.6651 15.7789 4.58231 12.1469 6.47206 4.41174 3.75604 5.5355 3.57864 2.9812 2.53624 1.55534 1.52907
threshold=2255.0000000000005 53.20000000000001 44.000000000000007 11.200000000000001 13.700000000000001 0.96592582628906831 26550.000000000004 17950.000000000004 -0.5 18.550000000000004 0.25881904510252091 0.9159756150367534 24.750000000000004 12.250000000000002
decision_type=2 10 2 2 2 2 2 2 2 2 2 2 2 2
left_child=1 2 -1 -3 5 -5 10 -2 11 -8 -6 -9 -4 -12
right_child=7 3 12 4 6 -7 9 8 -10 -11 13 -13 -14 -15
leaf_value=-0.032543957897937063 0.030753119718407503 0.02851071886236747 0.00038647061634260307 -0.036329360681378854 0.029956029594755573 0.021306266490976156 0.019129291529239908 -0.028114996379294984 0.028966077651838715 -0.027832256026593491 -0.0083158637877350089 0.0070447833468712797 0.023905844449713907 0.018424991035453617
leaf_weight=11.84769529849291 27.245708733797073 15.956497918814419 3.8410723283886892 5.8495989218354216 16.196283940225847 1.6169532947242258 1.6564022973179806 2.5983515605330467 5.1557327136397344 2.3854030892252922 3.3030642457306376 3.1469901874661446 6.6104478687047958 2.5575517565011978
leaf_count=128 53 40 12 42 24 4 5 21 8 17 20 9 13 5
internal_value=0.0138106 0.00765626 -0.0100566 0.0156734 0.00892238 -0.0228055 0.018506 0.0249062 0.00893654 -0.00860968 0.0236327 -0.0106671 0.0160507 0.00433841
internal_weight=109.968 71.821 22.2992 49.5218 33.5653 7.46655 26.0987 38.1468 10.9011 4.04181 22.0569 5.74534 10.4515 5.86062
internal_count=401 310 153 157 117 46 71 91 38 22 49 30 25 25
is_linear=0
shrinkage=0.03


Tree=60
num_leaves=15
num_cat=0
split_feature=8 12 21 17 0 8 7 7 1 10 8 21 7 7
split_gain=6.19494 4.83792 6.5181 9.21903 5.60865 4.75793 7.45647 8.41347 8.04914 7.62291 8.42697 4.24055 8.19686 3.63825
threshold=4.0000000000000009 1.0000000180025095e-35 -0.68301270189221952 63.20000000000001 26.950000000000003 9.4000000000000021 13.750000000000002 4.1500000000000012 80.500000000000014 4.0500000000000007 13.700000000000001 0.6830127018922193 5.6500000000000012 10.950000000000001
decision_type=2 2 2 8 2 2 2 2 2 2 2 2 2 2
left_child=-1 2 3 -2 5 11 7 -7 9 10 -9 -4 -13 -6
right_child=1 -3 4 -5 13 6 -8 8 -10 -11 -12 12 -14 -15
leaf_value=-0.025166270262250264 -0.022847531982672063 0.028767194560002696 0.036030978411921495 0.029018580371740991 -0.029573096670655764 0.033160826086146927 0.028783835728992166 -0.027786798214552232 -0.033701311775095985 -0.030145363032672845 0.026247951640347451 -0.026359382033986425 0.031769570143518666 0.017140401357159246
leaf_weight=2.3901956826448432 8.6127228401601279 23.930992864072323 18.815512362867597 3.574113443493844 3.0021096765995017 5.4101068675518063 14.620158553123472 2.4316847808659139 5.626651342958211 3.3341623358428469 11.077185194939373 2.8690543025732032 4.0893919877707958 1.5808944851160047
leaf_count=24 78 37 36 5 22 10 26 18 44 29 26 28 6 4
internal_value=0.0157912 0.0169102 0.0132781 -0.00658935 0.0166456 0.0188168 0.0121802 0.00277802 -0.00563859 0.00509952 0.0152766 0.0288965 0.0075017 -0.0132755
internal_weight=111.365 108.975 85.0437 12.1868 72.8569 68.2739 42.4999 27.8798 22.4697 16.843 13.5089 25.774 6.95845 4.583
internal_count=393 369 332 83 249 223 153 127 117 73 44 70 34 26
is_linear=0
shrinkage=0.03


Tree=61
num_leaves=15
num_cat=0
split_feature=15 6 20 4 10 7 14 8 18 14 20 1 26 16
split_gain=5.46082 7.06839 6.46493 10.5865 5.39883 6.57586 7.75532 7.89663 5.96335 4.4805 7.60771 3.73743 5.77312 2.81522
threshold=43.500000000000007 29350.000000000004 0.93301270189221952 68.500000000000014 -5.2499999999999991 14.350000000000003 11.600000000000001 14.100000000000001 -0.5 9.2000000000000011 0.68301270189221941 57.500000000000007 1.0000000180025095e-35 10.55110156737384
decision_type=2 2 2 2 2 2 2 2 2 2 2 2 2 8
left_child=1 2 3 -1 -2 6 9 13 -9 10 -6 12 -3 -8
right_child=4 11 -4 -5 5 -7 7 8 -10 -11 -12 -13 -14 -15
leaf_value=-0.027833432070541876 0.028567210542012524 0.027855237749554333 0.021309637359774002 0.021149201318556132 -0.032521367653549994 0.032496774392711932 0.0046185277160642755 0.020946472532724913 -0.018054394161426877 0.02860717962288381 0.027143496583906839 0.037754175315490718 -0.025570769066072207 -0.036800315037682628
leaf_weight=13.358635174110537 25.872734040021896 2.8523108810186386 4.9131852313876143 4.6547414511442176 2.793855972588065 9.5624722540378553 1.5977932289242769 8.8815671280026418 4.5692428834736338 12.804596289992331 2.907766580581665 5.3019250743091106 2.4606798328459245 6.2171928808093071
leaf_count=146 44 4 16 10 21 13 6 19 22 25 6 10 25 41
internal_value=0.0131578 0.00297294 -0.00643841 -0.0147295 0.0176015 0.0113974 0.00565185 -0.00660934 0.00736531 0.0193579 -0.0025831 0.0221042 0.00298033 -0.0287688
internal_weight=108.749 33.5415 22.9266 18.0134 75.2072 49.3345 39.772 21.2658 13.4508 18.5062 5.70162 10.6149 5.31299 7.81499
internal_count=408 211 172 156 197 153 140 88 41 52 27 39 29 47
is_linear=0
shrinkage=0.03


Tree=62
num_leaves=15
num_cat=0
split_feature=8 4 8 8 1 1 16 3 18 6 11 7 8 11
split_gain=5.61612 4.89644 7.32985 6.69391 5.21203 4.85719 8.25643 3.93396 3.82888 3.92301 3.99605 3.33292 6.98883 5.42044
threshold=3.8000000000000003 33.500000000000007 9.2000000000000011 10.400000000000002 87.500000000000014 85.500000000000014 15.553405759324475 69.000000000000014 1.0000000180025095e-35 15950.000000000002 3975.0000000000005 14.350000000000003 17.000000000000004 3895.0000000000005
decision_type=2 2 2 2 2 2 10 2 2 2 2 2 2 2
left_child=-1 2 8 -4 5 6 7 -5 -2 10 -10 12 13 -8
right_child=1 -3 3 4 -6 -7 11 -9 9 -11 -12 -13 -14 -15
leaf_value=-0.025607000459568818 0.028539760438951092 0.024154424547294658 -0.031456154705644772 -0.031434437799912625 -0.028357199094539935 0.030865506205089342 -0.025521408527366451 0.013351195113945195 0.019938753391317034 0.02175082888330155 -0.029454591783413236 0.02616580357109655 -0.031554249516740074 0.022096076343972114
leaf_weight=2.3110398985445491 20.468878705054525 33.966510236263275 3.7289031185209742 6.083600880578163 2.6546450518071643 6.5821779966354361 1.7669569849967981 1.7207995280623434 1.4246711693704108 4.9057254157960415 3.1941845025867224 8.9397709444165212 2.9793126396834841 10.487836826592682
leaf_count=21 53 63 30 68 19 12 12 5 3 19 28 15 21 32
internal_value=0.0137132 0.014773 0.0102586 0.00246024 0.00620125 0.00923705 0.00398427 -0.0211648 0.0214877 0.00506066 -0.0133823 0.0126217 0.00355149 0.0138229
internal_weight=111.215 108.904 74.9375 44.944 41.2151 38.5605 31.9783 7.8044 29.9935 9.52458 4.61886 24.1739 15.2341 12.2548
internal_count=401 380 317 214 184 165 153 73 103 50 31 80 65 44
is_linear=0
shrinkage=0.03


Tree=63
num_leaves=15
num_cat=0
split_feature=17 6 1 0 14 14 5 20 7 5 1 14 6 10
split_gain=10.796 12.0229 4.65288 4.22449 6.90236 6.16542 3.11963 2.70411 3.79657 2.07991 5.44788 3.73999 3.38967 9.52237
threshold=24.650000000000002 15250.000000000002 89.500000000000014 20.650000000000002 25.400000000000002 13.300000000000002 97.500000000000014 0.68301270189221941 9.0500000000000025 97.500000000000014 86.500000000000014 18.600000000000005 26550.000000000004 6.7500000000000009
decision_type=10 2 2 2 2 2 2 2 2 2 2 2 2 2
left_child=1 2 -1 4 5 7 -7 8 -2 10 12 -12 -5 -14
right_child=3 -3 -4 9 -6 6 -8 -9 -10 -11 11 -13 13 -15
leaf_value=0.029984169168033325 -0.02587246455632124 -0.033317131738644305 -0.011290850623046449 0.025062618284035932 0.031038473102601258 -0.033104983219672979 0.010271342029262019 0.020870738581404341 0.023352680510802006 0.032796649333830898 -0.028816930133198443 0.012846548220288549 -0.028766023166375228 0.030132432358668845
leaf_weight=5.5068459175527114 2.6668370887637192 7.9019719380885354 3.2702729273587465 38.68411042355001 6.2067037373781195 5.4708263538777819 1.4241551533341406 6.737917672842741 1.3496051281690595 12.397525727748869 2.7558401674032202 3.1475332379341125 3.608418207615613 4.3372234031558037
leaf_count=14 26 79 20 95 8 47 3 21 2 17 21 7 32 7
internal_value=0.0132761 -0.00846768 0.0150236 0.0174096 0.00627064 -0.00363668 -0.0239794 0.0103362 -0.00797389 0.021345 0.0180803 -0.00795992 0.0214749 0.00315882
internal_weight=105.466 16.6791 8.77712 88.7867 23.856 17.6493 6.89498 10.7544 4.01644 64.9307 52.5331 5.90337 46.6298 7.94564
internal_count=399 113 34 286 107 99 50 49 28 179 162 28 134 39
is_linear=0
shrinkage=0.03


Tree=64
num_leaves=15
num_cat=0
split_feature=17 6 13 8 1 18 11 17 15 7 13 19 11 3
split_gain=6.357 12.1158 6.02579 6.71749 5.83224 4.19512 6.57873 4.98065 6.00643 3.84308 2.78397 2.41336 6.528 1.92093
threshold=23.900000000000002 14750.000000000002 2125.0000000000005 20.300000000000004 89.500000000000014 0.37940952255126054 4715.0000000000009 36.550000000000004 80.500000000000014 12.250000000000002 435.00000000000006 -1.0000000180025095e-35 4245.0000000000009 51.500000000000007
decision_type=10 2 2 2 2 2 2 10 2 2 2 2 2 2
left_child=1 4 3 5 -1 7 9 -2 11 -7 -10 -9 -13 -5
right_child=2 -3 -4 13 -6 6 -8 8 10 -11 -12 12 -14 -15
leaf_value=0.035535684633452559 -0.018706770957735441 -0.032590170912510069 0.027317890832825695 0.010383939282205316 -0.011319263279129309 -0.032153255284470605 0.020718761670259024 0.029842899414824403 -0.019914287435745578 0.013218019575114735 0.0097817945918873897 -0.026649920957989473 0.022463495228476509 0.035208226817368148
leaf_weight=5.1967375278472883 3.9860130809247485 6.6864465735852709 27.834135960787535 5.3556634485721579 3.2667444087564945 7.0077833794057351 3.5416529402136794 13.18010345473885 4.889190483838318 1.5303165242075918 4.6268429011106491 2.4408383220434242 7.7420425787568092 9.487772583961485
leaf_count=11 28 68 55 17 19 70 15 28 23 4 11 23 24 11
internal_value=0.0128675 -0.0048665 0.0158207 0.0104597 0.0181655 0.00485357 -0.00993391 0.00983344 0.0137435 -0.023488 -0.00591843 0.0216662 0.00936063 0.0274721
internal_weight=106.772 15.1499 91.6224 63.7882 8.46348 48.9448 12.0798 36.865 32.879 8.5381 9.51603 23.363 10.1829 14.8434
internal_count=407 98 309 254 30 226 89 137 109 74 34 75 47 28
is_linear=0
shrinkage=0.03


Tree=65
num_leaves=15
num_cat=0
split_feature=8 12 21 17 13 11 11 6 7 1 11 1 0 5
split_gain=5.41181 3.65034 7.24275 5.35025 4.13625 7.66594 5.66182 4.28156 5.24842 3.87339 8.31778 3.86306 3.42934 2.95897
threshold=4.0000000000000009 1.0000000180025095e-35 -0.68301270189221952 63.20000000000001 2750.0000000000005 4465.0000000000009 4715.0000000000009 20050.000000000004 1.6000000000000003 84.500000000000014 3845.0000000000005 83.500000000000014 15.15 99.500000000000014
decision_type=2 2 2 10 2 2 2 2 2 2 2 2 2 2
left_child=-1 2 3 13 5 9 -7 8 -8 12 -11 -3 -4 -2
right_child=1 11 4 -5 -6 6 7 -9 -10 10 -12 -13 -14 -15
leaf_value=-0.024965105660168206 -0.030936040534415586 0.0024161429482414125 -0.0096653094859644913 0.021840972814379602 0.030925856851581258 -0.032487984894715306 0.026330663183755036 0.019982981848947447 -0.030951083870310765 0.024549169891547928 -0.031030631562907016 0.031349454068610595 0.023797963963283968 0.0075859632795914813
leaf_weight=2.2528233975172034 6.1920246127992851 5.462081931531432 2.4508540183305731 2.5697850883007041 11.928174834698437 4.1394828148186198 1.2107843160629252 6.3980701640248299 3.6118164360523224 4.1995377093553534 3.5410501658916473 19.027339771389961 36.291621591895819 1.9392647668719289
leaf_count=22 71 15 22 5 27 34 1 21 28 8 26 26 97 6
internal_value=0.0140536 0.01508 0.0118724 -0.0104459 0.0152063 0.0117304 -0.00633645 0.00518026 -0.0145174 0.0177083 -0.0015179 0.0252442 0.0214911 -0.0219241
internal_weight=111.215 108.962 84.4725 10.7011 73.7714 61.8432 15.3602 11.2207 4.8226 46.4831 7.74059 24.4894 38.7425 8.13129
internal_count=409 387 346 82 264 237 84 50 29 153 34 41 119 77
is_linear=0
shrinkage=0.03


Tree=66
num_leaves=15
num_cat=0
split_feature=19 8 14 19 18 1 13 3 1 1 11 16 10 15
split_gain=5.00674 7.21502 8.15459 6.61322 4.94646 5.10411 6.96753 4.81102 4.75029 4.23391 3.25768 8.45106 2.55871 2.66657
threshold=0.96592582628906831 13.700000000000001 13.900000000000002 -0.60355339059327384 -0.9829629131445341 83.500000000000014 2335.0000000000005 28.500000000000004 51.500000000000007 76.500000000000014 3920.0000000000005 10.315390141886729 -3.3499999999999992 76.500000000000014
decision_type=2 2 2 2 2 2 2 2 2 2 2 8 2 2
left_child=1 2 3 10 -5 8 -7 9 -6 -3 -1 -12 -2 -14
right_child=12 7 -4 4 5 6 -8 -9 -10 -11 11 -13 13 -15
leaf_value=0.037110082251357368 0.032068036191922042 0.012787821591726671 -0.03294687348274182 0.023790134524183548 0.0095449663787617999 -0.027020927821276897 0.026044280647869171 0.025463081613629722 -0.03779641958766531 -0.020618071078270319 0.02392542931546424 -0.028782713970021093 -0.010070236922053 0.02393357892812923
leaf_weight=4.6481280773878089 12.844968281686308 10.813795646652578 5.1806093752384177 2.9168664067983618 2.034842457622295 2.7761981785297385 4.4733851365745068 22.549713186919689 7.1757054086774588 3.8209663294255725 7.7457147594541285 3.0296225883066663 3.2754241600632659 3.2086681425571442
leaf_count=5 19 41 45 7 7 27 9 44 68 31 23 25 22 7
internal_value=0.0113428 0.00772983 -0.0011497 0.00437189 -0.00718203 -0.0137187 0.00491104 0.0170572 -0.027427 0.00330505 0.0184409 0.00792007 0.0246767 0.00770621
internal_weight=96.4946 77.1655 39.9811 34.8005 19.377 16.4601 7.24958 37.1845 9.21055 14.6348 15.4235 10.7753 19.3291 6.48409
internal_count=380 332 216 171 118 111 36 116 75 72 53 48 48 29
is_linear=0
shrinkage=0.03


Tree=67
num_leaves=15
num_cat=0
split_feature=0 13 21 11 9 1 1 11 23 15 5 11 11 17
split_gain=4.25144 5.03495 9.56289 8.48348 5.95585 5.67712 5.17699 3.7333 3.57511 7.56819 3.25253 3.24579 14.361 2.77766
threshold=28.750000000000004 2125.0000000000005 -0.24999999999999994 4805.0000000000009 1550.0000000000002 88.500000000000014 94.500000000000014 5055.0000000000009 1.0000000180025095e-35 94.000000000000014 99.500000000000014 4135.0000000000009 3705.0000000000005 111.15000000000002
decision_type=2 2 2 2 2 2 2 2 2 2 2 2 2 10
left_child=1 2 4 5 -1 11 -7 -2 9 10 -3 12 -4 -14
right_child=7 8 3 -5 -6 6 -8 -9 -10 -11 -12 -13 13 -15
leaf_value=-0.033105417392958844 -0.028835202594641417 -0.030153368477326446 0.028759585132155461 -0.028826545976230678 0.015702247774091811 -0.031997190532311329 0.018421923481393557 0.017168714658856356 0.033112518219658604 0.025078173252405751 0.014034958994139018 0.026088247196030694 -0.033091016127059392 0.010487192279144904
leaf_weight=6.4115508049726468 3.3385267853736869 3.4657028652727613 10.907721400260927 3.1660009510815135 2.5265017375349998 3.179976273328065 2.3935099393129349 1.6821604296565054 15.328570749610664 11.166833266615868 1.5387177243828771 27.203040108084679 5.1712559424340716 1.1609053984284399
leaf_count=68 29 32 24 27 8 21 7 4 23 17 3 73 43 5
internal_value=0.0118735 0.013339 0.00816479 0.0130181 -0.0191173 0.01618 -0.0108363 -0.0131302 0.0229779 0.0120024 -0.016492 0.019732 0.00882187 -0.024761
internal_weight=98.641 93.6203 62.1205 53.1824 8.93805 50.0164 5.57349 5.02069 31.4998 16.1713 5.00442 44.4429 17.2399 6.33216
internal_count=384 351 276 200 76 173 28 33 75 52 35 145 72 48
is_linear=0
shrinkage=0.03


Tree=68
num_leaves=15
num_cat=0
split_feature=3 8 8 8 15 8 4 16 1 15 21 21 15 19
split_gain=6.2083 5.57684 7.76344 7.72164 7.16064 4.79451 4.46765 4.59436 5.21833 5.47098 4.42001 4.29059 5.66915 3.92846
threshold=69.000000000000014 9.4000000000000021 11.200000000000001 4.4000000000000012 72.500000000000014 25.100000000000005 1.0000000180025095e-35 27.967949928389732 74.500000000000014 28.500000000000004 0.6830127018922193 -0.68301270189221952 98.500000000000014 -0.60355339059327384
decision_type=2 2 2 2 2 2 2 10 2 2 2 2 2 2
left_child=1 3 -3 -1 6 -6 7 8 -4 -10 11 12 -5 -2
right_child=13 2 4 10 5 -7 -8 -9 9 -11 -12 -13 -14 -15
leaf_value=-0.026144390097950172 -0.0022280967397153716 -0.032545497015750567 -0.029871015689701332 -0.025645944178530149 -0.034125790189227685 0.014614209717755313 0.025586433059930105 0.027279477838084921 -0.025174416089729128 0.021143431204798398 -0.0081896910525332805 0.030243311451046893 0.025604161178203282 0.027889181644763027
leaf_weight=2.7243173234164706 4.4148249626159695 4.8409548364579669 4.5497218705713811 2.7419140636920956 5.0642955638468257 1.9273211061954496 11.008184820413588 3.6628917232155791 2.4165772348642331 6.1800180040299892 3.8248581849038592 21.746371004730467 3.0414143279194832 25.142823982983828
leaf_count=28 15 41 47 31 34 4 24 8 34 18 28 47 5 43
internal_value=0.0120418 0.00720954 -0.000486919 0.0159228 0.00475588 -0.0205426 0.0116066 0.00152872 -0.00706728 0.00685659 0.020273 0.0243759 0.00110744 0.0234651
internal_weight=103.286 73.7288 39.65 34.0789 34.809 6.99162 27.8174 16.8092 13.1463 8.5966 31.3546 27.5297 5.78333 29.5576
internal_count=407 349 210 139 169 38 131 107 99 52 111 83 36 58
is_linear=0
shrinkage=0.03


Tree=69
num_leaves=15
num_cat=0
split_feature=18 3 8 5 14 14 8 7 11 21 21 8 1 9
split_gain=5.02479 9.92826 5.76799 3.19638 2.76032 4.12864 6.52604 5.66305 3.28526 5.26224 3.70994 3.37122 2.82963 2.00385
threshold=0.60355339059327384 24.500000000000004 35.100000000000001 87.500000000000014 8.3000000000000025 13.700000000000001 14.100000000000001 2.1500000000000008 4565.0000000000009 -0.9330127018922193 0.25000000000000017 15.800000000000002 94.500000000000014 295.00000000000006
decision_type=2 2 2 2 2 2 2 2 2 2 2 2 2 2
left_child=3 2 -2 4 12 -6 7 -7 10 -10 11 -8 -1 -5
right_child=1 -3 -4 13 5 6 8 -9 9 -11 -12 -13 -14 -15
leaf_value=-0.025460925585073728 -0.031175652926700468 0.018699104239718167 0.025392248505829225 0.0057934005246693876 0.021935697522679903 0.022198972316698741 0.020463593161348881 -0.032819966035335824 0.020903566572192091 -0.031811792757319129 0.029767127808055731 -0.016468732022359187 0.017613086554772114 0.030606634026954588
leaf_weight=2.5875950790941711 8.0633060112595558 10.217237900942562 1.1871287822723395 4.1541542410850552 28.055428456515074 1.5347900390625024 3.3306785784661832 5.0512452460825443 2.3479461446404457 2.5388484224677077 10.417524479329584 3.5812591426074505 1.3465168476104734 16.695116095244884
leaf_count=26 96 26 1 10 85 2 7 45 6 18 21 19 3 25
internal_value=0.0128259 -0.000843577 -0.0221472 0.0160562 0.0122258 0.0139215 0.00564103 -0.0187624 0.013372 -0.00723536 0.0192608 0.00166504 -0.0101364 0.0261541
internal_weight=101.109 19.4677 9.25043 81.6411 60.7918 56.8577 28.8023 6.58604 22.2163 4.88679 17.3295 6.91194 3.93411 20.8493
internal_count=390 123 97 267 232 203 118 47 71 24 47 26 29 35
is_linear=0
shrinkage=0.03


Tree=70
num_leaves=15
num_cat=0
split_feature=0 3 0 17 13 14 6 5 19 14 1 7 0 19
split_gain=8.99078 4.90832 6.22804 4.91565 4.74977 5.22952 4.91958 5.06512 4.5303 4.16029 3.86765 3.05165 2.54927 2.64722
threshold=28.750000000000004 47.000000000000007 21.750000000000004 77.300000000000011 2750.0000000000005 12.300000000000002 20750.000000000004 1.0000000180025095e-35 0.25881904510252057 21.700000000000006 60.500000000000007 3.8500000000000001 11.300000000000002 0.96592582628906831
decision_type=2 2 2 10 2 2 2 2 2 2 2 2 2 2
left_child=1 2 10 4 5 11 -7 -8 9 -3 -1 -4 -12 -14
right_child=-2 8 3 -5 -6 6 7 -9 -10 -11 12 -13 13 -15
leaf_value=0.014938016876171514 -0.02976280630354293 -0.015591087478002577 -0.010079321109134776 0.033695027226266376 0.022128278541820322 -0.032631437822139245 0.016263462710139263 -0.028419293622146416 0.028567232220767822 0.024378439084718095 0.012785464891144372 0.02086418127002947 -0.031674857476827377 0.0045141855020632664
leaf_weight=3.6427867934107772 3.6285147592425337 4.4123970270156851 3.1251499503850964 7.8629968240857115 14.192343819886444 4.9501530006527892 6.3199490457773191 2.3245069868862629 25.282800987362862 3.1403241902589798 1.4299758225679386 10.721195919439195 6.8300885092467052 2.0730055831372738
leaf_count=18 31 21 21 11 39 46 22 17 40 4 8 35 70 13
internal_value=0.011533 0.0133787 0.00829004 0.0132326 0.00866835 0.00117366 -0.0116204 0.00254733 0.0226796 0.001935 -0.0089292 0.0136717 -0.0179189 -0.0236436
internal_weight=99.9362 96.3077 63.4722 49.4963 41.6333 27.441 13.5946 8.64446 32.8355 7.55272 13.9759 13.8463 10.3331 8.90309
internal_count=396 365 300 191 180 141 85 39 65 25 109 56 91 83
is_linear=0
shrinkage=0.03


Tree=71
num_leaves=15
num_cat=0
split_feature=8 26 6 11 21 7 0 11 15 7 7 3 4 4
split_gain=4.94222 3.91079 6.35172 5.43108 5.68507 8.58077 7.31534 15.01 5.33053 3.07142 6.61002 2.56575 2.37996 1.95201
threshold=4.2000000000000002 1.0000000180025095e-35 31450.000000000004 4995.0000000000009 0.6830127018922193 8.3500000000000032 24.950000000000003 4685.0000000000009 48.500000000000007 4.0500000000000007 7.9500000000000011 43.500000000000007 98.500000000000014 38.000000000000007
decision_type=2 2 2 2 2 2 2 2 2 2 2 2 2 2
left_child=-1 13 3 4 6 -6 9 -8 11 -3 12 -9 -11 -2
right_child=1 2 -4 -5 5 -7 7 8 -10 10 -12 -13 -14 -15
leaf_value=-0.025098830512978797 0.014052874208830732 0.035795966716539195 -0.027581136732399991 -0.027446725074218442 -0.03161756693200151 0.017461124617914402 -0.038576025329846393 -0.025441230216600025 0.026387946065347084 -0.02645691936250244 0.023716414966679446 0.016638787218003992 0.015113125311899591 0.033393682537024925
leaf_weight=2.3746392093598834 13.623603198677303 12.998475823551415 3.1745610050857058 2.2962094508111468 5.2633809279650432 5.6451262086629868 5.0874030403792885 2.6598010510206218 11.413471840322016 3.1147097852081087 18.95166989043355 1.1853437572717664 1.0150812715291975 9.3230401128530485
leaf_count=25 41 25 31 18 50 17 37 32 21 38 47 2 2 11
internal_value=0.0111955 0.0123457 0.00872894 0.0107514 0.0124366 -0.00688596 0.016227 0.00168602 0.0166569 0.0241603 0.0163933 -0.0117124 -0.0152849 0.0229772
internal_weight=98.1265 95.7519 72.8052 69.6307 67.3345 10.9085 56.426 20.346 15.2586 36.0799 23.0815 3.84514 4.12979 22.9466
internal_count=397 372 320 289 271 67 204 92 55 112 87 34 40 52
is_linear=0
shrinkage=0.03


Tree=72
num_leaves=15
num_cat=0
split_feature=6 26 16 8 5 1 8 17 13 16 8 19 18 10
split_gain=8.57561 5.12487 4.08959 3.38577 3.01263 4.30117 5.74158 4.55611 9.35284 5.84182 3.27786 2.09215 1.83327 2.9962
threshold=26550.000000000004 1.0000000180025095e-35 28.54711984885169 4.4000000000000012 63.000000000000007 89.500000000000014 6.1000000000000005 43.050000000000004 2625.0000000000005 7.8941469653973551 9.2000000000000011 0.9159756150367534 0.25881904510252091 2.4500000000000006
decision_type=2 2 8 2 2 2 2 10 2 10 2 2 2 2
left_child=2 -2 3 11 5 7 -7 8 9 -5 -10 -1 -9 -14
right_child=1 -3 -4 4 -6 6 -8 12 10 -11 -12 -13 13 -15
leaf_value=-0.024481851213851966 0.014161678016626055 -0.030205702378100822 -0.016485740049727186 0.022582588883886673 0.027011601805354973 0.019676166180937402 -0.031252941406936269 0.027107106600562484 -0.0053730288559134583 -0.031653308611714004 0.029345052109605654 0.011834316984556347 -0.021741661022535802 0.01738001163032981
leaf_weight=2.1621310524642463 2.8938810005784035 5.6015345230698568 2.7914003841578952 1.5796810053288961 22.536558385938406 2.7326509580016127 3.400271899998188 24.70823748037219 2.9027477428317061 6.2411524299532175 8.7161128185689432 1.7783811576664446 1.3602748587727527 6.7941112890839577
leaf_count=22 7 60 17 6 43 7 25 49 16 72 21 4 15 27
internal_value=0.0122903 -0.0151926 0.0150937 0.0163116 0.017639 0.0136307 -0.0089833 0.0164012 0.00455974 -0.0193803 0.020933 -0.00901416 0.0230644 0.00919182
internal_weight=96.1991 8.49542 87.7037 84.9123 80.9718 58.4352 6.13292 52.3023 19.4397 7.82083 11.6189 3.94051 32.8626 8.15439
internal_count=391 67 324 307 281 238 32 206 115 78 37 26 91 42
is_linear=0
shrinkage=0.03


Tree=73
num_leaves=15
num_cat=0
split_feature=8 4 7 13 9 16 0 11 13 15 19 11 8 11
split_gain=4.63496 4.22323 4.64418 7.74873 10.491 5.53573 5.95369 4.52859 3.28106 5.12915 2.97253 2.89435 2.8525 2.06723
threshold=3.8000000000000003 85.500000000000014 14.650000000000002 2480.0000000000005 770.00000000000011 13.843995728944675 17.550000000000004 4495.0000000000009 2975.0000000000005 47.000000000000007 -0.78656609248549325 3825.0000000000005 5.1500000000000012 4715.0000000000009
decision_type=2 2 2 2 2 10 2 2 2 2 2 2 2 2
left_child=-1 2 3 4 5 -2 12 11 13 -10 -9 -8 -7 -5
right_child=1 -3 -4 8 -6 6 7 10 9 -11 -12 -13 -14 -15
leaf_value=-0.024798538028733053 -0.026880371790656277 0.023916471908495912 0.027633779707375003 0.0071839963968805681 -0.032135407822578857 0.012693445178935387 -0.0055627157409482344 0.016266818640408666 -0.025368358883410606 0.017025938501193723 -0.027315555279296383 0.02386837965169088 -0.029974180024745722 0.035517785991587912
leaf_weight=2.4052299298346034 3.4847798869013777 18.195971012115479 8.4599033594131452 3.8030355200171497 7.7037490867078295 1.3453657962381864 3.1374127864837709 1.4316098652780054 2.6018602699041358 8.1416507065296155 2.7364189103245726 19.287029083818197 3.7653513345867395 8.9791841246187669
leaf_count=27 46 31 14 13 77 5 15 4 28 17 25 49 35 14
internal_value=0.0101024 0.0112583 0.00790758 0.00502234 -0.00261148 0.00456163 0.00873397 0.0144494 0.0184792 0.00547297 -0.0120951 0.019689 -0.018503 0.0282207
internal_weight=95.4786 93.0733 74.8774 66.4174 42.8917 35.188 31.7032 26.5925 23.5257 10.7435 4.16803 22.4244 5.11072 12.7822
internal_count=400 373 342 328 256 179 133 93 72 45 29 64 40 27
is_linear=0
shrinkage=0.03


Tree=74
num_leaves=15
num_cat=0
split_feature=5 14 18 14 17 12 0 14 3 1 13 14 9 0
split_gain=3.91262 4.89466 4.94024 4.16378 4.68262 4.17134 4.03536 11.9349 2.1847 4.32646 5.14431 2.59705 1.60582 2.26485
threshold=87.500000000000014 8.3000000000000025 0.98296291314453432 12.300000000000002 26.750000000000004 12.950000000000001 21.050000000000004 27.100000000000005 69.000000000000014 76.500000000000014 2750.0000000000005 17.900000000000002 1885.0000000000002 29.250000000000004
decision_type=2 2 2 2 10 2 2 2 2 2 2 2 2 2
left_child=1 2 -1 12 5 -5 7 -6 9 11 -11 -8 -3 -14
right_child=-2 3 -4 4 6 -7 8 -9 -10 10 -12 -13 13 -15
leaf_value=-0.028530878852173924 0.023678427663865784 0.025003695295001356 0.024857371066299719 -0.029704771870822232 -0.033022269747008025 0.022042654725310241 0.025715269852694803 0.027099856422131127 0.029644623930993361 -0.031599830560087507 0.01810264950648879 -0.0013714311327107087 -0.0070140673847345174 0.023853754706561061
leaf_weight=4.6171090342104426 23.243298318237066 20.069583095610145 1.2930953875184057 4.4967875443398944 5.5494473911821824 1.0738329887390134 10.297235880047088 4.4721844792366028 6.5691635236144057 3.3106582239270201 2.4496039003133774 4.3011439107358447 4.0940566565841428 2.8265314996242523
leaf_count=52 47 65 2 55 52 1 27 7 10 27 6 18 18 8
internal_value=0.0130585 0.00951854 -0.0149432 0.0117809 0.00570558 -0.017893 0.00964112 -0.00616807 0.015535 0.00980738 -0.0109122 0.0181584 0.020806 0.007013
internal_weight=98.6637 75.4204 5.9102 69.5102 42.5201 5.57062 36.9494 10.0216 26.9278 20.3586 5.76026 14.5984 26.9902 6.92059
internal_count=395 348 54 294 203 56 147 59 88 78 33 45 91 26
is_linear=0
shrinkage=0.03


Tree=75
num_leaves=15
num_cat=0
split_feature=26 12 4 7 7 1 17 13 21 17 1 4 11 11
split_gain=4.39 5.06161 9.90612 6.01312 10.9715 7.64174 5.99847 4.20339 3.93981 3.39746 3.32673 2.561 3.27418 3.02957
threshold=1.0000000180025095e-35 1.0000000180025095e-35 24.500000000000004 4.1500000000000012 7.9500000000000011 83.500000000000014 33.400000000000013 125.00000000000001 -0.5 26.450000000000003 95.500000000000014 38.000000000000007 4495.0000000000009 5015.0000000000009
decision_type=2 2 2 2 2 2 10 2 2 8 2 2 2 2
left_child=11 2 3 7 -5 6 -6 10 -3 -10 -2 12 -1 -14
right_child=1 8 -4 4 5 -7 -8 -9 9 -11 -12 -13 13 -15
leaf_value=0.020846068964199403 -0.024439292332381932 0.030203097490408098 -0.035140911400483948 -0.031611781211775283 -0.02452988878744131 -0.032451467989030626 0.019244376954076773 0.026501144829144497 0.017626251183257311 -0.020659813201655542 0.023482984082835317 0.035004127296980915 -0.027356366703391703 0.015420428729770076
leaf_weight=10.444572091102602 2.5119131617248085 10.530651655048134 5.0040342696011058 7.5063683521002522 2.3800188805908027 2.7723487541079512 20.027231678366661 13.773883428424595 3.723525568842887 2.7370955757796764 1.1280776262283327 7.2104653120040885 2.2509383484721175 1.8717715516686437
leaf_count=24 33 16 35 87 31 17 61 42 7 13 1 8 16 5
internal_value=0.00959962 0.0058748 0.00133872 0.00559874 -0.00206541 0.0076138 0.0137455 0.0193153 0.0196935 0.000810972 -0.0077274 0.0211314 0.0124572 -0.00871607
internal_weight=93.8729 72.0951 55.1039 50.0998 32.686 25.1796 22.4073 17.4139 16.9913 6.46062 3.63999 21.7777 14.5673 4.12271
internal_count=396 343 307 272 196 109 92 76 36 20 34 53 45 21
is_linear=0
shrinkage=0.03


Tree=76
num_leaves=15
num_cat=0
split_feature=4 15 6 6 17 13 6 19 14 14 11 17 16 10
split_gain=3.53242 4.763 7.99739 4.8924 3.59092 3.42803 3.19819 3.07869 2.43423 2.88671 2.20978 6.76349 2.7398 2.43116
threshold=10.500000000000002 28.500000000000004 25150.000000000004 13550.000000000002 83.950000000000017 15.000000000000002 25150.000000000004 0.9159756150367534 9.4000000000000021 4.7000000000000011 4715.0000000000009 47.650000000000006 17.240873217518793 -5.3499999999999988
decision_type=2 2 2 2 10 2 2 2 2 2 2 10 10 2
left_child=1 2 -1 5 -4 -3 8 -8 9 -5 11 -10 -13 -12
right_child=-2 3 4 6 -6 -7 7 -9 10 -11 13 12 -14 -15
leaf_value=-0.029976111071251813 0.019820027436118208 0.016283965055315451 -0.0096047778615507857 0.019942809108975997 0.024355417358264003 -0.030185749368892144 -0.026811157973893159 0.01763911362046551 -0.019359213222478685 -0.023769097935128852 0.037955457074610094 0.0001909361374439407 0.026628382562749232 0.01223185666599718
leaf_weight=6.405801426619294 32.210537496954203 1.4179781824350346 4.0837099477648717 1.4857636541128152 5.706006184220314 3.0944613255560398 2.3272656053304663 1.5314527153968813 4.0054127462208298 2.0560075491666794 9.0286817736923677 4.6647757254540947 13.663529530167578 6.9571596235036841
leaf_count=97 77 5 34 3 18 22 19 5 29 20 11 15 24 23
internal_value=0.0117577 0.00761231 -0.00625148 0.0121169 0.0106119 -0.0152782 0.0150899 -0.00917017 0.0174879 -0.00507851 0.0196498 0.0126275 0.0202577 0.0281396
internal_weight=98.6385 66.428 16.1955 50.2325 9.78972 4.51244 45.72 3.85872 41.8613 3.54177 38.3196 22.3337 18.3283 15.9858
internal_count=402 325 149 176 52 27 149 24 125 23 102 68 39 34
is_linear=0
shrinkage=0.03


Tree=77
num_leaves=15
num_cat=0
split_feature=11 0 6 21 3 13 11 4 11 16 16 0 9 22
split_gain=3.09272 5.96702 3.16204 13.1938 4.42972 13.5476 4.19138 4.1286 2.51016 7.09286 5.09478 2.37502 6.7936 2.23348
threshold=3705.0000000000005 16.750000000000004 17750.000000000004 -0.24999999999999994 35.500000000000007 2125.0000000000005 4135.0000000000009 85.500000000000014 4465.0000000000009 9.3653769467721322 17.240873217518793 26.700000000000006 1550.0000000000002 1.0000000180025095e-35
decision_type=2 2 2 2 2 2 2 2 2 8 10 2 2 2
left_child=-1 -2 4 7 5 -3 -5 -4 -8 -10 -11 12 -7 -14
right_child=1 2 3 6 -6 11 8 -9 9 10 -12 -13 13 -15
leaf_value=0.025228448601181466 -0.0270461017448918 -0.031029711843922694 -0.033527846186782055 -0.011737794309201896 0.02730541344846768 0.034626142475704356 0.028893198473161175 0.0051329852527344068 0.038423441291975252 -0.030376267535282105 0.013462228220694396 0.030771130413333618 0.0056181030066884581 -0.029366846780270538
leaf_weight=15.427356343716381 2.726482678204774 5.1656301915645626 7.0787528827786392 3.5646275989711347 20.970967181026936 3.6653821468353289 13.507299438118936 3.2463270425796509 3.6258445978164646 3.529712289571763 4.170316893607378 8.7706197127699834 2.5695899128913879 2.5269319415092468
leaf_count=39 29 62 77 21 38 5 24 7 3 30 14 16 8 23
internal_value=0.01307 0.0105989 0.0121541 0.00569611 0.0176248 0.00790606 0.016169 -0.0219925 0.0204741 0.00890396 -0.00781512 0.0204331 0.00799267 -0.0136997
internal_weight=100.546 85.1185 82.392 38.7229 43.6691 22.6982 28.3978 10.3251 24.8332 11.3259 7.70003 17.5325 8.7619 5.09652
internal_count=396 357 328 176 152 114 92 84 71 47 44 52 36 31
is_linear=0
shrinkage=0.03


Tree=78
num_leaves=15
num_cat=0
split_feature=0 15 11 5 1 17 19 17 16 14 0 10 7 16
split_gain=2.88881 5.85729 4.81969 4.34967 4.69919 6.40955 3.74952 5.56668 4.39663 5.36906 3.09881 5.00715 2.56861 2.51042
threshold=26.250000000000004 43.500000000000007 4685.0000000000009 90.500000000000014 89.500000000000014 91.450000000000017 0.25881904510252057 33.400000000000013 20.352246203771006 27.100000000000005 22.450000000000003 4.2000000000000002 3.7500000000000004 15.49712079525842
decision_type=2 2 2 2 2 10 2 10 10 2 2 2 2 10
left_child=3 -2 -3 4 6 -6 10 -8 13 12 11 -1 -10 -9
right_child=1 2 -4 -5 5 -7 7 8 9 -11 -12 -13 -14 -15
leaf_value=-0.025501743684300738 -0.027212094163426941 -0.011414240082683401 0.023078061318591865 0.027763256103538556 -0.031232372727652353 0.02017520301358856 -0.027211878926236149 -0.0066611983375359013 0.0086712153589152841 0.024862932771937303 0.028699234563233946 0.017892260158669314 -0.033363009518450656 0.023075220569319502
leaf_weight=2.2100938409566906 3.7984839938581016 4.966815408319234 9.0165719874203187 18.494700618088245 4.2645596377551547 2.8432265892624855 3.0396210011094835 2.5783592425286832 1.301419861614703 2.1870909333229065 18.298452869057655 8.8897099327296001 3.9597283322364092 15.072342900559304
leaf_count=23 45 18 22 34 39 6 35 17 5 3 49 32 33 39
internal_value=0.0128197 0.00172931 0.0108825 0.015143 0.0111645 -0.0107165 0.0140044 0.00586289 0.0107576 -0.00784482 0.0213478 0.0078585 -0.023241 0.0186072
internal_weight=100.921 17.7819 13.9834 83.1393 64.6446 7.10779 57.5368 28.1386 25.0989 7.44824 29.3983 11.0998 5.26115 17.6507
internal_count=400 85 40 315 281 45 236 132 97 41 104 55 38 56
is_linear=0
shrinkage=0.03


Tree=79
num_leaves=15
num_cat=0
split_feature=0 18 6 5 20 12 11 13 20 13 20 1 11 20
split_gain=4.98065 4.00023 4.99353 5.93231 5.33168 3.74063 2.85377 7.72534 3.55425 2.43774 2.25539 4.49294 3.37629 5.17644
threshold=29.350000000000005 0.37940952255126054 18900.000000000004 1.0000000180025095e-35 0.25000000000000006 1.0000000180025095e-35 4435.0000000000009 2480.0000000000005 0.68301270189221941 2905.0000000000005 -1.0000000180025095e-35 58.500000000000007 4195.0000000000009 0.93301270189221952
decision_type=2 2 2 2 2 2 2 2 2 2 2 2 2 2
left_child=1 5 3 -3 9 6 10 8 -8 -5 -1 -12 -13 -14
right_child=-2 2 -4 4 -6 -7 7 -9 -10 -11 11 12 13 -15
leaf_value=0.026607775493458767 -0.026743067960144841 -0.030646503269956271 0.015538529269551982 -0.030527169297206867 0.02626024803572323 0.028512039141532493 -0.031041985348392628 0.020394923280779818 0.0045421123006801848 0.0099436138466430651 -0.025198470131124109 0.02019091591384976 -0.032831793979314364 0.019143772064492314
leaf_weight=11.206299383193249 2.2896079011261454 6.0383995361626175 11.055253010243176 2.6007149238139373 4.4112297520041466 13.983728632330893 5.3305085133761185 8.5536672025918943 3.8268381617963314 1.5137732848525045 2.0243125297129216 17.154625743627552 2.3274357244372359 2.6405293717980385
leaf_count=21 20 74 52 23 15 23 50 25 13 5 18 49 17 7
internal_value=0.0100449 0.0112297 0.00108174 -0.0101853 0.00600234 0.0150343 0.011021 0.00108272 -0.0171883 -0.0166045 0.015833 0.00997333 0.0141423 -0.00662742
internal_weight=94.9569 92.6673 25.6194 14.5641 8.52572 67.0479 53.0642 17.711 9.15735 4.11449 35.3532 24.1469 22.1226 4.96797
internal_count=412 392 169 117 43 223 200 88 63 28 112 91 73 24
is_linear=0
shrinkage=0.03


Tree=80
num_leaves=15
num_cat=0
split_feature=14 8 3 19 8 7 13 13 10 17 19 20 7 14
split_gain=4.62429 3.84848 7.08879 5.70224 6.57481 4.18954 3.81597 7.41109 4.56578 3.33681 3.11736 3.01218 2.88625 2.43601
threshold=9.2000000000000011 8.6500000000000004 47.000000000000007 -0.78656609248549325 12.000000000000002 3.1500000000000008 55.000000000000007 2950.0000000000005 4.0500000000000007 79.65000000000002 0.25881904510252057 -0.93301270189221919 16.000000000000004 8.3000000000000025
decision_type=2 2 2 2 2 2 2 2 2 10 2 2 2 2
left_child=11 5 3 -3 -5 -2 8 9 -6 -8 -4 -1 -10 -13
right_child=1 2 10 4 6 -7 7 -9 12 -11 -12 13 -14 -15
leaf_value=0.012702381300113875 -0.0033765100835897238 0.022747954755236371 0.0020862111259752646 -0.031885361327754991 0.032086092529934579 0.030574604866910788 -0.033549754867550269 0.018058871922417109 -0.02494823512893932 0.0036319288397393254 0.026690741118527248 -0.028529436063145817 0.019520247761518474 0.000853489231257426
leaf_weight=4.4877747334539881 3.8211314901709583 7.0714317504316559 6.2819958925247219 5.6909409295767572 5.2230462431907672 15.978730555623768 6.4375043027102929 5.5305518433451644 2.3290562331676483 2.8129310086369514 18.830540291965008 4.504895927384494 1.2534006983041766 4.6092719323933125
leaf_count=14 19 26 19 60 8 36 64 17 27 9 33 52 2 19
internal_value=0.0102009 0.0128913 0.0089273 0.000351492 -0.00563062 0.0241751 0.00174333 -0.00746111 0.0163792 -0.022992 0.0208514 -0.00565379 -0.00852537 -0.0150545
internal_weight=94.8632 81.2613 61.4614 36.3489 29.2774 19.7999 23.5865 14.781 8.8055 9.25044 25.1125 13.6019 3.58246 9.11417
internal_count=405 320 265 213 187 55 127 90 37 73 52 85 29 71
is_linear=0
shrinkage=0.03


Tree=81
num_leaves=15
num_cat=0
split_feature=8 8 7 4 26 11 10 17 10 11 15 21 16 1
split_gain=4.01261 3.22649 4.31147 5.40078 6.00241 6.00451 6.00607 4.37415 5.88888 3.1902 2.88818 8.14089 4.46163 2.87578
threshold=3.8000000000000003 25.100000000000005 3.6500000000000008 1.0000000180025095e-35 1.0000000180025095e-35 4715.0000000000009 -5.3499999999999988 79.65000000000002 3.7500000000000004 4735.0000000000009 44.500000000000007 -0.5 18.854453369987244 83.500000000000014
decision_type=2 2 2 2 2 2 2 10 2 2 2 2 10 2
left_child=-1 2 13 4 -4 7 -7 -6 -9 -8 -5 -12 -13 -2
right_child=1 -3 3 10 5 6 9 8 -10 -11 11 12 -14 -15
leaf_value=-0.023596129033681659 -0.0013460217491775537 0.030826150913754229 0.01618203373962462 0.027070804174642648 -0.032890192274061404 0.026589570708521804 0.01673830582010118 0.016295478169351979 -0.030232939457435885 -0.028436555999196172 0.023329216204484259 -0.03897032777922433 0.010754684423575855 0.027172241258573749
leaf_weight=2.0794073790311804 3.8045234624296453 6.5839685797691336 11.675878718495367 11.474107321351767 8.7486499622464233 5.9900232963263988 1.2885590903460959 5.0689907819032651 3.1124141365289688 3.3820508811622858 8.7632577456533891 3.1623142734169969 2.0873128324747086 15.964728407561777
leaf_count=25 26 10 32 29 103 16 4 13 28 35 19 16 5 42
internal_value=0.0107307 0.0117619 0.00993376 0.0060082 -0.00102787 -0.00862205 0.00853795 -0.019301 -0.00277008 -0.0152195 0.0164779 0.00657871 -0.0206418 0.0218834
internal_weight=93.1862 91.1068 84.5228 64.7536 39.2666 27.5907 10.6606 16.9301 8.1814 4.67061 25.487 14.0129 5.24963 19.7693
internal_count=403 378 368 300 231 199 55 144 41 39 69 40 21 68
is_linear=0
shrinkage=0.03


Tree=82
num_leaves=15
num_cat=0
split_feature=0 26 6 14 7 7 6 12 17 7 7 4 16 0
split_gain=7.69633 5.1273 5.2851 3.79407 5.4444 8.64633 4.03328 7.21667 3.99184 3.97216 3.58762 3.55155 4.68373 1.88949
threshold=28.750000000000004 1.0000000180025095e-35 31450.000000000004 9.2000000000000011 4.1500000000000012 7.1500000000000012 16950.000000000004 1.0000000180025095e-35 7.8000000000000007 3.4500000000000006 1.4500000000000002 1.0000000180025095e-35 16.243812243544376 20.650000000000002
decision_type=2 2 2 2 2 2 2 2 8 2 2 2 10 2
left_child=1 -1 3 10 9 8 7 -7 -6 -5 -3 12 -8 -14
right_child=-2 2 -4 4 5 6 11 -9 -10 -11 -12 -13 13 -15
leaf_value=0.023119276890226539 -0.028715611017767914 0.015344354613855098 -0.027100689863368773 0.0066492282461432942 0.018920261613972006 -0.033058209265886138 -0.024858705693835321 0.021759990259825938 -0.032203603609117483 0.036089962955915565 -0.02348054132000351 0.028772880780238638 -0.0041114976703751785 0.023493405622566643
leaf_weight=23.790589768439531 3.5711421705782405 2.4999759048223487 2.9364947006106368 7.3331874180585173 1.0123251006007183 3.5539220497012165 2.5572394207119968 3.1778804808855057 5.9187115337699652 10.334485167637466 4.9482839535921812 11.537694327533243 2.8445526510477048 6.2391910217702389
leaf_count=54 35 9 31 31 2 24 37 5 66 19 44 19 13 15
internal_value=0.00960712 0.0114533 0.00689048 0.00890637 0.0116501 0.00481524 0.0118714 -0.0077128 -0.0232925 0.024881 -0.0101754 0.017643 0.0052083 0.0152985
internal_weight=92.2557 88.6845 64.8939 61.9574 54.5092 36.8415 29.9105 6.7318 6.93104 17.6677 7.44826 23.1787 11.641 9.08374
internal_count=404 369 315 284 231 181 113 29 68 50 53 84 65 28
is_linear=0
shrinkage=0.03


Tree=83
num_leaves=15
num_cat=0
split_feature=4 18 14 20 18 6 15 16 13 5 19 0 18 11
split_gain=4.49628 5.2208 5.16492 6.50528 4.23765 2.93801 3.77937 2.95349 8.49732 2.44062 2.24945 2.76141 1.85842 3.81868
threshold=10.500000000000002 -0.37940952255126054 30.700000000000006 -0.6830127018922193 0.37940952255126054 25500.000000000004 4.5000000000000009 17.240873217518793 2575.0000000000005 97.500000000000014 0.96592582628906831 11.300000000000002 0.60355339059327384 4315.0000000000009
decision_type=2 2 2 2 2 2 2 10 2 2 2 2 2 2
left_child=1 5 3 4 -3 7 -7 8 -1 10 11 -5 -2 -14
right_child=12 2 -4 9 -6 6 -8 -9 -10 -11 -12 -13 13 -15
leaf_value=-0.029144616041576758 0.02181751542337676 -0.015850808923937105 0.028028225770622261 0.0062931684514341149 0.022100708004613771 0.01590485284755529 -0.026644596862647182 0.026882195709647023 0.023488609356671804 0.013868813584016764 -0.00096046378663252122 -0.033047568352605722 0.0196666497818524 -0.024656707364794129
leaf_weight=3.3034100867807918 27.538698557764292 3.0886628143489414 3.0650144815444937 1.5266097281128193 7.071774085983634 2.9599641263484946 2.6199902966618538 13.656317487359045 6.7690879590809345 1.1970427483320225 3.5850517377257338 10.693890661001204 3.3296358287334433 1.9405383467674253
leaf_count=29 57 19 5 8 26 9 25 26 17 4 21 126 8 17
internal_value=0.0100262 0.00496587 -0.00374565 -0.00819885 0.0101773 0.0137778 -0.00508674 0.0182402 0.00515366 -0.0191354 -0.0223116 -0.0280288 0.0187906 0.00201676
internal_weight=92.3457 59.5368 30.228 27.163 10.1604 29.3088 5.57995 23.7288 10.0725 17.0026 15.8056 12.2205 32.8089 5.27017
internal_count=397 315 209 204 45 106 34 72 46 159 155 134 82 25
is_linear=0
shrinkage=0.03


Tree=84
num_leaves=15
num_cat=0
split_feature=7 18 0 7 8 3 3 1 16 9 7 3 19 1
split_gain=4.71866 5.47548 8.94349 3.92822 2.66494 2.76289 2.58983 8.94121 2.15181 4.32728 4.28189 1.30317 1.22289 3.24547
threshold=14.350000000000003 1.0000000180025095e-35 21.750000000000004 3.4500000000000006 13.900000000000002 94.000000000000014 6.5000000000000009 70.500000000000014 21.32599308917144 205.00000000000003 5.6500000000000012 2.5000000000000004 0.37940952255126043 73.500000000000014
decision_type=2 2 2 2 2 2 2 2 10 2 2 2 2 2
left_child=1 6 -3 -4 11 -6 12 -8 9 -9 -11 -5 -1 -14
right_child=-2 2 3 4 5 -7 7 8 -10 10 -12 -13 13 -15
leaf_value=0.028196748860373658 0.026997719406757971 -0.031665876248485179 -0.01906727878670067 0.024298522479802635 -0.025260167948143331 0.017022714134761613 -0.030485083710983678 -0.028153211461951877 0.02424720823426647 -0.013449840545532981 0.020076818624656663 0.0036997065979192593 -0.0059900303391425156 0.026454893122070389
leaf_weight=10.127847561612727 11.527920834720133 6.6129470318555859 3.5776827819645431 8.9194414671510476 2.2808554060757156 1.5135296732187269 3.9678216129541424 1.853978767991072 9.4144345223903638 3.8113772645592716 12.512662708759306 4.3989929445087901 4.7010303325951082 4.8540855683386326
leaf_count=26 21 81 30 37 30 3 35 11 16 13 34 16 36 11
internal_value=0.00980055 0.00696894 -0.003796 0.00616079 0.0121966 -0.00836142 0.0126676 0.00698111 0.0132465 0.00658203 0.0119244 0.0182284 0.0210071 0.0114371
internal_weight=90.0746 78.5467 27.3034 20.6905 17.1128 3.79439 51.2432 31.5603 27.5925 18.178 16.324 13.3184 19.683 9.55512
internal_count=400 379 197 116 86 33 182 109 74 58 47 53 73 47
is_linear=0
shrinkage=0.03


Tree=85
num_leaves=15
num_cat=0
split_feature=8 16 16 16 8 19 4 20 17 15 19 16 1 10
split_gain=2.6659 2.1315 2.14887 3.7215 2.32249 2.13603 2.54916 2.46365 4.75311 4.2533 3.35294 2.51702 4.55558 9.64258
threshold=3.8000000000000003 30.091648838676843 25.399212195245514 22.960172943983398 21.100000000000005 0.9159756150367534 99.500000000000014 -0.5 23.900000000000002 8.5000000000000018 0.60355339059327384 9.3653769467721322 65.500000000000014 -6.4499999999999993
decision_type=2 8 10 10 2 2 2 2 10 2 2 10 2 2
left_child=-1 2 3 5 -5 6 7 11 -9 -10 -11 -2 -13 -14
right_child=1 -3 -4 4 -6 -7 -8 8 9 10 -12 12 13 -15
leaf_value=-0.020289784742890216 0.030753937443041231 -0.013462014631203431 0.026676383865514561 -0.028303689908254645 0.010099261756492416 0.020495766655810734 -0.017270851399195621 -0.025781525775855609 -0.023788658683253677 0.017144938864343283 -0.01159205164481145 0.028384852482565601 0.023365032788549636 -0.032341909654461688
leaf_weight=1.5171580761671055 7.7482711710035757 2.1476694382727137 8.2085199784487468 2.5885059945285311 1.6726499572396276 20.686798198148608 2.2841236442327491 3.1071115788072445 2.3124061226844814 21.301591044291857 3.6404497418552628 5.6487416326999655 4.8076424896717072 4.4098660461604577
leaf_count=21 17 17 18 22 5 57 8 48 34 73 24 9 9 40
internal_value=0.0110417 0.0117824 0.0125393 0.0107818 -0.0141749 0.0123481 0.00898788 0.010419 0.00458784 0.00884 0.0126654 0.017722 0.00941961 -0.00384337
internal_weight=92.0815 90.5643 88.4167 80.2082 4.26116 75.947 55.2602 52.9761 30.3616 27.2544 24.942 22.6145 14.8663 9.21751
internal_count=402 381 364 346 27 319 262 254 179 131 97 75 58 49
is_linear=0
shrinkage=0.03


Tree=86
num_leaves=15
num_cat=0
split_feature=15 1 19 1 19 5 17 4 10 1 19 3 18 8
split_gain=4.58973 7.31812 6.07355 4.66837 3.36925 2.7293 2.56568 7.34977 3.67274 10.9304 3.11576 4.41969 2.13382 1.9611
threshold=20.500000000000004 68.500000000000014 0.25881904510252057 67.500000000000014 0.98296291314453432 90.500000000000014 71.350000000000009 53.000000000000007 -6.3499999999999988 84.500000000000014 0.1294095225512602 47.000000000000007 0.60355339059327384 9.6000000000000014
decision_type=2 2 2 2 2 2 10 2 2 2 2 2 2 2
left_child=1 2 -1 4 -2 6 7 8 -5 10 -10 -12 -4 -8
right_child=3 -3 12 5 -6 -7 13 -9 9 -11 11 -13 -14 -15
leaf_value=0.026731527128843365 -0.028118036452290811 -0.028944376400536178 -0.028542942529943306 0.025163572812994351 0.018433344859432873 0.026013832949793647 0.031013031477155704 -0.034823475125291929 0.025571773201954529 -0.032293520121685917 -0.025219379297562655 0.017791609417365777 0.011054188578192263 0.0096511555354938921
leaf_weight=6.7700405716896075 3.1104100290685883 5.419194469228386 2.6489669941365723 10.162746652960776 1.2910477519035337 18.048392720520496 8.4395399689674395 2.4822281561791888 9.5900412090122789 4.7683633137494317 2.7161152251064768 4.1029942482709885 1.1909825168550012 8.7879487648606283
leaf_count=19 30 85 29 23 3 31 16 14 26 41 31 8 6 25
internal_value=0.0109644 -0.00340752 0.0110054 0.0141023 -0.0135787 0.0160341 0.0120738 0.00692739 0.0112087 0.0036793 0.0153872 -0.000374421 -0.0165152 0.0212434
internal_weight=89.529 16.0292 10.61 73.4998 4.40146 69.0984 51.05 33.8225 31.3403 21.1775 16.4092 6.81911 3.83995 17.2275
internal_count=387 139 54 248 33 215 184 143 129 106 65 39 35 41
is_linear=0
shrinkage=0.03


Tree=87
num_leaves=15
num_cat=0
split_feature=8 1 7 14 5 8 8 7 4 16 14 10 16 17
split_gain=3.72919 3.70771 2.65296 3.2825 5.27554 3.50908 7.95257 3.78577 2.77365 3.8471 2.71472 3.93376 3.23081 3.9373
threshold=3.8000000000000003 57.500000000000007 1.9500000000000002 9.2000000000000011 99.500000000000014 9.4000000000000021 10.400000000000002 3.4500000000000006 1.0000000180025095e-35 12.471923904879315 26.300000000000004 -5.7499999999999991 16.243812243544376 97.250000000000014
decision_type=2 2 2 2 2 2 2 2 2 10 2 2 10 10
left_child=-1 -2 -3 4 -4 7 -7 -5 9 -8 11 -11 -13 -14
right_child=1 2 3 5 -6 6 8 -9 -10 10 -12 12 13 -15
leaf_value=-0.023029410133968902 -0.014860619739248538 0.027785359699712582 -0.030475125489190371 -0.0057164780951431413 0.019775427817061136 -0.032339168860577083 -0.024375525013242874 0.027419932347446125 0.019005539588570673 0.024774319563466946 0.026064918784837614 -0.026831773117274315 0.010339711683473061 -0.026736646195637145
leaf_weight=2.032166149467229 3.8516174517571917 8.65045492723584 3.3975244313478461 3.3274872228503254 2.3889019787311554 3.1442172061651936 2.6544442102313068 18.369455067440867 21.524639420211315 4.7945134416222599 5.1758941095322362 3.181901538744575 11.79874689504504 2.2378338836133471
leaf_count=27 30 20 36 16 4 27 38 48 56 10 10 40 45 17
internal_value=0.0103422 0.0112935 0.0125548 0.0106326 -0.00987237 0.0122972 0.0079817 0.0223101 0.0110201 0.00483116 0.00844616 0.00335088 -0.00364692 0.00304368
internal_weight=96.5298 94.4976 90.646 81.9956 5.78643 76.2091 54.5122 21.6969 51.368 29.8433 27.1889 22.013 17.2185 14.0366
internal_count=424 397 367 347 40 307 243 64 216 160 122 112 102 62
is_linear=0
shrinkage=0.03


Tree=88
num_leaves=15
num_cat=0
split_feature=20 17 0 17 10 0 16 8 8 20 18 8 0 0
split_gain=4.51468 6.86517 4.49184 5.17204 3.34231 3.54529 3.11069 3.00597 8.69016 3.34657 2.73662 2.61575 2.33412 1.85954
threshold=-0.6830127018922193 36.550000000000004 22.250000000000004 66.450000000000017 -4.4499999999999993 25.150000000000002 11.253944990438784 20.300000000000004 11.000000000000002 0.68301270189221941 0.12940952255126043 10.400000000000002 15.950000000000001 27.250000000000004
decision_type=2 10 2 10 2 2 10 2 2 2 2 2 2 2
left_child=6 4 3 -3 5 -2 -1 8 9 11 13 -5 -6 -8
right_child=1 2 -4 7 12 -7 10 -9 -10 -11 -12 -13 -14 -15
leaf_value=0.029917498100663652 0.019272631946670667 -0.029373227673020814 0.019335664626561746 -0.023916305104874046 0.009521945784710226 -0.01659968581266047 -0.026547218523352498 0.0241328987281197 -0.031804429557157662 0.026633025165268512 0.017050288928280227 0.018768247381103689 -0.034603570348013035 0.0067533147127012208
leaf_weight=13.212569672614338 3.7407144233584404 3.2165916487574604 24.370156057178974 2.1669940743595379 0.85931752808391859 4.1996358372271061 1.7691141627728928 5.416506126523017 4.3477336987853041 6.298669271171093 11.129475839436052 1.2563784793019297 5.1279955077916384 2.6345742009580135
leaf_count=32 15 38 73 23 6 37 12 11 38 12 33 3 61 9
internal_value=0.00998616 0.0052122 0.0106599 0.000924086 -0.0126807 0.000565271 0.0196011 0.00711493 -0.000603228 0.015015 0.00954713 -0.00754956 -0.0278142 -0.00906175
internal_weight=89.7464 61.0007 47.073 22.7029 13.9277 7.94035 28.7457 19.4863 14.0698 9.72204 15.5332 3.42337 5.98731 4.40369
internal_count=403 317 198 125 119 52 86 87 76 38 54 26 67 21
is_linear=0
shrinkage=0.03


Tree=89
num_leaves=15
num_cat=0
split_feature=1 8 7 18 21 8 3 1 9 3 21 4 8 3
split_gain=5.31053 3.32728 2.23342 2.41693 2.99896 1.79331 8.14879 7.39135 3.72821 3.55812 3.52352 3.40286 3.36226 3.13804
threshold=57.500000000000007 3.8000000000000003 2.1500000000000008 0.91597561503675362 0.25000000000000017 14.900000000000002 5.5000000000000009 83.500000000000014 715.00000000000011 77.000000000000014 0.93301270189221952 33.500000000000007 17.000000000000004 39.000000000000007
decision_type=2 2 2 2 2 2 2 2 2 2 2 2 2 2
left_child=-1 -2 -3 5 -5 6 -4 10 -9 11 -8 12 -7 -14
right_child=1 2 3 4 -6 9 7 8 -10 -11 -12 -13 13 -15
leaf_value=-0.025783426645081292 -0.022237755279369789 0.025649806345715547 0.019373466112633107 0.0098448235408574412 -0.02685020072491541 0.013435901322951952 -0.036315372858492775 -0.016349609174842773 0.017624126257935805 0.029712879216610883 0.010435840653956937 0.023693834179967725 -0.032342454306346489 0.0089071306026673441
leaf_weight=2.714692471548914 1.7273367177695025 9.1805401071906072 22.934501959010959 3.7231889180839053 2.5739152897149324 5.1906682234257477 6.2547893729060915 3.2165951281785956 8.9263004288077337 11.638802751898767 1.337895482778549 6.3805771321058264 3.363433538004756 2.1107385903596878
leaf_count=32 21 24 105 22 26 23 51 17 22 18 4 10 29 6
internal_value=0.00981907 0.0111861 0.0120966 0.0101885 -0.00677822 0.0117589 0.00757119 -0.00641698 0.0080654 0.0175235 -0.0278216 0.00801505 -0.00259234 -0.0175183
internal_weight=91.274 88.5593 86.8319 77.6514 6.2971 71.3543 42.6701 19.7356 12.1429 28.6842 7.59268 17.0454 10.6648 5.47417
internal_count=410 378 357 333 48 285 199 94 39 86 55 68 58 35
is_linear=0
shrinkage=0.03


Tree=90
num_leaves=15
num_cat=0
split_feature=5 4 13 16 26 5 16 6 8 3 11 15 3 18
split_gain=5.44964 4.3638 3.60184 8.3212 5.14327 3.97889 2.53134 5.03451 2.913 2.13931 2.10754 1.92745 4.21858 1.81203
threshold=87.500000000000014 53.000000000000007 2480.0000000000005 16.243812243544376 1.0000000180025095e-35 3.5000000000000004 19.403350257511388 19150.000000000004 27.800000000000004 14.500000000000002 4135.0000000000009 69.500000000000014 1.0000000180025095e-35 1.0000000180025095e-35
decision_type=2 2 2 10 2 2 10 2 2 2 2 2 2 2
left_child=1 2 3 4 -1 6 10 13 -9 -3 -5 12 -2 -8
right_child=11 9 -4 5 -6 -7 7 8 -10 -11 -12 -13 -14 -15
leaf_value=0.0075600555066497217 0.027260749590375485 0.0018480713427962486 0.019055635547963721 0.0019491286472981728 -0.029973136391589123 -0.01614959785021565 0.024940731458380827 -0.028178173108502656 0.015349439924546546 -0.035746573275699633 0.030146166992326591 0.030454171456055144 -0.014768958635683243 -0.00048164864320369727
leaf_weight=4.7007026113569719 3.8164617381989965 2.229785941541194 18.837495997548103 3.1955280136317041 7.821745746769011 3.3496465142816296 7.3030646331608278 3.732524011284112 1.2168597131967542 2.1610563211143017 10.462520845234392 13.11852690577507 3.0213012024760246 3.5713594127446413
leaf_count=19 9 9 61 17 116 22 14 37 2 11 21 21 13 19
internal_value=0.0105048 0.00630491 0.00837132 0.0036183 -0.0163667 0.0114993 0.0150675 0.00627423 -0.0166952 -0.0198537 0.024132 0.0239488 0.0091748 0.0172541
internal_weight=88.5386 68.5823 64.1914 45.354 12.5224 32.8315 29.4819 15.8238 4.94938 4.39084 13.658 19.9563 6.83776 10.8744
internal_count=391 348 328 267 135 132 110 72 39 20 38 43 22 33
is_linear=0
shrinkage=0.03


Tree=91
num_leaves=15
num_cat=0
split_feature=5 16 16 15 14 16 5 18 14 18 7 10 10 18
split_gain=3.79923 5.89586 8.12707 4.80406 3.04213 2.48769 4.13243 3.52865 3.4275 3.86947 2.09321 1.78875 3.10871 1.45426
threshold=87.500000000000014 14.795276485768758 9.4685810454955543 48.500000000000007 8.3000000000000025 22.960172943983398 3.5000000000000004 0.78656609248549325 22.100000000000005 -0.70710678118654735 11.200000000000001 -1.3999999999999997 -6.3499999999999988 -0.37940952255126054
decision_type=2 10 8 2 2 10 2 2 2 2 2 2 2 2
left_child=1 2 3 -1 -3 6 11 -8 9 -7 -4 12 -6 -14
right_child=-2 4 10 -5 5 8 7 -9 -10 -11 -12 -13 13 -15
leaf_value=-0.022446700711713789 0.019900991187768655 -0.02156825395090824 -0.032108705215386474 0.024427301586387212 0.024162908528511003 0.010769044014521719 -0.029824994865692782 0.01539935932636795 0.016716088659415863 -0.031805382771503903 0.0035151439614059575 0.024777684267628091 0.0065020306469068508 -0.024542875745691507
leaf_weight=1.8437477573752428 18.885219603776932 1.6549296025186766 8.2576018981635553 6.0825379565358162 3.3721847981214523 2.7056171223521233 2.2610483579337588 2.0955848954617977 4.9189420752227306 3.432644020766018 1.5477227866649617 20.647379433736209 1.9111583270132544 1.9338456392288197
leaf_count=25 44 21 103 15 8 9 17 7 12 33 9 57 8 18
internal_value=0.00843813 0.00472526 -0.00956242 0.0122307 0.0104489 0.0121327 0.0162351 -0.00925782 -0.000177025 -0.0141597 -0.0266807 0.0204036 0.00639734 -0.0109549
internal_weight=81.5502 62.6649 17.7316 7.92629 44.9333 43.2784 32.2212 4.35663 11.0572 6.13826 9.80532 27.8646 7.21719 3.845
internal_count=386 342 152 40 190 169 115 24 54 42 112 91 34 26
is_linear=0
shrinkage=0.03


Tree=92
num_leaves=15
num_cat=0
split_feature=8 26 7 8 21 1 17 10 16 9 17 14 8 1
split_gain=3.23195 2.92444 4.67654 8.2544 7.10663 6.87657 4.6062 2.44603 2.60876 3.2223 2.34535 2.19256 2.71587 2.98883
threshold=4.4000000000000012 1.0000000180025095e-35 4.4500000000000011 13.700000000000001 -0.5 81.500000000000014 26.750000000000004 6.0500000000000007 17.010467334109219 205.00000000000003 35.45000000000001 13.300000000000002 8.1000000000000014 83.500000000000014
decision_type=2 2 2 2 2 2 10 2 10 2 10 2 2 2
left_child=-1 -2 11 4 5 -4 -5 8 9 -8 -9 12 13 -3
right_child=1 2 3 6 -6 -7 7 10 -10 -11 -12 -13 -14 -15
leaf_value=-0.018026305055612354 0.021157445081708727 -0.014304948527303301 -0.027728245979951424 -0.024688289503165376 -0.034824073383068005 0.022576087433377669 -0.025769300400465076 0.016519211823822492 0.023535745755024876 0.014058252928078231 -0.024761431267622112 -0.0058839694635009912 0.032634830380396093 0.017771821073831868
leaf_weight=2.7711000684648743 18.521605562418699 2.6072205118835035 2.9457982163876277 2.0481987502425936 7.2936998736113301 5.470703087747097 1.7343271169811547 1.273378670215606 17.666854575276375 4.5223655048757792 1.8764619920402763 2.6647827681154004 9.3833755403757078 9.9831488505005819
leaf_count=28 45 22 31 26 69 18 16 2 40 16 19 18 20 29
internal_value=0.00971385 0.0107802 0.00775254 0.00186417 -0.0150894 0.00389456 0.0112074 0.0147058 0.0179152 0.000988483 -0.00811378 0.0179763 0.021 0.0105655
internal_weight=90.763 87.9919 69.4703 44.8318 15.7102 8.4165 29.1216 27.0734 23.9235 6.25669 3.14984 24.6385 21.9737 12.5904
internal_count=399 371 326 237 118 49 119 93 72 32 21 89 71 51
is_linear=0
shrinkage=0.03


Tree=93
num_leaves=15
num_cat=0
split_feature=14 8 13 16 16 21 14 5 20 8 14 3 4 1
split_gain=4.08403 3.73763 4.67778 7.02081 6.99167 3.52155 4.16399 3.2365 2.81055 5.83325 2.34278 1.62746 2.38013 1.91584
threshold=21.100000000000005 8.6500000000000004 2480.0000000000005 16.243812243544376 20.874316961481728 -0.5 8.8000000000000025 34.500000000000007 -0.24999999999999994 14.100000000000001 19.900000000000002 39.000000000000007 33.500000000000007 60.500000000000007
decision_type=2 2 2 10 10 2 2 2 2 2 2 2 2 2
left_child=1 5 3 10 8 6 -1 -6 -5 -10 -3 12 13 -2
right_child=11 2 -4 4 7 -7 -8 -9 9 -11 -12 -13 -14 -15
leaf_value=-0.030748462590844978 0.013225136095815698 -0.032440256859670821 0.014458519848652035 0.030897416348261368 -0.031525178073629465 0.020158725215460055 0.0116203028006856 0.0062412046738610609 -0.028254578958163995 0.025096977147845659 0.010506477607619882 0.028401916263818213 0.024711703285777323 -0.024544402041917851
leaf_weight=2.2033174410462406 1.2882922813296347 7.7472402546554822 13.077202651649712 5.8099296092987061 4.3904847726225844 21.781285479664803 5.0426163300871849 2.8309939205646515 2.3114122450351733 3.1678605284541845 0.835493505001068 11.868476137518881 2.4878082275390625 1.7959034275263546
leaf_count=23 4 92 44 8 41 80 19 10 18 8 2 21 4 17
internal_value=0.00979889 0.0063455 0.000351677 -0.00672958 0.00386565 0.0143524 -0.00342958 -0.0177615 0.0180197 0.00170361 -0.0275994 0.0224136 0.00727767 -0.0093925
internal_weight=86.6383 69.1978 40.1706 27.0934 18.5107 29.0272 7.24593 7.22148 11.2892 5.47927 8.58273 17.4405 5.572 3.0842
internal_count=391 345 223 179 85 122 42 51 34 26 94 46 25 21
is_linear=0
shrinkage=0.03


Tree=94
num_leaves=15
num_cat=0
split_feature=8 13 11 22 15 19 17 4 4 11 17 11 11 18
split_gain=3.15 1.92188 5.47219 4.18485 4.85224 3.14776 2.19248 6.2338 2.46743 1.83526 2.61569 2.40578 6.62822 2.54283
threshold=3.8000000000000003 2125.0000000000005 4875.0000000000009 1.0000000180025095e-35 94.000000000000014 0.9159756150367534 33.400000000000013 85.500000000000014 60.500000000000007 4495.0000000000009 59.100000000000009 4235.0000000000009 3935.0000000000005 -0.9159756150367534
decision_type=2 2 2 2 2 2 10 2 2 2 10 2 2 2
left_child=-1 2 6 -3 5 -5 7 -2 9 11 -11 12 -8 -14
right_child=1 3 -4 4 -6 -7 8 -9 -10 10 -12 -13 13 -15
leaf_value=-0.021973118967088413 -0.028125557419971164 0.029118226212994626 -0.026659268705585985 -0.027689431025977963 0.018631462664480444 0.01038527049871023 0.020194428902363316 0.019742435525682216 -0.011143490057498632 -0.023461524905084498 0.012131657986069836 0.026243257758620919 0.015944650401290707 -0.023565945114770507
leaf_weight=1.7784454897046078 3.8366233063861719 13.288729690015318 2.9970154762268058 3.7810518760234144 10.153741106390951 2.6031740084290504 14.936496747657658 3.9882205352187157 2.9764929041266432 1.8991747517138708 4.1781644187867641 14.24905379489064 1.1678688190877435 4.9664247687906018
leaf_count=24 55 25 34 45 21 8 49 8 11 20 15 37 3 44
internal_value=0.010139 0.0110583 0.00751577 0.0171575 0.00643437 -0.0128605 0.0099422 -0.00425538 0.0124844 0.014406 -0.000734646 0.0169597 0.00977717 -0.0148632
internal_weight=86.8007 85.0222 55.1955 29.8267 16.538 6.38423 52.1985 7.82484 44.3737 41.3972 6.07734 35.3198 21.0708 6.13429
internal_count=399 375 276 99 74 53 242 63 179 168 35 133 96 47
is_linear=0
shrinkage=0.03


Tree=95
num_leaves=15
num_cat=0
split_feature=5 15 18 17 11 8 1 8 26 17 11 1 16 1
split_gain=5.44109 6.03032 5.10351 4.22375 4.10828 2.99087 3.39971 2.20321 2.62922 1.85738 1.77844 4.52877 2.22975 1.31519
threshold=53.500000000000007 43.500000000000007 1.0000000180025095e-35 83.950000000000017 4135.0000000000009 8.3000000000000025 85.500000000000014 14.900000000000002 1.0000000180025095e-35 68.750000000000014 4565.0000000000009 82.500000000000014 9.913105291877585 74.500000000000014
decision_type=2 2 2 10 2 2 2 2 2 10 2 2 10 2
left_child=1 3 10 7 -5 6 -4 -1 -9 -8 -3 12 -12 -2
right_child=13 2 5 4 -6 -7 9 8 -10 -11 11 -13 -14 -15
leaf_value=-0.031085015131327085 0.0040832907744199178 0.022756587840004849 0.022276030514371301 -0.023710465440763603 0.021905202570155161 -0.02385162349882303 -0.02733409276598318 0.019297301556369065 -0.021837090795577677 0.0084776790916771053 0.0095245390035550628 0.020207596774831124 -0.029844628729208553 0.022189117674487158
leaf_weight=7.2389211403206009 4.9429460223764208 15.091193158179523 3.7850228361785394 1.7222934793680895 4.3109170496463776 4.4158082455396652 2.1776233240962033 1.7207496091723442 1.8884477689862251 1.5793494582176206 1.4290676042437538 6.6814859732985497 2.5602277256548405 20.858757440000772
leaf_count=115 18 36 12 18 13 33 19 4 32 5 5 14 18 50
internal_value=0.00792499 0.00244281 0.0090577 -0.0120175 0.00736362 -0.00675848 0.00487015 -0.0225081 -0.00229371 -0.0136622 0.0163772 0.00617837 -0.0166593 0.0190023
internal_weight=80.4028 54.6011 37.7198 16.8813 6.03321 11.9578 7.542 10.8481 3.6092 3.75697 25.762 10.6708 3.9893 25.8017
internal_count=392 324 142 182 31 69 36 151 36 24 73 37 23 68
is_linear=0
shrinkage=0.03


Tree=96
num_leaves=15
num_cat=0
split_feature=11 11 13 11 1 7 8 0 0 0 7 20 11 15
split_gain=2.49144 5.65398 5.27482 3.26502 2.60831 2.4702 2.32391 2.00052 3.05344 2.23015 1.86302 4.25903 1.85513 1.25393
threshold=4565.0000000000009 4685.0000000000009 2480.0000000000005 4875.0000000000009 57.500000000000007 5.3500000000000005 4.4000000000000012 20.150000000000002 18.250000000000004 26.250000000000004 9.1500000000000004 0.68301270189221941 4295.0000000000009 63.500000000000007
decision_type=2 2 2 2 2 2 2 2 2 2 2 2 2 2
left_child=4 6 3 5 12 -3 -2 8 10 -9 11 -6 -1 -4
right_child=1 2 13 -5 7 -7 -8 9 -10 -11 -12 -13 -14 -15
leaf_value=-0.026840004719566456 0.0056706493649392418 0.017174026236401418 0.0083040699471960237 -0.027654519693443312 -0.025202559420151305 -0.015352912236957447 -0.033991282903732906 0.020889642395171767 -0.023624743026054398 -0.0053626945250684829 0.022793340983234076 0.01780279013320411 0.010785082828012956 0.027706031107657167
leaf_weight=1.6110369227826589 1.501036792993548 4.3710580132901686 6.4398411028087121 3.4022157955914736 2.5719878897070867 2.5058700274676085 3.6842890623956919 32.462291742675006 1.8669939450919617 2.7933507971465579 5.0555955730378628 3.9375604465603828 1.3926041778177021 7.6025071889162064
leaf_count=17 5 19 34 39 31 19 38 97 20 16 11 18 7 11
internal_value=0.00942024 0.00235213 0.00856184 -0.00738742 0.0133337 0.0048772 -0.0234495 0.0150308 0.00472379 0.0187191 0.0108161 -0.000282425 -0.0110589 0.0199518
internal_weight=81.1982 29.5068 24.3215 10.2791 51.6914 6.87693 5.18533 48.6878 13.4321 35.2556 11.5651 6.50955 3.00364 14.0423
internal_count=382 165 122 77 217 38 43 193 80 113 60 49 24 45
is_linear=0
shrinkage=0.03


Tree=97
num_leaves=15
num_cat=0
split_feature=8 5 7 8 20 0 17 13 26 7 8 11 13 3
split_gain=2.86889 2.20883 2.53415 5.60378 2.72669 6.62582 4.41667 7.08374 3.44055 3.2928 3.75056 2.24159 2.2848 2.04935
threshold=4.0000000000000009 87.500000000000014 12.250000000000002 17.000000000000004 0.68301270189221941 21.750000000000004 60.250000000000007 2575.0000000000005 1.0000000180025095e-35 4.1500000000000012 14.100000000000001 4805.0000000000009 3395.0000000000005 23.500000000000004
decision_type=2 2 2 2 2 2 10 2 2 2 2 2 2 2
left_child=-1 2 3 4 5 -2 7 8 -7 -6 -11 12 -9 -4
right_child=1 -3 13 -5 9 6 -8 11 -10 10 -12 -13 -14 -15
leaf_value=-0.021445556471874631 -0.028133022786268575 0.020258235105898997 -0.00074538625578930565 -0.029544292988308716 0.029600763020417163 0.010654895779764955 0.025079000432011379 -0.024005600867178227 -0.031548725314819462 -0.017872864121164189 0.018348822456370342 0.021122906371557067 0.014563342428780431 0.024532396509374482
leaf_weight=1.632346799597143 4.4394886679947367 17.659033115953207 3.6822867151349774 2.9688753560185424 8.1446477230638283 1.7862225808203263 8.2484621629118902 1.7494312021881335 5.7144931331276911 3.484806299209593 5.0755146350711584 8.7684724517166597 1.844739496707916 11.453470125794409
leaf_count=22 55 43 17 31 17 7 17 17 73 37 18 23 5 25
internal_value=0.0101179 0.0109661 0.00826947 0.00494663 0.00757204 0.00234065 0.00795419 -1.82661e-05 -0.0214272 0.017058 0.00327627 0.0136025 -0.0053487 0.0187176
internal_weight=86.6523 85.0199 67.3609 52.2252 49.2563 32.5513 28.1118 19.8634 7.50072 16.705 8.56032 12.3626 3.59417 15.1358
internal_count=407 385 342 300 269 197 142 125 80 72 55 45 22 42
is_linear=0
shrinkage=0.03


Tree=98
num_leaves=15
num_cat=0
split_feature=14 11 3 17 10 6 16 20 11 5 11 16 21 14
split_gain=2.59638 3.05934 6.07142 2.72464 4.24351 4.62646 4.25381 3.93044 2.6546 2.67274 2.43308 2.09702 1.96624 1.56669
threshold=24.800000000000001 4135.0000000000009 15.500000000000002 58.100000000000009 -3.6499999999999999 16850.000000000004 11.85207667378115 0.93301270189221952 3920.0000000000005 49.500000000000007 4245.0000000000009 18.051676831952346 -0.24999999999999994 11.600000000000001
decision_type=2 2 2 10 2 2 10 2 2 2 2 10 2 2
left_child=1 2 -1 4 5 11 12 10 -4 -10 -6 -3 -7 -5
right_child=-2 3 8 13 7 6 -8 -9 9 -11 -12 -13 -14 -15
leaf_value=-0.025988649986507621 0.023774745832606092 0.021974312879128065 0.018597997485528112 0.025977745357536806 0.013548282827382168 -0.0082906058376130236 -0.02547783556634705 0.014664893269913361 -0.026336048543734197 0.015015009057364576 -0.031814833902416274 -0.0051001855879766788 0.022923156100714201 0.0095573206860765907
leaf_weight=5.997691034339371 8.7932249531149846 17.353602003306154 7.5189311727881414 11.150790862739088 0.70297689549625086 2.4301963988691568 4.3443030137568712 2.5246413927525282 2.2654036544263367 1.6126448884606359 5.1231035711243749 2.6059633530676356 3.3328756317496282 12.478611970320342
leaf_count=69 22 58 18 22 2 16 38 10 20 4 74 13 7 48
internal_value=0.0090402 0.00713399 -0.00381602 0.0102156 0.00506361 0.0102888 -0.00587686 -0.012838 0.00900753 -0.00958763 -0.0251584 0.0183647 0.0104812 0.0180463
internal_weight=88.235 79.4417 17.3947 62.0471 38.4177 30.0669 10.1074 8.35072 11.397 3.87805 5.82608 19.9596 5.76307 23.6294
internal_count=421 399 111 288 218 132 61 86 42 24 76 71 23 70
is_linear=0
shrinkage=0.03


Tree=99
num_leaves=15
num_cat=0
split_feature=13 11 14 8 3 16 11 3 16 14 16 16 19 14
split_gain=3.78515 5.90726 3.93332 5.73689 6.22862 3.11965 3.35945 2.42292 2.09047 1.78303 1.5995 3.25838 2.75694 3.65925
threshold=1505.0000000000002 4735.0000000000009 11.200000000000001 20.300000000000004 1.0000000180025095e-35 27.967949928389732 4715.0000000000009 51.500000000000007 7.5415590505869963 14.500000000000002 9.4685810454955543 10.282615692110296 0.37940952255126043 12.15
decision_type=2 2 2 2 2 10 2 2 10 2 10 10 2 2
left_child=1 2 -1 4 9 6 -6 -5 -2 -4 -10 -12 13 -13
right_child=8 -3 3 7 5 -7 -8 -9 10 -11 11 12 -14 -15
leaf_value=0.018404129118083798 -0.017618607107178573 -0.030482283689964366 0.023059390299834333 -0.0029116540180679955 -0.037180380732513604 0.0037454827479557907 0.0086255985047377411 0.0273434902112221 0.02681190839648908 -0.0060994656526805217 -0.026574612402191587 -0.026470948749085215 0.020231612173815874 0.010912158780449186
leaf_weight=13.09328627027571 0.95776137337088485 3.5580367017537347 3.8404337074607673 3.3653814401477558 7.8839119505137187 2.8874868005514136 1.3238625079393385 5.9081989824771881 8.9505984336137754 2.5319744432345033 0.98527474701404827 2.2213942650705594 19.768003948032856 7.7867561336606741
leaf_count=56 11 43 15 17 67 11 3 11 29 27 7 21 57 33
internal_value=0.00814891 0.00200454 0.00549619 -0.00102445 -0.0105625 -0.0225808 -0.0303947 0.0171492 0.0146467 0.0122178 0.0158385 0.0119019 0.0139972 0.000963751
internal_weight=85.0624 44.3926 40.8345 27.7412 18.4677 12.0953 9.20777 9.27358 40.6698 6.37241 39.712 30.7614 29.7762 10.0082
internal_count=408 250 207 151 123 81 70 28 158 42 147 118 111 54
is_linear=0
shrinkage=0.03


Tree=100
num_leaves=15
num_cat=0
split_feature=0 20 13 9 11 13 17 5 7 20 14 8 8 17
split_gain=2.80298 3.27531 2.916 6.61609 2.59021 2.60776 4.35486 3.87516 3.99102 4.59774 2.58847 2.51346 2.48312 2.29798
threshold=16.750000000000004 0.68301270189221941 15.000000000000002 45.000000000000007 3845.0000000000005 2480.0000000000005 90.850000000000009 90.500000000000014 14.15 0.93301270189221952 9.4000000000000021 6.1000000000000005 15.300000000000002 63.20000000000001
decision_type=2 2 2 2 2 2 10 2 2 2 2 2 2 10
left_child=1 -1 -2 -4 -5 6 7 8 9 11 -7 13 -12 -6
right_child=2 -3 3 4 5 10 -8 -9 -10 -11 12 -13 -14 -15
leaf_value=-0.027276043592810235 0.023963504987868322 0.010653573967134702 -0.029440137670486571 0.026886636797596453 -0.021426835560213651 -0.0084415213627496277 0.025414711979799866 0.012384128499590164 0.016737954765437539 0.015840452274010354 0.022467148240154489 -0.032987432421574175 -0.00488351899574234 0.019241571778917214
leaf_weight=3.238774297758936 10.623953461647032 3.1822125762701035 3.1841440349817267 6.1535117179155341 1.4871417619288068 3.2520790547132519 4.4759216234087935 7.8294761702418318 2.7803573943674555 2.2475779224187127 17.520330009981993 8.8042084397748095 3.1828769482672206 1.5177717171609399
leaf_count=38 35 13 33 14 17 18 8 21 8 8 48 103 13 4
internal_value=0.00834229 -0.00957575 0.0100251 0.00731297 0.00974392 0.00729697 0.00116021 -0.00405966 -0.0119719 -0.0183851 0.0144169 -0.0256272 0.018231 -0.00120994
internal_weight=79.4803 6.42099 73.0594 62.4354 59.2513 53.0977 29.1425 24.6665 16.8371 14.0567 23.9553 11.8091 20.7032 3.00491
internal_count=381 51 330 295 262 248 169 161 140 132 79 124 61 21
is_linear=0
shrinkage=0.03


Tree=101
num_leaves=15
num_cat=0
split_feature=17 4 10 1 6 16 17 10 1 7 11 4 11 17
split_gain=4.16742 4.25131 2.46618 2.43899 2.35489 4.10116 7.08391 3.04994 2.77044 2.26807 1.65164 2.71344 2.44331 1.86143
threshold=24.650000000000002 85.500000000000014 -9.4499999999999975 57.500000000000007 15950.000000000002 20.352246203771006 31.250000000000004 7.3000000000000016 58.500000000000007 1.9500000000000002 3705.0000000000005 71.000000000000014 4135.0000000000009 63.900000000000006
decision_type=10 2 2 2 2 10 10 2 2 2 2 2 2 10
left_child=1 2 -1 -2 5 6 -5 10 -9 -4 -6 12 13 -12
right_child=3 -3 9 4 7 -7 -8 8 -10 -11 11 -13 -14 -15
leaf_value=0.015872238917746251 -0.011477286943212966 0.013149126650381782 0.0083002914486653163 0.020435207049646339 0.028837873623146507 0.015999814281543675 -0.032385600762220662 0.019989028134439885 -0.025523366981691428 -0.031382167301924599 0.014052235616920147 -0.0096218156390230781 0.01954594216967136 -0.015509023470410149
leaf_weight=0.8489062711596479 3.7440619319677344 4.6677794679999343 1.1278100516647089 2.8183518014848215 7.9498452059924594 7.326971597969532 5.0585301881656051 0.98297065496444647 2.369091646745801 6.5450709480792284 2.6527411770075551 3.5428523495793334 27.170160740613937 3.0475008264183998
leaf_count=2 29 12 7 7 15 23 54 1 31 84 12 12 97 17
internal_value=0.00683409 -0.00812193 -0.0199304 0.0098695 0.0112994 0.000928771 -0.0133133 0.014517 -0.0106508 -0.0252649 0.0166116 0.0132429 0.0159186 -0.00170794
internal_weight=79.8526 13.1896 8.52179 66.6631 62.919 15.2039 7.87688 47.7152 3.35206 7.67288 44.3631 36.4133 32.8704 5.70024
internal_count=403 105 93 298 269 84 61 185 32 91 153 138 126 29
is_linear=0
shrinkage=0.03


Tree=102
num_leaves=15
num_cat=0
split_feature=11 10 16 8 20 21 16 16 13 13 4 11 11 16
split_gain=2.61745 5.83483 4.87466 3.07625 4.87256 2.53103 1.66962 1.60634 1.16828 1.8246 2.4802 1.12817 4.63791 1.61089
threshold=4465.0000000000009 -6.3499999999999988 8.0629062425153304 4.6000000000000005 1.0000000180025095e-35 0.93301270189221952 15.553405759324475 15.49712079525842 2125.0000000000005 885.00000000000011 44.000000000000007 4135.0000000000009 3920.0000000000005 17.664095471063163
decision_type=2 2 10 2 2 2 10 10 2 2 2 2 2 10
left_child=5 -2 -3 -4 -5 8 -7 -6 9 11 -11 12 13 -1
right_child=1 2 3 4 7 6 -8 -9 -10 10 -12 -13 -14 -15
leaf_value=-0.0023032136789830119 0.016916408988372711 0.017811846910968258 0.010071709182551044 -0.036335667439280718 -0.020757891916770903 0.010886625280689705 -0.025586864230342284 0.0075355469497796835 0.023997643149526456 -0.024464451583488731 0.015330181778995913 0.019502969655991669 -0.019885680041193721 0.022133646133279557
leaf_weight=3.0231307148933437 12.195569526404141 4.1754190847277668 2.868406634777787 7.3438704954460245 1.6200338387861846 1.182803858071565 1.7275693733245132 4.8346946556121111 8.6168471835553628 2.0723409261554475 1.6956192106008527 14.173329606652258 3.4188748262822619 8.5175895672291499
leaf_count=17 37 19 17 70 29 5 15 23 21 26 4 47 34 27
internal_value=0.00766101 0.00119772 -0.00835318 -0.0155452 -0.0211911 0.0123351 -0.0117704 -0.0013976 0.014262 0.0110796 -0.00709712 0.013588 0.00711299 0.0160591
internal_weight=77.4661 33.038 20.8424 16.667 13.7986 44.4281 2.91037 6.45473 41.5177 32.9009 3.76796 29.1329 14.9596 11.5407
internal_count=391 195 158 139 122 196 20 52 176 155 30 125 78 44
is_linear=0
shrinkage=0.03


Tree=103
num_leaves=15
num_cat=0
split_feature=26 6 14 17 15 17 14 0 9 10 11 16 7 14
split_gain=3.66683 4.76046 3.97353 3.73312 3.90948 7.54338 3.42434 2.81215 2.03645 1.99769 3.05893 1.8936 1.69676 2.20852
threshold=1.0000000180025095e-35 26550.000000000004 9.8000000000000025 61.20000000000001 50.500000000000007 13.050000000000002 34.800000000000004 22.950000000000003 1655.0000000000002 5.2000000000000002 3705.0000000000005 20.352246203771006 5.0500000000000007 15.300000000000002
decision_type=2 2 2 10 2 8 2 2 2 2 2 10 2 2
left_child=2 3 -1 4 5 8 -3 11 -2 -5 -11 -6 -9 -14
right_child=1 6 -4 9 7 -7 -8 12 -10 10 -12 -13 13 -15
leaf_value=-0.011934788570333272 0.02588321272904116 -0.029516736397072835 0.022711937033005912 0.019634576526318219 -0.027522720856362801 -0.032117784679015514 0.018975817783702317 0.023281904996521292 -0.0073757554559176841 0.017842484381757999 -0.024459612563323612 0.0064281626602523418 -0.014922308242097558 0.013392433377040382
leaf_weight=2.8869251832366016 2.9541581347584698 5.0295869242399922 17.956318270415068 17.512259529903535 2.0930118747055557 6.8816210730001339 0.93298041820526112 7.002828959375619 2.2426106259226799 2.2403781004250041 1.9418591205030677 2.2478779256343842 2.855939928442238 6.0699744559824467
leaf_count=17 7 63 43 50 18 110 1 15 17 6 20 8 17 17
internal_value=0.00704591 0.00315631 0.0175864 0.00606522 -0.000464647 -0.0133587 -0.0202934 0.00748558 0.0126565 0.0153932 -0.00272862 -0.0120299 0.0132004 0.00374219
internal_weight=80.8483 60.0051 20.8432 54.0425 32.348 12.0784 5.96257 20.2696 5.19677 21.6945 4.18224 4.34089 15.9287 8.92591
internal_count=409 349 60 285 209 134 64 75 24 76 26 26 49 34
is_linear=0
shrinkage=0.03


Tree=104
num_leaves=15
num_cat=0
split_feature=0 11 3 0 13 0 18 7 8 6 3 11 10 20
split_gain=3.21597 2.96043 2.66918 3.55503 5.24219 3.84939 2.34826 2.91139 3.73772 2.71015 1.6962 1.46747 3.71863 3.88817
threshold=28.350000000000005 5055.0000000000009 82.000000000000014 22.250000000000004 55.000000000000007 16.450000000000003 1.0000000180025095e-35 7.2500000000000009 8.1000000000000014 15950.000000000002 44.500000000000007 4435.0000000000009 -6.3499999999999988 0.68301270189221941
decision_type=2 2 2 2 2 2 2 2 2 2 2 2 2 2
left_child=2 -2 3 4 5 -1 10 8 9 -8 11 -5 -13 -14
right_child=1 -3 -4 6 -6 -7 7 -9 -10 -11 -12 12 13 -15
leaf_value=-0.024050236303378679 -0.027886269505574351 0.015943133746418134 0.019002735708572385 0.025752623051830546 -0.030586116348417 0.01362299146053352 -0.028919404194815534 -0.026605447962374698 0.018082514137730887 0.012791597467332605 -0.0038539303768667537 0.026579287069884612 -0.02891960256238979 0.01631601475729972
leaf_weight=2.2283466942608348 3.2392289098352185 1.2826904393732546 17.670855579897761 11.783433100208645 4.3615869153290978 9.2883034478872997 2.6648951992392522 1.896112237125634 7.8686542687937617 1.534842414781451 3.0271520838141432 4.1964409947395351 2.6338563840836242 2.3392584696412086
leaf_count=31 36 4 45 28 46 50 27 23 36 8 12 6 24 8
internal_value=0.00756275 -0.0148179 0.00916318 0.00564502 -0.00601219 0.00499454 0.0105522 0.000651762 0.00664241 -0.0141472 0.0160607 0.0189823 0.00860523 -0.00847235
internal_weight=76.0157 4.52192 71.4937 53.8229 15.8782 11.5167 37.9446 13.9645 12.0684 4.19974 23.9801 20.953 9.16956 4.97311
internal_count=384 40 344 299 127 81 172 94 71 35 78 66 38 32
is_linear=0
shrinkage=0.03


Tree=105
num_leaves=15
num_cat=0
split_feature=14 6 21 11 26 19 11 11 21 17 5 10 13 1
split_gain=2.42899 2.32965 4.92139 4.68061 3.56961 2.96389 3.45764 3.37149 2.20739 2.62192 6.17617 5.12993 2.17097 1.71913
threshold=25.400000000000002 17750.000000000004 -0.24999999999999994 3565.0000000000005 1.0000000180025095e-35 -1.0000000180025095e-35 4245.0000000000009 4465.0000000000009 0.6830127018922193 63.20000000000001 6.5000000000000009 -8.0499999999999989 2525.0000000000005 81.500000000000014
decision_type=2 2 2 2 2 2 2 2 2 10 2 2 2 2
left_child=1 8 3 -3 -5 -4 -7 -8 9 10 11 -1 -9 -13
right_child=-2 2 5 4 -6 6 7 12 -10 -11 -12 13 -14 -15
leaf_value=0.022741917530468239 0.024243444262160317 0.027157444336300882 0.019700820926503312 -5.9917338396704419e-05 -0.035004762332041153 -0.026230262298637872 0.019036062164016002 -0.025955668414664072 -0.0072128374664744525 0.026963155589157732 0.019606940979068073 0.0090668093799730846 0.013540977761426504 -0.032350188675781634
leaf_weight=1.7805365100502983 6.9513023197650901 1.228777527809142 10.624610440805553 4.2796137183904639 5.8430461958050719 2.6868331814184812 6.6489991769194585 2.5780908521264796 4.1495589390397063 9.6383452713489515 13.207192277535794 0.6229187520220919 1.162207059562206 4.7701760726049542
leaf_count=3 14 1 36 17 72 33 20 29 32 21 41 3 3 54
internal_value=0.00838778 0.00647295 0.000970638 -0.0145188 -0.0215646 0.00867671 -0.00104383 0.00720093 0.0119294 0.0147227 0.00794369 -0.0133009 -0.0134155 -0.0268965
internal_weight=76.1722 69.2209 35.0522 11.3514 10.1227 23.7007 13.0761 10.3893 34.1687 30.0192 20.3808 7.17363 3.7403 5.39309
internal_count=379 365 211 90 89 121 85 52 154 122 101 60 32 57
is_linear=0
shrinkage=0.03


Tree=106
num_leaves=15
num_cat=0
split_feature=5 18 22 6 1 6 15 3 7 14 11 0 20 16
split_gain=2.59439 5.11713 4.88351 3.83591 3.48313 2.52301 2.06009 2.95465 4.1712 5.02625 2.76471 3.63634 1.84408 1.61032
threshold=63.000000000000007 1.0000000180025095e-35 1.0000000180025095e-35 18900.000000000004 74.500000000000014 15150.000000000002 43.500000000000007 24.500000000000004 11.200000000000001 12.500000000000002 4135.0000000000009 26.250000000000004 0.25000000000000006 7.8457619433572754
decision_type=2 2 2 2 2 2 2 2 2 2 2 2 2 8
left_child=1 6 5 -4 -2 12 10 -8 9 -9 -1 -12 -3 -5
right_child=4 2 3 13 -6 -7 7 8 -10 -11 11 -13 -14 -15
leaf_value=-0.024704065694783447 -0.0095598374256175948 -0.025560596752794505 -0.032043498734925582 0.022561284287143775 0.021337338661936458 0.023123324346352017 0.025494956107966413 0.012829233497430943 0.018726715260893426 -0.03280005007726338 0.017035291375820018 -0.02192301734695698 0.013012862175080016 -0.0086590746028741231
leaf_weight=2.1558424886316052 3.3352892268449095 1.5296251345425855 6.9849050305783749 1.1785332858562467 18.783558517694473 4.3248293269425631 12.024743758141996 3.5077410936355582 8.490958519279955 3.3873641677200794 7.2890580110251886 1.97488522157073 1.1662533227354286 3.7013599425554276
leaf_count=25 14 15 91 2 46 18 29 14 20 22 27 31 7 45
internal_value=0.00793802 0.00444488 -0.00808453 -0.0192326 0.0164664 0.0108043 0.0105886 0.0149142 0.00559375 -0.0109023 -0.000158947 0.0074034 -0.00986763 0.00143558
internal_weight=79.8349 57.7161 18.8855 11.8648 22.1188 7.02071 38.8306 27.4108 15.3861 6.89511 11.4198 9.26394 2.69588 4.87989
internal_count=406 346 178 138 60 40 168 85 56 36 83 58 22 47
is_linear=0
shrinkage=0.03


Tree=107
num_leaves=15
num_cat=0
split_feature=7 3 18 9 13 3 20 15 1 1 0 0 7 26
split_gain=2.4031 3.04822 5.62875 5.05084 4.92065 3.16072 2.66631 2.90426 2.35847 2.31482 2.17972 1.69226 1.65162 1.27034
threshold=11.200000000000001 20.500000000000004 0.78656609248549325 2165.0000000000005 1615.0000000000002 41.500000000000007 -0.5 8.5000000000000018 83.500000000000014 68.500000000000014 18.850000000000005 25.150000000000002 3.4500000000000006 1.0000000180025095e-35
decision_type=2 2 2 2 2 2 2 2 2 2 2 2 2 2
left_child=1 2 6 4 5 -3 12 -8 -9 10 -2 -6 -1 -4
right_child=9 3 13 -5 11 -7 7 8 -10 -11 -12 -13 -14 -15
leaf_value=0.0028439394329040019 0.018675647441355692 0.0067530433581014992 0.0079301149763224277 -0.036381598503163574 0.023802682201407566 -0.028879095246204283 -0.022351383378417373 0.014703860446396256 -0.011928797938766417 0.023029292949348398 -0.015300113183831418 -0.0016201434228875853 0.02532278801370156 -0.026467776623353124
leaf_weight=3.9805463626980808 1.9930631592869783 3.2466713692992988 0.73337003216147412 2.7775376103818408 6.1689858883619291 4.5041488073766232 2.1412403313443091 12.72564116027206 3.0129332840442649 13.05343879573047 2.9340488743036985 3.3301770649850368 14.315656967461107 3.5750352023169389
leaf_count=24 4 16 3 18 14 31 45 55 19 32 19 16 40 64
internal_value=0.00746808 0.00445945 0.00912134 -0.0049499 0.00182733 -0.0148874 0.0130659 0.00443539 0.00919734 0.0168249 -0.000724468 0.0155846 0.0208331 -0.0202217
internal_weight=78.4925 60.5119 40.4844 20.0275 17.25 7.75082 36.176 17.8798 15.7386 17.9806 4.92711 9.49916 18.2962 4.30841
internal_count=400 345 250 95 77 47 183 119 74 55 23 30 64 67
is_linear=0
shrinkage=0.03


Tree=108
num_leaves=15
num_cat=0
split_feature=5 17 13 7 22 15 15 0 16 21 8 1 18 8
split_gain=3.21494 3.8477 5.03459 8.09588 4.38164 4.28172 2.89554 3.26942 1.93961 1.74163 3.96643 1.90037 1.69494 4.07517
threshold=53.500000000000007 63.20000000000001 2575.0000000000005 13.750000000000002 1.0000000180025095e-35 99.500000000000014 43.500000000000007 21.750000000000004 22.960172943983398 0.6830127018922193 15.100000000000001 76.500000000000014 -0.37940952255126054 18.200000000000006
decision_type=2 10 2 2 2 2 2 2 10 2 2 2 2 2
left_child=1 2 3 8 -4 -6 7 -3 -1 11 -11 -8 13 -2
right_child=12 6 4 -5 5 -7 9 -9 -10 10 -12 -13 -14 -15
leaf_value=-0.033501652565494956 -0.016101227808548335 -0.026170789264168201 0.023393300285682612 0.014769345327001693 -0.029797783655371904 0.013162008915374755 0.0039827409410597061 0.012838549879307199 0.0012799981546855782 -0.024310134025258549 0.019162078984068982 0.030132829690049868 0.020587821795607218 0.024827521496473378
leaf_weight=9.852287060581153 3.9086793288588551 2.7738742530345943 6.8463287018239498 4.7554963938891879 3.1649222988635284 3.3429835885763168 3.9120410606265095 3.0777031965553761 1.5812973286956538 2.099335763603448 3.8565431088209152 8.1388606876134855 15.505734637379645 2.9627067521214485
leaf_count=148 18 34 15 14 33 7 14 12 12 19 8 14 41 6
internal_value=0.00607927 0.00197776 -0.00519433 -0.0160137 0.00812363 -0.00891634 0.0107105 -0.00677413 -0.0289752 0.0164499 0.00254694 0.0225994 0.015364 0.00245807
internal_weight=75.7788 53.4017 29.5433 16.1891 13.3542 6.50791 23.8584 5.85158 11.4336 18.0068 5.95588 12.0509 22.3771 6.87139
internal_count=395 330 229 174 55 40 101 46 160 55 27 28 65 24
is_linear=0
shrinkage=0.03


Tree=109
num_leaves=15
num_cat=0
split_feature=26 9 6 16 15 16 16 1 6 16 15 7 9 21
split_gain=2.90726 3.41135 4.27808 3.68956 5.21049 2.11177 1.75705 2.21031 3.38289 1.97012 1.93537 4.20983 2.83383 2.23748
threshold=1.0000000180025095e-35 1885.0000000000002 31450.000000000004 13.595670832216564 63.500000000000007 28.167426204884556 25.399212195245514 89.500000000000014 12850.000000000002 23.065017371356095 80.500000000000014 14.650000000000002 1185.0000000000002 -0.68301270189221952
decision_type=2 2 2 10 2 8 10 2 2 10 2 2 2 2
left_child=-1 2 5 4 -3 6 7 9 -9 10 13 12 -12 -2
right_child=1 3 -4 -5 -6 -7 -8 8 -10 -11 11 -13 -14 -15
leaf_value=0.017114269088624925 -0.0076649472067927505 -0.025599215276928766 -0.025331226347731807 -0.030143953632858132 0.020741567789642933 -0.014239424307119018 0.025635014321877762 0.010247522434987879 -0.030516784271058032 -0.013357696757266845 -0.028065179612795338 0.024755377298157827 0.010263828059191377 0.021016149361810291
leaf_weight=17.321637146174908 2.2752354284748462 2.6115715419873577 2.5243202075362197 4.1768398061394691 4.543662928044796 2.4165337411686769 5.3744541164487591 3.3786037229001513 2.2562786731868982 1.973563415929674 3.4459765758365375 3.0992658734321594 2.1710970923304558 18.991025263443596
leaf_count=51 31 34 31 31 10 20 12 16 20 18 23 6 8 91
internal_value=0.00664755 0.00335372 0.00686091 -0.010827 0.00276275 0.0091591 0.0107691 0.00803445 -0.00821436 0.0110619 0.0130486 0.000951936 -0.0139381 0.0177412
internal_weight=76.5601 59.2384 47.9064 11.3321 7.15523 45.382 42.9655 37.591 5.63488 31.9562 29.9826 8.71634 5.61707 21.2663
internal_count=402 351 276 75 44 245 225 213 36 177 159 37 31 122
is_linear=0
shrinkage=0.03


Tree=110
num_leaves=15
num_cat=0
split_feature=14 20 21 14 9 9 1 3 20 0 18 17 12 16
split_gain=3.92679 5.67335 3.95021 3.56896 2.31326 2.75522 3.71683 2.26778 2.17408 3.51063 2.07354 4.29371 1.42334 1.72812
threshold=21.100000000000005 -0.5 0.6830127018922193 8.3000000000000025 1.0000000180025095e-35 1485.0000000000002 79.500000000000014 51.500000000000007 0.93301270189221952 24.250000000000004 -0.78656609248549292 110.65000000000002 1.0000000180025095e-35 15.553405759324475
decision_type=2 2 2 2 2 2 2 2 2 2 2 10 2 10
left_child=1 3 4 -1 -3 8 -7 10 -6 -10 -2 -12 13 -8
right_child=7 2 -4 -5 5 6 12 -9 9 -11 11 -13 -14 -15
leaf_value=-0.022154118369964983 0.023267848730249147 0.011497940644644274 -0.03059672879049203 0.013925000207852752 -0.028974122517497845 -0.023803028633199504 -0.019392172901034017 0.026749430986575024 -0.024025687528797909 0.023645621627989524 -0.029169011243109694 0.020640685805012392 0.026317494751321138 0.014548667155681615
leaf_weight=1.8397998306900287 1.8796100616455067 6.3987964894622626 4.7829108014702788 24.13126215338707 5.7103856075555104 2.2479764446616155 1.3249261109158399 8.6096604466438276 1.7567926533520224 1.804885897785425 2.5557143054902554 1.8471452333033083 3.1976490616798401 2.2206524070352316
leaf_count=26 3 33 54 86 68 23 17 17 17 3 25 4 6 8
internal_value=0.00441563 0.000633951 -0.0082534 0.0106425 -0.00289674 -0.0082752 0.00349615 0.0175625 -0.0189191 1.9605e-05 0.00302819 -0.0083196 0.0144956 0.000389572
internal_weight=70.3082 55.416 29.445 25.9711 24.6621 18.2633 8.9912 14.8921 9.27206 3.56168 6.28247 4.40286 6.74323 3.54558
internal_count=390 341 229 112 175 142 54 49 88 20 32 29 31 25
is_linear=0
shrinkage=0.03


Tree=111
num_leaves=15
num_cat=0
split_feature=16 4 15 18 10 0 3 26 10 11 16 1 11 18
split_gain=3.20442 2.30118 3.22266 4.37443 1.93828 4.58262 5.11554 1.50642 1.38068 1.32315 3.22338 2.01396 1.67958 1.31038
threshold=28.54711984885169 10.500000000000002 43.500000000000007 -0.37940952255126054 2.8500000000000001 25.550000000000004 90.500000000000014 1.0000000180025095e-35 -4.9499999999999993 4185.0000000000009 11.253944990438784 83.500000000000014 4785.0000000000009 -0.5
decision_type=8 2 2 2 2 2 2 2 2 2 10 2 2 2
left_child=1 2 3 7 5 6 -4 -1 -7 -3 -11 12 -12 -9
right_child=-2 9 4 -5 -6 8 -8 13 -10 10 11 -13 -14 -15
leaf_value=0.014882243711194277 -0.02074310695855178 0.02439755806372582 -0.030235901743863952 -0.023163801060825308 0.018780395577893183 0.024011556104327998 0.013518396097834848 -0.014050549565075093 0.00078567123870326141 0.023545333995408244 -0.026932106917134671 0.010728690551887391 0.0044913758047842988 0.015067731063970505
leaf_weight=6.1900455690920353 2.5829172199591985 9.2909567728638667 4.679930001497274 6.5793678779155025 12.698721405118702 6.2958049327135086 3.3926947340369225 3.6532556358724833 3.4679512903094274 7.1434370782226351 2.6163764111697656 4.8538266830146313 2.2258944660425186 1.0587192568928001
leaf_count=16 23 21 45 112 41 12 9 40 20 18 15 19 6 4
internal_value=0.00732114 0.00856179 0.0045022 -0.00556904 0.0102618 0.00352182 -0.012384 0.00610345 0.0166015 0.0155806 0.0096211 -0.00187957 -0.014191 -0.00601553
internal_weight=76.7299 74.147 48.0165 17.4814 30.5351 17.8364 8.07262 10.902 9.76376 26.1305 16.8395 9.6961 4.84227 4.71197
internal_count=401 378 299 172 127 86 54 60 32 79 58 40 21 44
is_linear=0
shrinkage=0.03


Tree=112
num_leaves=15
num_cat=0
split_feature=5 8 14 8 8 26 14 20 19 13 14 19 3 0
split_gain=2.67942 2.49714 3.70024 3.17709 3.58718 3.10951 2.51644 3.73076 1.81136 1.53146 3.03971 2.64821 1.49084 1.41873
threshold=53.500000000000007 25.100000000000005 13.300000000000002 13.700000000000001 15.500000000000002 1.0000000180025095e-35 9.4000000000000021 0.68301270189221941 0.37940952255126043 2480.0000000000005 11.600000000000001 0.96592582628906831 88.000000000000014 22.350000000000005
decision_type=2 2 2 2 2 2 2 2 2 2 2 2 2 2
left_child=1 2 6 -4 -5 -6 7 8 -1 10 -8 -12 -7 -2
right_child=13 -3 3 4 5 12 9 -9 -10 -11 11 -13 -14 -15
leaf_value=-0.028546497640538303 0.00088726329270684846 0.023042754863966852 -0.026083467787931264 0.015466005037855328 0.010704912174485879 -0.03058961930379207 0.017557296751240757 0.018311335716759615 0.00097423381368484815 0.025080311029568231 -0.027177936923493792 0.016773555126668813 -0.0007185746815568494 0.019137327390187538
leaf_weight=3.4010200202465075 4.9226459544152048 4.1949642151594153 5.3001465518027571 6.261432999745014 3.1119133979082152 4.5275603430345592 6.8493929356336611 3.5585297662764788 3.1424540374428034 6.8863073810935012 2.5488606169819836 1.0751245170831678 2.1330435499548912 18.088571524247527
leaf_count=44 19 9 59 31 10 61 34 14 20 15 30 3 8 49
internal_value=0.00710057 0.0032635 0.00113448 -0.00803005 -0.000881432 -0.0118189 0.0082861 -0.00343408 -0.0161196 0.0149219 0.0066389 -0.0133312 -0.022366 0.0154328
internal_weight=76.002 52.9908 48.7958 21.3341 16.034 9.77252 27.4617 10.102 6.54347 17.3597 10.4734 3.62399 6.6606 23.0112
internal_count=406 338 329 169 110 79 160 78 64 82 67 33 69 68
is_linear=0
shrinkage=0.03


Tree=113
num_leaves=15
num_cat=0
split_feature=7 16 16 13 13 6 3 15 23 3 19 16 6 1
split_gain=2.59111 3.46241 2.97484 3.54331 5.04398 4.9798 3.34314 1.77068 2.92532 2.57099 5.58077 1.49155 1.68745 1.34175
threshold=14.650000000000002 28.54711984885169 25.399212195245514 1505.0000000000002 245.00000000000003 12250.000000000002 44.500000000000007 22.500000000000004 1.0000000180025095e-35 19.000000000000004 0.25881904510252057 21.32599308917144 16150.000000000002 53.500000000000007
decision_type=2 8 10 2 2 2 2 2 2 2 2 8 2 2
left_child=1 2 3 4 6 -6 11 8 -5 -9 -11 12 -1 -14
right_child=-2 -3 -4 7 5 -7 -8 9 -10 10 -12 -13 13 -15
leaf_value=-0.015744958324807816 0.022675843732553658 -0.026629130423914852 0.02425711046947391 -0.024153178240669263 0.016428940284505721 -0.032690916038579744 -0.020712282731021891 0.021356066467315287 0.018187281671790238 -0.029092945750200903 0.013931172572566613 -0.0093550489098976168 -0.0029036337057028734 0.021215931998457543
leaf_weight=0.80253340303898291 7.0883775800466529 2.0957098472863427 6.143459625542163 2.3947327928617623 1.758570633828638 6.8047234704717994 2.8712880797684184 14.468950023874642 1.6536288522183893 2.7183126769959918 9.0836611054837686 2.2253238279372463 2.2701650448143473 10.313992576673625
leaf_count=11 16 21 15 40 5 72 19 51 7 25 26 20 13 55
internal_value=0.0065835 0.00453044 0.00595551 0.00361352 -0.00420795 -0.0219405 0.00471196 0.0105023 -0.00668163 0.0132983 0.00252309 0.0103532 0.0140519 0.0169714
internal_weight=72.6934 65.6051 63.5093 57.3659 27.0466 8.56329 18.4833 30.3193 4.04836 26.2709 11.802 15.612 13.3867 12.5842
internal_count=396 380 359 344 195 77 118 149 47 102 51 99 79 68
is_linear=0
shrinkage=0.03


Tree=114
num_leaves=15
num_cat=0
split_feature=10 8 8 20 16 18 9 3 10 10 1 7 9 16
split_gain=4.13386 2.89553 5.72145 2.09605 3.03835 2.60181 1.81149 3.31857 2.47775 4.50201 1.64025 3.15461 1.58419 1.46345
threshold=9.3000000000000025 14.900000000000002 11.600000000000001 0.68301270189221941 17.741368403320337 -0.5 1790.0000000000002 15.500000000000002 -3.5499999999999994 4.7500000000000009 68.500000000000014 14.650000000000002 2595.0000000000005 24.05870080532765
decision_type=2 2 2 2 8 2 2 2 2 2 2 2 2 10
left_child=1 2 3 4 6 -5 8 12 -1 -10 11 -3 -8 -6
right_child=-2 10 -4 5 13 -7 7 -9 9 -11 -12 -13 -14 -15
leaf_value=0.021827559896304426 -0.025598342324517943 -0.024094046164981401 -0.022093499307130036 -0.005900909867743491 -0.032450203799421797 0.027105395098558971 -0.0093825130691940588 -0.029698636748175154 -0.027528084463637879 0.017505358689154545 0.018726496309216415 0.016648174036781389 0.020386841003708689 0.0034110691044853389
leaf_weight=8.7045268099755031 2.6207038005813947 1.9140386376529956 6.2011641580611458 2.5231616981327534 1.9942905437201255 6.9161871708929521 1.9816424213349808 2.1503620911389589 2.5163229545578423 3.6378678940236568 20.673180521465838 3.1410661265254021 2.8550580888986588 1.291720889508724
leaf_count=32 38 20 59 14 18 22 17 16 39 10 70 8 9 9
internal_value=0.00585436 0.00745474 0.00236056 0.00724478 0.0024462 0.0185626 0.00670897 -0.00537673 0.0123728 -0.00218195 0.0151373 -0.000209706 0.00867222 -0.0208464
internal_weight=69.1213 66.5006 40.7723 34.5711 25.1318 9.43935 21.8458 6.98706 14.8587 6.15419 25.7283 5.0551 4.8367 3.28601
internal_count=381 343 245 186 150 36 123 42 81 49 98 28 26 27
is_linear=0
shrinkage=0.03


Tree=115
num_leaves=15
num_cat=0
split_feature=3 19 16 15 16 17 13 7 7 19 20 17 0 20
split_gain=2.49486 3.99481 4.01488 3.73851 6.3764 1.95075 1.78093 1.53006 4.03333 2.98973 5.0447 2.31126 1.89336 5.31296
threshold=47.000000000000007 0.25881904510252057 21.275694372343587 82.500000000000014 10.150543047228407 7.8000000000000007 105.00000000000001 4.4500000000000011 5.6500000000000012 0.1294095225512602 -0.5 106.95 24.750000000000004 0.68301270189221941
decision_type=2 2 10 2 10 10 2 2 2 2 2 10 2 2
left_child=3 2 -2 5 -5 -1 -3 12 -9 -10 -11 -12 13 -7
right_child=1 6 -4 4 -6 7 -8 8 9 10 11 -13 -14 -15
leaf_value=-0.020041858776069486 -0.023282698945335245 0.002918990084761135 0.017663178436228718 0.021494031043456714 -0.03109736199873606 -0.023878132330168337 0.028078491157155442 -0.025486182756467531 0.017915738457254717 0.014669507502035229 -0.030433002983479913 0.012591412224566051 0.026259245954647729 0.024141102088365587
leaf_weight=1.2007773667573918 3.2907809223979738 3.3396298363804844 3.3498028889298439 2.3211573027074328 4.9897931143641472 2.6273613488301617 14.150953929871319 2.5038968017324832 13.571280399337413 6.2286639511585227 4.2348575526848427 0.83282542601227749 7.792410028167069 3.8776305615901947
leaf_count=13 23 13 8 7 45 46 31 33 65 22 57 4 21 13
internal_value=0.0087583 0.0165139 -0.00301935 0.00477896 -0.0138229 0.00819408 0.0236922 0.00945839 0.00498953 0.00892473 -0.0024555 -0.0224525 0.0171283 0.00414881
internal_weight=74.3118 24.1312 6.64058 50.1807 7.31095 42.8697 17.4906 41.6689 27.3715 24.8676 11.2963 5.06768 14.2974 6.50499
internal_count=401 75 31 326 52 274 44 261 181 148 83 61 80 59
is_linear=0
shrinkage=0.03


Tree=116
num_leaves=15
num_cat=0
split_feature=14 12 17 15 9 14 9 11 6 7 1 1 1 6
split_gain=2.19514 2.7073 2.79318 3.43569 2.29124 3.21935 3.43844 3.15625 2.87 3.75015 1.48651 2.32315 3.29898 1.60694
threshold=9.2000000000000011 1.0000000180025095e-35 24.650000000000002 4.5000000000000009 95.000000000000014 21.100000000000005 1.0000000180025095e-35 4295.0000000000009 16250.000000000002 5.0500000000000007 92.500000000000014 85.500000000000014 83.500000000000014 38450.000000000007
decision_type=2 2 10 2 2 2 2 2 2 2 2 2 2 2
left_child=10 2 3 -2 5 6 7 -4 9 -6 11 12 13 -1
right_child=1 -3 4 -5 8 -7 -8 -9 -10 -11 -12 -13 -14 -15
leaf_value=-0.022336731715309404 0.021987540458114557 0.022583832440428039 -0.016692734191446065 -0.020779496285397003 0.013708506320665824 0.019030112726434054 -0.029102144781328033 0.016329696727968333 0.021271991318438953 -0.02756729495305384 0.016649564913218142 -0.027961558364828991 0.025477918093697201 0.01025232477635288
leaf_weight=3.1707599721848947 1.4244361603632558 13.129967931658028 3.3763511497527379 5.1252687405794859 4.4990136772394207 5.3775573633611193 3.2749628517776719 5.4925882276147604 19.228127002716064 2.0988920861855149 1.7303846813738335 2.5613473653793335 2.2579320222139359 1.3162518069148061
leaf_count=38 11 34 34 58 15 17 33 25 65 19 5 30 5 3
internal_value=0.00872295 0.0108596 0.00739135 -0.00979808 0.010151 0.00161563 -0.00695698 0.00334066 0.0156657 -0.00132205 -0.00336721 -0.00834342 0.00175484 -0.0126506
internal_weight=74.0638 63.0272 49.8972 6.5497 43.3475 17.5215 12.1439 8.86894 25.826 6.59791 11.0367 9.30629 6.74494 4.48701
internal_count=392 311 277 69 208 109 92 59 99 34 81 76 46 41
is_linear=0
shrinkage=0.03


Tree=117
num_leaves=15
num_cat=0
split_feature=7 16 7 16 16 17 5 5 16 12 20 15 6 17
split_gain=2.82825 3.7825 1.92907 1.6498 2.00456 2.22973 2.2412 3.73544 3.01223 1.87514 1.84852 1.56765 2.71643 1.26819
threshold=14.350000000000003 28.167426204884556 12.850000000000003 7.5415590505869963 9.4685810454955543 79.65000000000002 63.000000000000007 1.5000000000000002 13.53438844810537 12.950000000000001 1.0000000180025095e-35 28.500000000000004 15250.000000000002 44.900000000000006
decision_type=2 8 2 10 10 10 2 2 10 2 2 2 2 10
left_child=1 2 3 -1 -5 6 7 8 9 -6 -8 -10 -13 -14
right_child=-2 -3 -4 4 5 -7 10 -9 11 -11 -12 12 13 -15
leaf_value=-0.018441517253195656 0.02517267784148686 -0.026408683543064426 -0.016504354060373729 0.022664468309660804 -0.026947761302381357 0.016668497848591843 0.018043507070451714 -0.028031780713978448 -0.0088257353903288711 0.011359565672841418 -0.00292593461009052 -0.020175621402762373 0.0026792139287389904 0.023012140280461762
leaf_weight=1.0969311818480481 6.9831098653376094 2.1322227064520112 1.999959748238324 7.8602132694795719 3.2352122385054889 14.485852211713789 10.930794280022385 3.308436991646885 3.1811311515048173 0.94059929251670826 5.1751043815165749 1.2025582809001196 4.3305504582822314 8.3474721089005453
leaf_count=14 17 21 19 32 48 56 28 40 46 2 18 11 26 24
internal_value=0.00815361 0.00607323 0.00749908 0.0084901 0.00923987 0.00695647 0.0031786 -0.00253703 0.00251657 -0.0177914 0.0115285 0.00819676 0.0124289 0.0167705
internal_weight=75.2101 68.227 66.0948 64.0949 62.9979 55.1377 40.6519 24.546 21.2375 4.17581 16.1059 17.0617 13.8806 12.678
internal_count=402 385 364 345 331 299 243 197 157 50 46 107 61 50
is_linear=0
shrinkage=0.03


Tree=118
num_leaves=15
num_cat=0
split_feature=8 10 19 9 6 0 10 0 10 3 14 9 6 10
split_gain=2.65594 3.17197 3.39219 3.94823 3.28965 3.06463 4.16191 2.91761 3.61103 2.34507 2.07774 2.11299 1.93914 2.44136
threshold=25.100000000000005 -4.0499999999999989 0.37940952255126043 625.00000000000011 22150.000000000004 22.450000000000003 4.2000000000000002 25.650000000000002 -6.3499999999999988 69.000000000000014 11.600000000000001 1.0000000180025095e-35 21550.000000000004 -3.4499999999999997
decision_type=2 2 2 2 2 2 2 2 2 2 2 2 2 2
left_child=1 7 3 5 12 6 -3 -1 -9 -10 -8 -12 13 -4
right_child=-2 2 4 -5 -6 -7 10 8 9 -11 11 -13 -14 -15
leaf_value=0.018153183770296559 0.025727573324281616 -0.027726518037727608 0.014158150785648053 -0.02537155622270653 -0.032259725181755808 0.02201990159458337 0.021898986257000368 0.010058387645287759 -0.032291054463358393 0.0052206688034575092 -0.023941638482030098 0.014908759113896594 0.018982685102765771 -0.020462707743945034
leaf_weight=14.647285530343654 3.6002982258796683 2.8442457262426668 1.8391290362924335 2.6143058761954299 5.0144707458093754 7.6856495216488829 4.1938977036625147 9.7101917304098588 3.025957414880394 2.0007753372192383 1.7586759859696033 1.4147473648190496 1.7700071930885313 4.8574901008978468
leaf_count=56 7 37 7 31 67 25 15 36 38 5 20 4 4 48
internal_value=0.00369758 0.00206591 -0.0041278 0.00356385 -0.0152686 0.00890948 -0.00204189 0.00913102 -0.000419974 -0.0189715 0.0100026 -0.00719945 -0.00286069 -0.0103504
internal_weight=66.9771 63.3768 33.9926 20.5115 13.4811 17.8972 10.2116 29.3842 14.7369 5.02673 7.36732 3.17342 8.46663 6.69662
internal_count=400 393 258 132 126 101 76 135 79 43 39 24 59 55
is_linear=0
shrinkage=0.03


Tree=119
num_leaves=15
num_cat=0
split_feature=26 10 0 10 17 5 10 0 3 14 19 7 10 20
split_gain=1.8356 3.01967 2.38827 3.33253 2.81875 2.00657 4.34403 3.81996 2.34414 2.22114 1.63165 1.59774 2.05482 1.39666
threshold=1.0000000180025095e-35 8.7500000000000018 25.650000000000002 -5.3499999999999988 24.750000000000004 11.500000000000002 1.7500000000000002 22.350000000000005 23.500000000000004 19.900000000000002 1.0000000180025095e-35 5.6500000000000012 -5.6499999999999995 1.0000000180025095e-35
decision_type=2 2 2 2 10 2 2 2 2 2 2 2 2 2
left_child=11 2 5 4 -4 6 8 9 -2 -7 -10 12 -1 -13
right_child=1 -3 3 -5 -6 7 -8 -9 10 -11 -12 13 -14 -15
leaf_value=0.0205687030858611 -0.026553824888305398 -0.02402169088629709 -0.014784253392459269 -0.022802960962050235 0.017475146761517277 -0.024613155403005588 0.014829563732596866 0.026385331847584948 0.013592905768043118 0.011545808623143741 -0.013303220773338342 0.0275472194743125 -0.012640790541434598 0.0074771015740208177
leaf_weight=1.7921683378517625 3.5991237983107585 2.0935983685776582 2.8493882734328491 4.4386425251141182 5.9347918815910816 1.7774595003575111 13.626016784459351 11.74567432887852 3.4522003978490829 2.4925905279815197 2.7403963804244995 8.7461598068475706 3.2004446927458075 6.0379357524216166
leaf_count=5 61 33 25 48 15 19 69 33 10 7 16 14 20 23
internal_value=0.00801276 0.00501776 0.00659853 -0.00420036 0.0065694 0.0102339 0.00432195 0.0181163 -0.0103195 -0.00532011 0.00149585 0.0156636 0.00072328 0.0203435
internal_weight=74.5266 54.7499 52.6563 13.2228 8.78418 39.4335 23.4177 16.0157 9.79172 4.27005 6.1926 19.7767 4.99261 14.7841
internal_count=398 336 303 88 40 215 156 59 87 26 26 62 25 37
is_linear=0
shrinkage=0.03


Tree=120
num_leaves=15
num_cat=0
split_feature=26 7 14 21 0 10 15 4 1 8 7 0 3 8
split_gain=2.30541 3.33985 4.33201 4.25108 3.30163 3.12286 4.43105 2.42005 2.4073 2.00714 1.79911 1.58478 1.24943 1.13122
threshold=1.0000000180025095e-35 4.9500000000000011 19.900000000000002 0.6830127018922193 23.150000000000002 -6.9499999999999993 9.5000000000000018 1.0000000180025095e-35 76.500000000000014 4.4000000000000012 5.1500000000000012 28.950000000000003 39.000000000000007 9.4000000000000021
decision_type=2 2 2 2 2 2 2 2 2 2 2 2 2 2
left_child=10 3 5 8 12 -3 7 -7 11 -10 -1 -2 -4 -12
right_child=1 2 4 -5 -6 6 -8 -9 9 -11 13 -13 -14 -15
leaf_value=-0.0039475452971524791 -0.025344474627522727 0.010770945139979601 0.0011418551319668541 -0.022608471063087193 -0.014814882247051943 -0.018576972756130589 -0.027807122989216587 0.019946873060782778 -0.0058874369856689781 0.022434527401003365 0.031268309825703361 0.011240535244700534 0.024549200549796587 0.011360634869098146
leaf_weight=3.1750482805073288 1.2754872869700258 3.4881929084658649 2.9789417656138522 2.1245445301756254 2.926033239811658 1.397828322835269 10.855881960131226 2.9403343088924885 2.1685821395367411 16.366621107794344 4.5293638445436946 1.1975013576447961 6.4073486626148224 8.5933646336197835
leaf_count=19 15 14 18 36 19 40 106 8 18 54 7 6 15 28
internal_value=0.0057919 0.00268991 -0.00372122 0.0110781 0.00963199 -0.0125638 -0.0182552 0.00637915 0.0153573 0.0189892 0.015343 -0.00949325 0.0179456 0.0199594
internal_weight=70.4251 54.1273 30.9946 23.1327 12.3123 18.6822 15.194 4.33816 21.0082 18.5352 16.2978 2.47299 9.38629 13.1227
internal_count=403 349 220 129 52 168 154 48 93 72 54 21 33 35
is_linear=0
shrinkage=0.03


Tree=121
num_leaves=15
num_cat=0
split_feature=26 9 1 16 16 12 9 16 19 4 16 16 9 7
split_gain=1.95113 3.62498 2.62688 1.85031 2.088 2.44965 2.97722 3.62323 4.02963 2.67595 5.21628 2.91353 1.68741 1.56487
threshold=1.0000000180025095e-35 2890.0000000000005 57.500000000000007 28.167426204884556 25.399212195245514 1.0000000180025095e-35 770.00000000000011 8.913173856148692 0.96592582628906831 17.500000000000004 16.243812243544376 21.32599308917144 1185.0000000000002 5.1500000000000012
decision_type=2 2 2 8 10 2 2 10 2 2 10 8 2 2
left_child=13 2 -2 4 5 6 9 -8 -9 10 -4 -12 -7 -1
right_child=1 -3 3 -5 -6 12 7 8 -10 -11 11 -13 -14 -15
leaf_value=-0.003715816962790813 -0.023033262404463864 -0.030288296050654733 -0.026795984349410332 -0.015675024037691946 0.02341384128419997 -0.001062217341248647 0.012921719157870959 -0.032905511397946959 0.014917408064552308 0.024002405017331779 0.016987066661333462 -0.013932312163052568 0.025262508097981393 0.018739016834199596
leaf_weight=3.1010694392025497 1.9619978833943594 1.8276332123205055 3.6633567018434503 2.3707912582904092 5.5535259656608096 2.9994412139058095 2.9923123307526094 5.7113934475928545 1.4330676943063734 5.0960613861680022 10.231740001589056 2.79613763652742 6.4176137745380402 13.349598299711941
leaf_count=19 29 17 66 20 13 12 17 72 6 10 39 25 16 36
internal_value=0.00581289 0.00288934 0.00463028 0.0061683 0.00757683 0.00494664 0.000799021 -0.0119388 -0.0226592 0.00698926 0.000731781 0.00983081 0.0175807 0.0145357
internal_weight=69.5057 53.0551 51.2274 49.2654 46.8947 41.3411 31.9241 10.1368 7.14446 21.7873 16.6912 13.0279 9.41705 16.4507
internal_count=397 342 325 296 276 263 235 95 78 140 130 64 28 55
is_linear=0
shrinkage=0.03


Tree=122
num_leaves=15
num_cat=0
split_feature=1 6 6 15 6 19 4 11 11 6 15 26 8 26
split_gain=1.79048 2.40481 5.19156 2.29999 2.48809 2.63915 1.98898 1.87617 3.22046 3.25894 2.8569 2.75003 1.50298 1.38102
threshold=57.500000000000007 29350.000000000004 26550.000000000004 20.500000000000004 25150.000000000004 -0.9159756150367534 85.500000000000014 3920.0000000000005 4235.0000000000009 13850.000000000002 48.500000000000007 1.0000000180025095e-35 17.800000000000001 1.0000000180025095e-35
decision_type=2 2 2 2 2 2 2 2 2 2 2 2 2 2
left_child=13 2 3 4 5 -2 7 -5 -9 -10 11 -11 -12 -1
right_child=1 -3 -4 6 -6 -7 -8 8 9 10 12 -13 -14 -15
leaf_value=0.0085808187542647605 0.010590792856582343 0.027160851450103479 -0.027419792000759974 0.018212811123902495 0.020042455481480061 -0.02692610352492579 0.021770475920384523 -0.017164760755918194 -0.017437851244379705 0.018133113893132689 0.020117177499969132 -0.019943341180829174 -0.0027312498515314077 -0.023308765548867617
leaf_weight=1.3450203314423563 1.8824643800035117 4.6999524775892487 2.8742292020469895 9.9626987352967245 1.5074275657534597 4.0107022491283706 10.8158942759037 4.6556778457015744 3.1610173154622343 1.7539349719882009 16.172145565971736 3.6847154377028373 2.7905319891870013 2.0814846251159898
leaf_count=3 10 15 32 33 3 86 25 35 26 5 52 40 11 32
internal_value=0.00720488 0.00831245 0.00651154 0.00854658 -0.00644432 -0.0151441 0.0107205 0.00744857 0.0036719 0.00766924 0.0114801 -0.00675475 0.0167864 -0.0116804
internal_weight=71.3979 67.9714 63.2714 60.3972 7.40059 5.89317 52.9966 42.1807 32.218 27.5623 24.4013 5.43865 18.9627 3.4265
internal_count=408 373 358 326 99 96 227 202 169 134 108 45 63 35
is_linear=0
shrinkage=0.03


Tree=123
num_leaves=15
num_cat=0
split_feature=11 0 7 3 17 13 10 6 7 11 3 7 1 11
split_gain=1.56721 3.8266 1.47272 4.14378 2.02757 2.21686 3.27709 2.1817 2.94166 1.50116 4.66579 2.62899 1.43069 3.71441
threshold=3705.0000000000005 16.750000000000004 12.850000000000003 94.000000000000014 76.000000000000014 1505.0000000000002 2.8500000000000001 13250.000000000002 10.65 4795.0000000000009 11.500000000000002 3.4500000000000006 83.500000000000014 4185.0000000000009
decision_type=2 2 2 2 10 2 2 2 2 2 2 2 2 2
left_child=-1 -2 4 -4 5 6 7 -3 -9 10 -7 -11 13 -12
right_child=1 2 3 -5 -6 9 -8 8 -10 11 12 -13 -14 -15
leaf_value=0.017081561963504872 -0.025896691018863681 0.0093259025518526856 -0.029557953746824402 0.018900093447665713 0.018998482793100679 -0.025712827279598727 0.011400260166992819 -0.034054141644178602 0.010411596988145227 -0.010360179422194606 0.022447875796016127 0.022217436321538876 0.019386291336239911 -0.02278493008556973
leaf_weight=9.6201139651238901 2.5693797497078767 1.6458221543580274 2.544589912518858 1.9708347618579862 10.321260914206503 3.0710667585954097 5.3051635790616274 4.7686222097836435 1.2329563852399585 2.1362960394471875 2.111708000302313 10.498964332975445 6.6051626801490784 2.4448162391781807
leaf_count=37 37 9 21 4 33 46 29 74 6 18 5 35 20 17
internal_value=0.00642477 0.00437071 0.00623327 -0.0088156 0.00773435 0.00442086 -0.00549302 -0.0171754 -0.0247368 0.00922576 0.00223982 0.0163536 0.0114127 -0.00155469
internal_weight=66.8468 57.2266 54.6573 4.51542 50.1418 39.8206 12.9526 7.6474 6.00158 26.868 14.2328 12.6353 11.1617 4.55652
internal_count=391 354 317 25 292 259 118 89 80 141 88 53 42 22
is_linear=0
shrinkage=0.03


Tree=124
num_leaves=15
num_cat=0
split_feature=14 14 7 6 7 13 21 9 8 20 7 1 12 18
split_gain=2.04382 3.6494 1.55861 3.13616 4.25195 4.02894 3.11084 2.50734 2.63412 3.69207 1.63702 1.9678 1.57774 1.59067
threshold=8.8000000000000025 7.1000000000000005 4.0500000000000007 19850.000000000004 11.200000000000001 2315.0000000000005 -0.5 95.000000000000014 20.300000000000004 -0.24999999999999994 3.4500000000000006 85.500000000000014 0.55000000000000016 1.0000000180025095e-35
decision_type=2 2 2 2 2 2 2 2 2 2 2 2 2 2
left_child=1 -1 10 4 5 -4 -5 8 9 -8 11 -2 13 -7
right_child=2 -3 3 6 -6 12 7 -9 -10 -11 -12 -13 -14 -15
leaf_value=0.0096129068834986363 -0.015209896645173093 -0.026202185536570288 -0.030981857655845935 -0.013425957631287112 0.015553765390335596 0.003517590733447552 0.01856792273562443 0.024221411489429013 0.020173847437875099 -0.020514110559985341 0.02597633493919178 0.015351492512304953 0.016887394886425173 -0.025932310142404175
leaf_weight=4.9125783788040263 2.0340888593345863 3.616855438798666 5.2294277637265649 3.0931581621989599 6.1308319866657248 3.8644343074411136 2.5570613779127589 12.745310276746748 4.8291913140565157 4.7554308343678775 7.1975698871538043 4.2038564234972 2.5838086903095245 1.6444472670555113
leaf_count=32 20 39 70 30 19 19 9 34 13 49 21 14 6 18
internal_value=0.0064358 -0.00673016 0.00835969 0.00558545 -0.00357075 -0.0128433 0.0118548 0.0153941 0.00498999 -0.00625809 0.0170885 0.00466138 0.000995927 -0.00790697
internal_weight=69.3981 8.52943 60.8686 47.4331 19.453 13.3221 27.9802 24.887 12.1417 7.31249 13.4355 6.23795 8.09269 5.50888
internal_count=393 71 322 267 132 113 135 105 71 58 55 34 43 37
is_linear=0
shrinkage=0.03


Tree=125
num_leaves=15
num_cat=0
split_feature=14 8 3 9 20 15 11 14 11 7 19 7 7 19
split_gain=2.14608 4.89106 5.35373 4.98709 3.46426 3.17528 2.64598 2.3248 3.59785 2.2807 2.25439 2.10681 1.75263 1.64487
threshold=9.2000000000000011 9.4000000000000021 51.500000000000007 2935.0000000000005 0.93301270189221952 44.500000000000007 4465.0000000000009 19.900000000000002 4715.0000000000009 3.1500000000000008 0.96592582628906831 1.9500000000000002 6.4500000000000011 0.1294095225512602
decision_type=2 2 2 2 2 2 2 2 2 2 2 2 2 2
left_child=11 9 3 4 5 6 -3 8 -4 10 -2 -1 -13 -6
right_child=1 2 7 -5 13 -7 -8 -9 -10 -11 -12 12 -14 -15
leaf_value=0.0066230045103233479 -0.017022030405163927 0.0041677206188044571 -0.023606879945211826 0.021236524912652315 0.02073722308957486 -0.033412333456969215 -0.025946630991545414 0.022273197729595948 0.018795952036800147 0.02242155776552994 0.019240077982332307 -0.026843870635149012 0.0063523187949265864 -0.0093437380208499076
leaf_weight=4.3421879671514017 2.5898387208580997 6.4535654690116733 2.5041227024048558 3.3916082736104718 2.541065886616706 7.5483253896236411 3.1831510681658983 8.9638893753290159 2.7139545641839504 15.831710600294171 1.7117735370993612 4.4882521200925112 1.490689270198345 2.2291800417006016
leaf_count=23 21 52 17 9 8 64 57 22 7 55 5 54 6 17
internal_value=0.0035893 0.00578454 -0.000433233 -0.00859957 -0.0139329 -0.0199666 -0.00728367 0.0137672 -0.00207686 0.0174351 -0.0016847 -0.00849058 -0.018843 0.00749695
internal_weight=69.9833 59.6622 39.5289 25.3469 21.9553 17.185 9.63672 14.182 5.21808 20.1333 4.30161 10.3211 5.97894 4.77025
internal_count=417 334 253 207 198 173 109 46 24 81 26 83 60 25
is_linear=0
shrinkage=0.03


Tree=126
num_leaves=15
num_cat=0
split_feature=14 7 7 11 26 3 6 12 7 14 21 14 13 7
split_gain=1.88341 4.27633 2.52149 3.46037 4.00686 4.24085 2.52148 1.996 1.75819 1.60194 1.47098 1.16942 1.6189 1.14755
threshold=9.2000000000000011 1.9500000000000002 4.9500000000000011 3920.0000000000005 1.0000000180025095e-35 69.000000000000014 38450.000000000007 1.0000000180025095e-35 12.250000000000002 10.000000000000002 1.0000000180025095e-35 13.300000000000002 2170.0000000000005 3.1500000000000008
decision_type=2 2 2 2 2 2 2 2 2 2 2 2 2 2
left_child=1 -1 11 -4 10 7 -3 9 -7 -6 -5 13 -13 -2
right_child=2 6 3 4 5 8 -8 -9 -10 -11 -12 12 -14 -15
leaf_value=0.016606750158287314 0.0047488498931540345 -0.03171618249725932 0.018688186124819303 -0.001154629937440408 0.0087488363736204413 -0.0048988542040729853 0.0096503180569992159 0.0086880721566753617 0.022154698069373709 -0.025577546777968172 0.022238156555586672 -0.018707959927474128 0.014720656309683803 0.025277735435176085
leaf_weight=3.6731238504871708 3.7153157833963659 3.9031547736376524 9.8567609693855029 3.5811675637960452 0.88284408301115291 3.6519645871594539 1.2877039555460212 1.6338181626051653 3.4237183332443237 10.557691946625708 5.8948868364095688 1.2224737089127296 2.1598657369613647 11.501527383923529
leaf_count=18 19 58 42 16 4 19 3 5 7 139 13 19 7 32
internal_value=0.00673183 -0.00565967 0.0086867 0.00419655 -0.00107768 -0.00856004 -0.0215531 -0.0182077 0.00931399 -0.0224383 0.0141313 0.0175181 0.00112665 0.0208674
internal_weight=66.946 8.86398 58.082 39.4829 29.6261 20.15 5.19086 13.0744 7.07568 11.4405 9.47605 18.5992 3.38234 15.2168
internal_count=401 79 322 245 203 174 61 148 26 143 29 77 26 51
is_linear=0
shrinkage=0.03


Tree=127
num_leaves=15
num_cat=0
split_feature=14 7 8 8 3 15 21 6 8 7 0 0 1 0
split_gain=3.60191 4.31276 2.21235 5.19874 2.14201 4.02063 3.49513 2.26169 1.7432 1.15774 1.10364 0.730923 0.660123 0.590708
threshold=9.2000000000000011 2.9500000000000006 9.4000000000000021 10.400000000000002 47.000000000000007 60.000000000000007 1.0000000180025095e-35 17750.000000000004 4.4000000000000012 3.1500000000000008 16.750000000000004 28.150000000000002 74.500000000000014 26.350000000000005
decision_type=2 2 2 2 2 2 2 2 2 2 2 2 2 2
left_child=1 8 9 -4 5 6 7 11 -1 -2 -8 -5 -11 -7
right_child=2 -3 3 4 -6 13 10 -9 -10 12 -12 -13 -14 -15
leaf_value=-0.013616368492408501 0.0015886606857770471 -0.034442292300388588 -0.029171751670485035 -0.0068711509729684223 0.015992586457466821 -0.027350528807479634 -0.0041134037157798545 -0.025847031698709298 0.015915570772220746 0.0056457495305014 0.020266751896760297 0.017713810831390554 0.023648689450452717 -0.0019120922949376355
leaf_weight=2.0157182877883297 3.9098506961017874 3.2543456424027681 2.9056299999356261 1.1961907753720944 14.014738488942383 3.0883283372968426 1.616615212522446 2.7896727751940489 3.6062679039314389 3.0620146989822379 9.9072967926040274 1.5029455386102197 10.943807281553743 1.2272200025618074
leaf_count=19 24 43 31 20 45 30 17 47 17 21 44 4 30 7
internal_value=0.00530897 -0.0115712 0.00813251 0.00386512 0.0073091 0.00114251 0.00786038 -0.0105883 0.00486988 0.0165571 0.0167913 0.00790626 0.0203513 -0.0218372
internal_weight=65.0406 8.87633 56.1643 38.2486 35.343 21.3283 17.0127 5.48881 5.62199 17.9157 11.5239 2.69914 14.0058 4.31555
internal_count=399 79 320 245 214 169 132 71 36 75 61 24 51 37
is_linear=0
shrinkage=0.03


Tree=128
num_leaves=15
num_cat=0
split_feature=26 14 12 14 1 0 1 4 11 9 9 3 17 24
split_gain=1.7459 2.46034 2.05013 2.97832 4.35512 3.31065 2.53757 1.93319 2.16645 1.87377 1.48476 1.48428 1.50871 1.43097
threshold=1.0000000180025095e-35 9.8000000000000025 1.0000000180025095e-35 10.000000000000002 80.500000000000014 24.050000000000004 71.500000000000014 1.0000000180025095e-35 4285.0000000000009 3615.0000000000005 1150.0000000000002 69.000000000000014 93.800000000000011 1.0000000180025095e-35
decision_type=2 2 2 2 2 2 2 2 2 2 2 2 10 2
left_child=1 -1 3 6 5 7 -2 8 -5 -6 -4 12 -7 -3
right_child=2 13 10 4 9 11 -8 -9 -10 -11 -12 -13 -14 -15
leaf_value=-0.011638971352109489 -0.01886281248071121 0.023476993380297177 -0.0046468657788328559 -0.014304628148002324 -0.028969601225768148 -0.028077130197090839 0.016281682645242435 0.023537320284245402 0.012651412597677117 0.0083884449652546454 0.020425913611346685 0.010961093289825806 0.0079131541495244123 0.0022331423864410671
leaf_weight=2.3862607330083874 1.3495462145656336 9.775746922940014 2.4972013458609563 3.8280295841395908 6.9687276128679505 4.1689094305038443 10.096166887320576 4.4520188253372899 5.0442854380235076 0.96908793970942486 6.6686427742242813 0.92143109440803517 0.84564563632011402 4.1898843497037879
leaf_count=13 22 27 13 38 84 64 53 12 28 3 18 2 2 14
internal_value=0.00481616 0.0129761 0.00181663 -0.00130459 -0.00666938 0.00129658 0.0109552 0.00947559 0.000750136 -0.0239805 0.0138098 -0.0157818 -0.0217012 0.0176786
internal_weight=64.1616 16.3519 47.8097 38.6438 27.1981 19.2603 11.4457 13.3243 8.87232 7.93782 9.16584 5.93599 5.01456 13.9656
internal_count=393 54 339 308 233 146 75 78 66 87 31 68 66 41
is_linear=0
shrinkage=0.03


Tree=129
num_leaves=15
num_cat=0
split_feature=10 16 5 14 10 3 11 11 19 3 3 19 19 5
split_gain=2.09514 4.64553 2.52865 2.35377 2.16207 3.66727 2.04014 2.5917 1.87516 1.49248 3.24696 1.63919 1.60504 1.14272
threshold=-2.8499999999999992 13.843995728944675 63.000000000000007 9.4000000000000021 2.4500000000000006 28.500000000000004 4245.0000000000009 3705.0000000000005 -0.78656609248549325 19.000000000000004 47.000000000000007 -0.5 0.60355339059327384 79.000000000000014
decision_type=2 10 2 2 2 2 2 2 2 2 2 2 2 2
left_child=2 -2 3 -1 5 -3 7 -6 -7 11 -11 -5 -13 -9
right_child=1 4 -4 9 6 8 -8 13 -10 10 -12 12 -14 -15
leaf_value=-0.016656392626398706 -0.029450702648919184 -0.028075746282539987 0.02127744605748854 0.022800820927562426 0.011982773204191272 0.024420805914218382 0.017872369483184589 -0.026127861473903346 -0.0067978132565310644 -0.026841967194335143 0.011456562618450024 -0.019576841006082753 0.011126966058088383 0.006150927737475379
leaf_weight=3.1133621130138662 3.2074741385877159 3.3817741870880145 11.921993998810647 6.9578840937465447 4.8324160166084784 2.1833641044795513 10.718828650191425 2.6166193205863242 3.0793208181858063 2.127854434773325 4.5213775187730789 1.3615652257576583 3.3648993787355721 0.90973276086151589
leaf_count=31 56 39 33 25 24 4 41 34 17 19 15 23 21 4
internal_value=0.00565362 -1.06779e-05 0.0107514 0.00421291 0.00430234 -0.00757033 0.0097912 -0.00137405 0.00798537 0.0084351 -0.00270638 0.0144889 0.000407948 -0.0182814
internal_weight=64.2985 30.9295 33.3689 21.4469 27.7221 8.64446 19.0776 8.35877 5.26268 18.3336 6.64923 11.6843 4.72646 3.52635
internal_count=386 219 167 134 163 60 103 62 21 103 34 69 44 38
is_linear=0
shrinkage=0.03


Tree=130
num_leaves=15
num_cat=0
split_feature=0 4 1 11 0 8 6 11 11 6 17 11 9 10
split_gain=3.09242 2.25043 2.35258 2.38472 2.4742 4.47152 1.99793 1.8336 1.67556 1.28028 2.97442 1.01957 3.55295 1.56606
threshold=29.250000000000004 10.500000000000002 89.500000000000014 4285.0000000000009 25.050000000000004 18.400000000000002 13650.000000000002 3415.0000000000005 3705.0000000000005 15350.000000000002 26.750000000000004 4565.0000000000009 225.00000000000003 2.4500000000000006
decision_type=2 2 2 2 2 2 2 2 2 2 10 2 2 2
left_child=1 2 3 4 5 6 -1 -4 -7 -5 -11 13 -13 -12
right_child=-2 -3 7 9 -6 8 -8 -9 -10 10 11 12 -14 -15
leaf_value=0.0092818410915794288 -0.024756784894695485 0.013906859816218172 0.013026040898014762 0.021463206756200764 0.015550338829997878 0.022721802403696298 -0.032237672548560428 -0.027155633071779543 -0.0069252327024156447 -0.02210362513000633 -0.0065853824328216534 -0.024552406223296745 0.015074568275604118 0.022090290344774395
leaf_weight=0.78627173602580835 1.9767435304820526 23.451370507478714 0.71430660039186422 5.9659204222261932 3.231626712717115 2.4953420255333185 5.4810249116271734 2.8655726369470358 2.6719173537567258 2.0222483016550568 1.6723612789064626 2.1303490735590449 4.8356792745180428 7.2424896452575922
leaf_count=4 24 82 2 24 14 7 73 37 18 44 14 29 19 24
internal_value=0.00539001 0.00665716 0.00239131 0.00469817 -0.00463153 -0.0111272 -0.0264683 -0.0180445 0.00875455 0.0103865 0.00575516 0.0104019 0.00139502 0.0165893
internal_weight=67.5432 65.5665 42.1151 38.5352 14.6662 11.4346 6.2673 3.57988 5.16726 23.869 17.9031 15.8809 6.96603 8.91485
internal_count=415 391 309 270 116 102 77 39 25 154 130 86 48 38
is_linear=0
shrinkage=0.03


Tree=131
num_leaves=15
num_cat=0
split_feature=14 17 16 14 7 7 6 19 16 13 4 13 6 8
split_gain=2.55145 1.96616 2.02811 1.53153 4.96562 2.38351 1.31893 1.9102 1.19957 2.3453 1.70006 1.32611 1.20698 2.51981
threshold=8.8000000000000025 13.050000000000002 17.392468720219224 13.300000000000002 6.5500000000000007 2.1500000000000008 22150.000000000004 0.37940952255126043 15.944226531479393 205.00000000000003 17.500000000000004 2625.0000000000005 26550.000000000004 25.100000000000005
decision_type=2 8 10 2 2 2 2 2 10 2 2 2 2 2
left_child=1 -1 -3 6 5 -5 -2 -8 9 -6 11 -11 -10 -14
right_child=3 2 -4 4 8 -7 7 -9 12 10 -12 -13 13 -15
leaf_value=0.011887095826657033 0.018822048390064711 -0.030854990602601912 0.0020409429763109652 0.01440919170115313 -0.024186689389907784 -0.02946345058536684 0.013395562629499209 -0.020228372499046843 0.01756850246735487 -0.021201150467462983 0.016701077356933089 0.009396503721313669 -0.022313547022637457 0.019231898618213988
leaf_weight=2.4142686519771788 18.849481170997027 2.8069787733256826 2.8196860309690237 0.78688240051269431 1.5433895615860844 3.8316034497693181 2.9638256449252358 1.46773443557322 15.874122662469746 1.7239989414811119 5.9178582932800055 1.5874040937051175 1.6248132139444345 1.6371903866529463
leaf_count=11 72 44 16 2 19 53 15 21 56 32 17 9 18 3
internal_value=0.00748369 -0.00764111 -0.0165496 0.00968165 0.00542047 -0.0207544 0.0155178 0.000585361 0.0100031 0.00174813 0.00802564 -0.00775603 0.0143326 -0.00184202
internal_weight=65.8492 8.04093 5.62666 57.8083 34.5273 4.61849 23.281 4.43156 29.9088 10.7727 9.22926 3.3114 19.1361 3.262
internal_count=388 71 60 317 209 55 108 36 154 77 58 41 77 21
is_linear=0
shrinkage=0.03


Tree=132
num_leaves=15
num_cat=0
split_feature=17 16 6 15 14 20 1 16 20 0 10 10 11 6
split_gain=2.86699 7.53826 1.99317 3.67308 1.66057 2.04062 1.73975 1.6278 2.16857 1.90647 2.25433 1.65264 2.35508 1.31809
threshold=43.050000000000004 10.55110156737384 26550.000000000004 4.5000000000000009 10.400000000000002 -0.93301270189221919 74.500000000000014 17.664095471063163 -0.24999999999999994 23.150000000000002 4.9500000000000011 4.9500000000000011 3705.0000000000005 17750.000000000004
decision_type=10 8 2 2 2 2 2 10 2 2 2 2 2 2
left_child=1 4 7 -4 5 -1 -6 8 -2 10 -10 -9 -13 -3
right_child=2 13 3 -5 6 -7 -8 11 9 -11 -12 12 -14 -15
leaf_value=0.014136889797079437 -0.017707334298190363 -0.0083294787784055774 0.012038317666815771 -0.026378520146605404 -0.0049476396777291421 -0.02274288728992983 0.025206066746018791 0.020640570876829238 -0.023626558935690406 0.021726704258150518 0.013605398653359102 0.016296851730327858 -0.022133807238696009 -0.029791549416598954
leaf_weight=1.8846583943814041 2.4277510987594715 6.3513598721474391 4.6174773573875418 2.7487762644886971 1.8163665197789649 1.5723575074225689 7.099458072334528 19.664946871809665 1.7851216187700614 4.4906094372272491 2.14341133646667 2.2770661916583772 1.5540578495711086 5.1298067569732666
leaf_count=6 21 53 25 32 13 20 28 57 19 12 10 8 20 75
internal_value=0.00535369 -0.00287081 0.0100145 -0.0037367 0.0128992 -0.00397637 0.0191836 0.0129862 0.00300172 0.0102193 -0.0046739 0.0172849 -0.000646881 -0.0195374
internal_weight=65.5632 23.854 41.7092 7.36625 12.3728 3.45702 8.91582 34.343 10.8469 8.41914 3.92853 23.4961 3.83112 11.4812
internal_count=399 195 204 57 67 26 41 147 62 41 29 85 28 128
is_linear=0
shrinkage=0.03


Tree=133
num_leaves=15
num_cat=0
split_feature=1 17 16 19 22 3 7 3 8 10 19 17 13 6
split_gain=1.91204 2.04193 3.13562 2.53747 2.37553 2.84954 2.32017 1.98517 1.81794 1.70898 2.66236 1.58295 1.66534 1.30645
threshold=57.500000000000007 76.000000000000014 18.737220493640653 0.78656609248549303 1.0000000180025095e-35 4.5000000000000009 10.65 25.500000000000004 6.3000000000000016 6.0500000000000007 -0.37940952255126009 27.050000000000004 15.000000000000002 21350.000000000004
decision_type=2 10 8 2 2 2 2 2 2 2 2 8 2 2
left_child=-1 2 3 4 11 -6 8 -7 -4 -3 -11 -2 -13 -9
right_child=1 9 6 -5 5 7 -8 13 -10 10 -12 12 -14 -15
leaf_value=-0.015906465134249627 0.019335703548484167 0.019938729080822143 -0.0012799133510739396 0.01672319799362957 -0.027071288141341382 0.01481287591678308 0.0075178397258162848 -0.020194623580739944 -0.032766534339238464 0.014559003949485821 -0.022850153284447821 0.015252189912124032 -0.022045392243147062 0.0062965449681008905
leaf_weight=2.6688375920057288 6.150014205835757 13.446320425719025 2.7224954981356841 13.631854775827376 3.4796700775623348 4.4457589881494624 3.2662569507956505 3.0974979735910892 3.5482276054099202 3.3693383559584618 1.8155109602957953 1.0208269618451606 1.4203230049461124 2.2004875689744949
leaf_count=31 20 40 16 56 67 28 11 27 39 11 22 4 20 12
internal_value=0.00541662 0.00654352 0.00294644 0.00705717 0.000548646 -0.00725554 -0.0115518 0.00168209 -0.0211525 0.0146359 -0.000116679 0.0120648 -0.00654866 -0.00993896
internal_weight=66.2834 63.6146 44.9834 35.4464 21.8146 13.2234 9.53698 9.74374 6.27072 18.6312 5.18485 8.59116 2.44115 5.29799
internal_count=404 373 300 234 178 134 66 67 55 73 33 44 24 39
is_linear=0
shrinkage=0.03


Tree=134
num_leaves=15
num_cat=0
split_feature=12 21 14 24 26 10 4 15 7 6 8 11 19 9
split_gain=1.47593 2.43595 2.39154 2.13776 2.61959 2.12397 2.12506 1.76047 1.53342 6.7641 2.64151 1.59755 1.32641 1.12944
threshold=1.0000000180025095e-35 -0.68301270189221952 9.6000000000000014 1.0000000180025095e-35 1.0000000180025095e-35 6.0500000000000007 38.000000000000007 69.500000000000014 3.5500000000000003 18550.000000000004 11.200000000000001 5045.0000000000009 -0.9159756150367534 1150.0000000000002
decision_type=2 2 2 2 2 2 2 2 2 2 2 2 2 2
left_child=1 7 -2 4 -3 6 8 -1 -6 -10 11 -11 -7 -4
right_child=2 3 13 -5 5 12 -8 -9 9 10 -12 -13 -14 -15
leaf_value=-0.026068465312811619 -0.0088311292679163194 0.019348908805795706 0.0020669087364553157 -0.020042626884475421 0.019037446000143503 0.0099874686136771813 -0.014564300943697416 0.0021310917907412553 -0.029094079904858371 -0.02283561943293682 0.018779071095934134 0.013299411361850486 -0.024920214838356134 0.025226761035835342
leaf_weight=3.2934843711554995 2.7840727269649497 9.8832641653716546 2.6861708126962167 1.9261956252157677 7.1281568361446359 0.71191298589110408 3.367466188967227 3.4573974069207907 3.5721454899758127 1.9158332068473094 11.320036836899815 0.94973715394735325 2.7625593328848472 7.4680995959788561
leaf_count=70 9 28 12 14 33 3 16 16 49 25 53 4 50 20
internal_value=0.0048185 0.00237192 0.0134754 0.00503121 0.00663502 0.00220443 0.00508701 -0.0132147 0.00820606 0.0030751 0.0125582 -0.0105171 -0.0171341 0.0198347
internal_weight=63.2265 50.2882 12.9383 43.5373 41.6111 31.7278 28.2534 6.75088 24.8859 17.7578 14.1856 2.86557 3.47447 10.1543
internal_count=402 361 41 275 261 233 180 86 164 131 82 29 53 32
is_linear=0
shrinkage=0.03


Tree=135
num_leaves=15
num_cat=0
split_feature=9 3 16 1 15 14 13 7 18 21 13 9 16 5
split_gain=2.34672 3.02872 3.18641 2.16979 1.77954 1.66076 3.70512 2.13868 1.47397 1.43881 2.03253 4.80606 1.56309 1.54921
threshold=3055.0000000000005 47.000000000000007 21.783224616110918 89.500000000000014 98.500000000000014 19.900000000000002 1985.0000000000002 3.5500000000000003 -0.78656609248549292 -0.68301270189221952 2750.0000000000005 935.00000000000011 21.32599308917144 3.5000000000000004
decision_type=2 2 8 2 2 2 2 2 2 2 2 2 10 2
left_child=1 2 3 9 -5 6 7 -3 -4 12 11 13 -1 -11
right_child=-2 5 8 4 -6 -7 -8 -9 -10 10 -12 -13 -14 -15
leaf_value=-0.015427718604851903 -0.018235854598280962 0.0098093459786841811 0.00264181552079775 -0.028004173422852462 0.009276910492995236 0.0250095013775983 0.026982241828294926 -0.021580489155463706 -0.027785629642484884 0.015883066291819219 0.023578664983955996 -0.02797607143788006 0.016827943147432484 -0.003166947009404157
leaf_weight=3.6570078530348828 2.7858717944473019 2.7827194966375846 1.8860972151160238 2.0873444313183422 1.2141388673335312 8.5970070138573629 3.5959660708904266 3.2794476486742496 3.3985425122082225 12.774934232234967 6.4927502423524848 2.4424839783459893 0.98174554109573353 4.9218689743429413
leaf_count=62 19 13 9 24 7 22 7 24 47 82 17 24 2 34
internal_value=0.00486492 0.00626212 0.0015025 0.00494709 -0.0153245 0.0160362 0.00645168 -0.00782289 -0.0182336 0.00749587 0.0101475 0.00490682 -0.00682745 0.0106988
internal_weight=60.8979 58.1121 39.8569 34.5723 3.30148 18.2551 9.65813 6.06217 5.28464 31.2708 26.632 20.1393 4.63875 17.6968
internal_count=393 374 308 252 31 66 44 37 56 221 157 140 64 116
is_linear=0
shrinkage=0.03


Tree=136
num_leaves=15
num_cat=0
split_feature=14 7 11 1 0 6 7 17 11 0 14 17 11 5
split_gain=2.73602 3.59574 1.87046 3.15815 2.61549 3.10321 3.47329 1.99198 1.44064 1.43446 1.27106 1.22835 1.332 0.999979
threshold=9.2000000000000011 2.9500000000000006 4565.0000000000009 71.500000000000014 26.850000000000005 20600.000000000004 2.4500000000000006 98.350000000000009 3705.0000000000005 20.150000000000002 13.700000000000001 79.65000000000002 2765.0000000000005 1.0000000180025095e-35
decision_type=2 2 2 2 2 2 2 8 2 2 2 10 2 2
left_child=1 13 7 -4 5 6 -5 9 -9 11 -6 12 -2 -1
right_child=2 -3 3 4 10 -7 -8 8 -10 -11 -12 -13 -14 -15
leaf_value=-0.010378971828213771 0.012431925476280043 -0.033659434498679128 -0.026392774863891116 0.016883276508260974 0.022604661187660049 0.018527971567692449 -0.028131013030500321 0.008426150154997791 -0.023005139671899183 0.015875455785019404 0.00044112657511556391 0.01046119000128852 -0.023383991507265514 0.012671841928186741
leaf_weight=1.8764312015846352 0.62955379486084284 2.8722159918397665 2.6890873415395644 1.3311918117105976 5.3603025805205089 2.0970978024415672 4.9847038015723228 1.735335756093263 1.7886101575568316 24.482323376927525 3.737906301394105 3.1899995729327202 1.9196933554485438 3.2723031044006348
leaf_count=25 2 40 35 4 18 7 55 10 23 107 17 17 30 12
internal_value=0.00365408 -0.0117563 0.00611764 -0.00109043 0.00401097 -0.00760807 -0.0176325 0.0103396 -0.00908588 0.0128232 0.0144444 -0.000620724 -0.0135284 0.00394936
internal_weight=61.9668 8.02095 53.9458 20.2003 17.5112 8.41299 6.3159 33.7455 3.52395 30.2216 9.09821 5.73925 2.54925 5.14873
internal_count=402 77 325 136 101 66 59 189 33 156 35 49 32 37
is_linear=0
shrinkage=0.03


Tree=137
num_leaves=15
num_cat=0
split_feature=4 18 14 13 11 17 6 9 0 11 1 18 19 11
split_gain=1.77199 2.36594 3.15977 2.02546 3.23229 3.68712 2.70815 1.85803 1.58169 2.1361 1.41951 1.6462 1.35455 1.25529
threshold=17.500000000000004 -0.37940952255126054 18.600000000000005 15.000000000000002 4685.0000000000009 90.850000000000009 13250.000000000002 95.000000000000014 16.750000000000004 3565.0000000000005 58.500000000000007 -0.9829629131445341 -0.12940952255126034 4565.0000000000009
decision_type=2 2 2 2 2 10 2 2 2 2 2 2 2 2
left_child=3 2 -2 8 5 10 -6 -8 9 -1 -5 -12 -7 -3
right_child=1 13 -4 4 6 12 7 -9 -10 -11 11 -13 -14 -15
leaf_value=0.015180313038587381 -0.021862078162214891 0.025339331689407486 0.017216481610815442 0.0077626639694891638 -0.023370898112311193 0.021070055966376459 -0.017097031264056536 0.014953342582362987 0.018498173891180719 -0.022005690295640715 0.0083990311439491004 -0.026666021454443009 -0.004629975239316333 0.0076541821220210884
leaf_weight=1.8478403184562915 2.9035170860588577 9.2501446995884198 2.5883479937911034 1.0454305345192576 1.2880220059305454 2.5986138097941875 0.98913430608808894 14.159924067556856 9.1621656036004406 1.7485596910119054 0.90127386152744193 9.1289130332879704 3.1938591990619889 7.4419362079352132
leaf_count=10 17 26 7 8 11 7 14 83 44 33 5 109 16 27
internal_value=0.00619343 0.012974 -0.0036292 0.0027217 -0.00124282 -0.0101771 0.00798357 0.0119315 0.0124089 -0.00375356 -0.0197299 -0.0230394 0.00830412 0.0183329
internal_weight=68.2477 22.1839 5.49187 46.0637 33.3052 16.8681 16.4371 15.1491 12.7586 3.5964 11.0756 10.0302 5.79247 16.6921
internal_count=417 77 24 340 253 145 108 97 87 43 122 114 23 53
is_linear=0
shrinkage=0.03


Tree=138
num_leaves=15
num_cat=0
split_feature=26 0 11 21 7 1 7 7 7 11 6 7 4 9
split_gain=1.76402 2.98154 4.33937 1.69854 3.25258 1.55869 1.51266 2.62433 1.49572 1.48583 1.31087 1.18064 1.04159 1.02653
threshold=1.0000000180025095e-35 24.950000000000003 4685.0000000000009 0.6830127018922193 10.65 81.500000000000014 4.0500000000000007 7.9500000000000011 5.1500000000000012 5055.0000000000009 15550.000000000002 9.8500000000000032 85.500000000000014 585.00000000000011
decision_type=2 2 2 2 2 2 2 2 2 2 2 2 2 2
left_child=8 3 13 6 -5 9 -2 -8 12 -4 -7 -10 -1 -3
right_child=1 2 5 4 -6 10 7 -9 11 -11 -12 -13 -14 -15
leaf_value=-0.013050206506276569 0.022158150970802235 0.00035863914046643726 -0.022701825840231359 -0.019907931037691878 0.016132143370763016 -0.003660225748028953 -0.01601716685492997 0.012823942326963074 0.027492666898003969 0.012453977367770007 0.020310197024527479 0.0056502007900854157 0.012281439331784336 -0.031075230168277804
leaf_weight=1.8899247236549848 9.4920727387070709 1.1084153335541476 1.9240522813051923 3.7077284464612594 3.3452242836356163 2.7600225359201431 2.7828734111972144 11.161159600131212 7.4210621230304223 0.92306231893599022 4.8198825474828482 3.8750724792480469 1.9547262042760847 4.2867099344730377
leaf_count=17 43 8 30 62 9 18 46 54 18 5 16 14 5 43
internal_value=0.00737111 0.00428448 -0.00603494 0.00966128 -0.0029335 0.00542651 0.0134165 0.00638135 0.0159618 -0.0110294 0.0121727 0.0210686 -0.000294309 -0.025571
internal_weight=61.452 46.3112 15.8221 30.4891 7.05295 10.427 23.4361 13.944 15.1408 2.84711 7.57991 11.2961 3.84465 5.39513
internal_count=388 334 120 214 71 69 143 100 54 35 34 32 22 51
is_linear=0
shrinkage=0.03


Tree=139
num_leaves=15
num_cat=0
split_feature=11 0 17 16 0 14 16 9 5 20 1 16 6 3
split_gain=1.62887 2.98914 1.74261 2.7745 2.88317 2.02916 2.81466 1.88625 3.06179 4.23994 1.77446 1.73266 1.45169 1.01149
threshold=3705.0000000000005 17.550000000000004 60.250000000000007 9.4685810454955543 28.150000000000002 12.000000000000002 18.917093662271888 2440.0000000000005 87.500000000000014 0.93301270189221952 68.500000000000014 7.7970896453260421 29350.000000000004 47.000000000000007
decision_type=2 2 10 8 2 2 8 2 2 2 2 10 2 2
left_child=-1 -2 3 11 7 -4 -7 8 9 12 -8 -3 -5 -10
right_child=1 2 5 4 -6 6 10 -9 13 -11 -12 -13 -14 -15
leaf_value=0.015081928812978953 -0.024938841713607367 -0.0084387248439201749 0.021136021016279483 -0.029173924022938238 -0.030690283759631409 -0.02504472212583761 -0.011512596728596081 0.015313169090309699 -0.0028389773991897224 0.01254141917176288 0.017516550455572804 0.019859716870614233 0.0067229910199913577 0.018986939781984288
leaf_weight=8.158116063103078 2.6454831045120946 1.9995953477919082 7.6748591009527471 7.4030954590998679 2.6755256354808798 1.8430240890011163 1.8865531198680408 3.6765869958326212 3.0061238855123511 3.016322403214871 5.4230939317494631 6.4324216386303306 0.77539116889238346 3.3430078476667404
leaf_count=37 47 20 23 104 34 20 15 11 15 16 20 31 8 8
internal_value=0.00341182 0.00132307 0.0032055 -0.000919775 -0.00614344 0.0107378 0.000795454 -0.00180664 -0.00602665 -0.0149937 0.00954056 0.0129657 -0.0254089 0.00967286
internal_weight=59.9592 51.8011 49.1556 32.3281 23.8961 16.8275 9.15267 21.2205 17.5439 11.1948 7.30965 8.43202 8.17849 6.34913
internal_count=409 372 325 247 196 78 55 162 151 128 35 51 112 23
is_linear=0
shrinkage=0.03


Tree=140
num_leaves=15
num_cat=0
split_feature=4 5 16 16 17 10 11 11 10 16 17 19 7 6
split_gain=1.92685 3.77408 2.72837 2.49528 2.67953 2.4691 4.09991 1.8012 1.69456 1.4798 2.44429 1.30859 2.94227 1.15649
threshold=10.500000000000002 3.5000000000000004 21.32599308917144 13.455635447307218 43.050000000000004 1.7500000000000002 4685.0000000000009 3935.0000000000005 9.3000000000000025 21.32599308917144 110.65000000000002 0.9159756150367534 9.1500000000000004 20600.000000000004
decision_type=2 2 10 10 10 2 2 2 2 8 10 2 2 2
left_child=1 5 -3 -2 -5 6 7 -1 9 -7 -11 12 -6 -8
right_child=3 2 -4 4 11 8 13 -9 -10 10 -12 -13 -14 -15
leaf_value=0.00075804468051154353 0.022594434960200548 -0.030476704651771311 0.0058300815797954833 -0.017474222146679066 -0.016232125089458236 0.021880853919516479 -0.00099991603028236125 -0.02973515232168009 -0.0065517746172517738 -0.01751161182526443 0.020617743930830736 0.024642922634260173 0.020042755442255002 0.019623729626237801
leaf_weight=2.5036152563989154 8.5887392852455395 4.4768140790984026 2.3996318243443966 3.4515759870409957 3.1179721355438215 9.9962244387716055 4.7745299320667964 4.3959294580854475 3.0927353054285041 2.2079975837841639 1.8646684996783731 2.7225289046764374 2.9433160051703453 3.8295963369309902
leaf_count=15 32 55 12 21 17 44 44 69 36 24 5 6 8 18
internal_value=0.00396931 1.94994e-05 -0.0186753 0.0111248 0.00197483 0.00439282 -0.0041683 -0.0199749 0.0119305 0.0161586 0.000568891 0.0106222 0.00172652 0.00926692
internal_weight=60.3659 39.5417 6.87645 20.8241 12.2354 32.6653 15.5037 6.89954 17.1616 14.0689 4.07267 8.78382 6.06129 8.60413
internal_count=406 322 67 84 52 255 146 84 109 73 29 31 25 62
is_linear=0
shrinkage=0.03


Tree=141
num_leaves=15
num_cat=0
split_feature=17 12 5 16 3 7 11 14 7 5 17 1 15 20
split_gain=3.05661 2.06222 2.03386 1.96079 1.55313 3.29863 2.38218 1.63448 1.46393 2.24152 1.88516 1.25124 0.972137 1.21733
threshold=23.900000000000002 11.700000000000001 66.500000000000014 28.54711984885169 51.500000000000007 9.3500000000000032 3935.0000000000005 15.500000000000002 11.200000000000001 87.500000000000014 91.450000000000017 72.500000000000014 99.500000000000014 0.68301270189221941
decision_type=10 2 2 10 2 2 2 2 2 2 10 2 2 2
left_child=1 2 -1 4 5 7 -7 12 9 10 -6 -9 13 -2
right_child=3 -3 -4 -5 8 6 -8 11 -10 -11 -12 -13 -14 -15
leaf_value=-0.02778042914968773 0.0086021662837234766 0.016195797208061437 0.0010114920802039191 -0.017170155872614709 -0.018826377226921348 0.0068152064015761273 -0.025269367615762674 0.0076442654330851319 0.026914587207055248 0.024524254721788079 0.013506920880259005 -0.021483908791612528 -0.0012109818651653951 0.024617450662142583
leaf_weight=4.2646885085850936 12.201799219474205 1.4102592915296552 3.6862969100475311 1.7481082854792465 2.8261347748339158 3.0835251025855532 3.7852752944454551 1.968202495016157 6.5859553441405296 2.7034077048301697 1.9001830220222471 1.5678273076191542 3.4776140190660945 7.5159626426175228
leaf_count=83 88 3 13 15 19 12 34 11 16 6 5 27 19 32
internal_value=0.00510148 -0.00989062 -0.01581 0.00808447 0.00934574 0.00555531 -0.0118304 0.0102882 0.0174575 0.0068761 -0.00573837 -0.00715984 0.013134 0.0156004
internal_weight=58.7252 9.36124 7.95099 49.364 47.6159 33.6002 6.8688 26.7314 14.0157 7.42973 4.72632 3.53603 23.1954 19.7178
internal_count=383 99 96 284 269 223 46 177 46 30 24 38 139 120
is_linear=0
shrinkage=0.03


Tree=142
num_leaves=15
num_cat=0
split_feature=8 7 7 9 3 19 14 8 17 3 4 8 17 1
split_gain=1.56688 2.04494 2.49962 2.23754 1.97745 1.87919 1.40928 3.29837 2.60142 2.24143 1.92284 1.93389 1.11723 1.05487
threshold=4.4000000000000012 3.6500000000000008 6.4500000000000011 1435.0000000000002 90.500000000000014 0.98296291314453432 11.200000000000001 14.100000000000001 27.650000000000002 14.500000000000002 44.000000000000007 14.300000000000002 23.900000000000002 68.500000000000014
decision_type=2 2 2 2 2 2 2 2 10 2 2 2 10 2
left_child=4 -2 3 5 -1 -3 -4 8 -8 10 11 -9 -5 -11
right_child=1 2 6 12 -6 -7 7 9 -10 13 -12 -13 -14 -15
leaf_value=-0.029080751824269297 0.015535675362156474 -0.028920774115902808 0.020134088357539069 -0.0117604325073008 0.013434353933485219 0.0092858612693246714 0.0077963367607514315 0.01481058133230659 -0.024751528801779946 -0.0023186037044256717 0.018016350994095442 -0.025559123508682145 0.011271497700468765 0.017642605015104718
leaf_weight=1.753367027267813 11.776434894651173 4.5399704007431847 4.424364714883267 2.0642883507534862 0.80631315708160389 0.95136098563671101 3.0027164546772864 0.70415824651718439 4.6540672052651644 2.5882472731173065 1.1128507256507871 3.1703706402331591 4.0702808704227209 13.646378671750425
leaf_count=29 58 73 20 16 3 4 20 1 46 14 2 52 18 43
internal_value=0.00379935 0.00493492 0.00187858 -0.00958251 -0.0156765 -0.0218908 0.00604228 0.00328175 -0.0125613 0.00930586 -0.00722947 -0.0166891 0.00295916 0.0145104
internal_weight=59.2652 56.7055 44.9291 11.6259 2.55968 5.49133 33.3032 28.8788 7.65678 21.222 4.98738 3.87453 6.13457 16.2346
internal_count=399 367 309 111 32 77 198 178 66 112 55 53 34 57
is_linear=0
shrinkage=0.03


Tree=143
num_leaves=15
num_cat=0
split_feature=16 4 16 14 14 15 5 13 19 0 19 10 21 15
split_gain=2.30398 3.8959 2.15999 1.74378 3.22915 2.46244 1.86414 1.74878 1.72435 1.66165 2.21843 1.26755 0.795097 1.08532
threshold=14.795276485768758 1.5000000000000002 13.22988255885091 21.100000000000005 17.000000000000004 98.500000000000014 95.500000000000014 2315.0000000000005 0.60355339059327384 20.250000000000004 -0.70710678118654757 -5.2499999999999991 -0.5 80.500000000000014
decision_type=10 2 10 2 2 2 2 2 2 2 2 2 2 2
left_child=1 8 -3 4 5 9 -6 -7 -1 10 -2 -10 13 -11
right_child=3 2 -4 -5 6 7 -8 -9 11 12 -12 -13 -14 -15
leaf_value=-0.029553242583414473 0.013807602330762158 0.012449143560770055 -0.015288739496893279 0.017017438053519247 -0.025330822698018944 -0.020001572900422072 0.0098094551934796784 0.0083600224686232374 0.012865786580597021 -0.010204611767083371 -0.022051160523344097 -0.017911877726403493 0.021395606826315802 0.016606064875372299
leaf_weight=5.0794446030631688 2.4242352498695254 8.8251285888254625 2.470837175846099 9.9561175629496557 3.9542872030287972 3.4205155819654456 1.2591190561652181 2.7406262308359146 1.7130808057263496 1.7711340123787587 1.8606291306205189 1.1683654864318667 10.582989636808625 1.7301517724990843
leaf_count=92 10 38 13 39 38 25 4 8 7 20 34 28 40 4
internal_value=0.00268022 -0.00564506 0.0056319 0.00675797 0.00288199 0.00751807 -0.016631 -0.00797995 -0.0204891 0.0128598 -0.00298962 -0.00101343 0.0175603 0.00378975
internal_weight=58.9567 19.2569 11.296 39.6998 29.7437 24.5303 5.21341 6.16114 7.96089 18.3691 4.28486 2.88145 14.0843 3.50129
internal_count=400 178 51 222 183 141 42 33 127 108 44 35 64 24
is_linear=0
shrinkage=0.03


Tree=144
num_leaves=15
num_cat=0
split_feature=26 5 8 7 18 15 7 1 18 10 8 4 15 5
split_gain=1.42686 2.0447 2.52688 3.09426 2.99455 2.22739 1.91019 1.89462 1.80104 1.7688 1.65237 1.52705 1.09288 1.00418
threshold=1.0000000180025095e-35 90.500000000000014 25.100000000000005 4.9500000000000011 -0.37940952255126054 43.500000000000007 5.8500000000000005 67.500000000000014 -0.9159756150367534 -5.6499999999999995 14.100000000000001 85.500000000000014 1.0000000180025095e-35 2.5000000000000004
decision_type=2 2 2 2 2 2 2 2 2 2 2 2 2 2
left_child=6 2 3 5 7 8 11 -5 -2 -9 -11 -1 -6 -7
right_child=1 -3 -4 4 12 13 -8 9 -10 10 -12 -13 -14 -15
leaf_value=-0.021312737949172371 0.015404622355725709 0.013471038746677008 0.020108664781172767 -0.022671221213429814 0.0017399977426662508 0.017147653962134992 0.019673300981465768 -0.014272874151525184 -0.023645586944364742 -0.0088749306112811573 0.01942146757018097 0.011114508480408068 -0.030812529795301906 -0.003920156928047991
leaf_weight=1.5126212518662205 0.73815792798995916 10.054321551695464 3.4047147780656806 2.0909155253320888 0.9580379705876173 8.3940979167819005 9.4293524548411352 2.4768490521237245 2.4196838792413473 1.9748682063072909 5.1266989093273878 1.8143090903759003 5.6839885972440243 2.1837130934000006
leaf_count=17 1 34 10 33 17 39 27 19 53 20 18 5 95 12
internal_value=0.00481353 0.00220083 -0.00127734 -0.00408914 -0.0118922 0.00641446 0.0132964 -0.00213995 -0.0130079 0.00406139 0.0114284 -0.00514711 -0.0265039 0.0128354
internal_weight=58.2623 45.506 35.4517 32.047 18.3114 13.7357 12.7563 11.6693 3.15784 9.57842 7.10157 3.32693 6.64203 10.5778
internal_count=400 351 317 307 202 105 49 90 54 57 38 22 112 51
is_linear=0
shrinkage=0.03


Tree=145
num_leaves=15
num_cat=0
split_feature=17 19 12 13 11 16 8 14 17 15 14 19 19 4
split_gain=2.27243 3.90126 1.99697 2.10581 2.94421 1.98994 2.90974 1.78368 1.13269 1.38865 4.31378 1.19284 1.18725 1.44433
threshold=24.650000000000002 -0.78656609248549325 5.5500000000000007 2465.0000000000005 4565.0000000000009 8.0629062425153304 16.800000000000001 12.15 36.550000000000004 80.500000000000014 20.300000000000001 -0.9159756150367534 0.1294095225512602 1.0000000180025095e-35
decision_type=10 2 2 2 2 10 2 2 10 2 2 2 2 2
left_child=1 7 3 4 8 -6 -7 -1 -2 12 11 -11 -10 -14
right_child=2 -3 -4 -5 5 6 -8 -9 9 10 -12 -13 13 -15
leaf_value=-0.0086696558783782417 -0.0074140373392297503 -0.023514869517484913 -0.018176993609690818 0.020113579086626848 0.018542705544971849 -0.029463503720812977 0.0076435058362615245 0.024561074042756943 0.021852223687551103 0.0033126657614615815 0.020162633049441891 -0.029583912845233162 -0.0011927109220204693 0.020290974988439091
leaf_weight=1.7978458926081655 2.6897431965917376 5.3031831937842053 1.744564902037381 10.029937267303465 0.91072285175323386 4.2374476110562682 2.4499602359719574 2.5144389476627111 9.9224977977573925 1.1267534904181959 3.6123424246907234 2.4950905144214621 7.3221119288355094 3.4752954039722681
leaf_count=17 25 77 10 33 1 54 11 9 44 6 11 23 61 11
internal_value=0.00465339 -0.00811613 0.00721925 0.00848737 0.00500324 -0.0107598 -0.0166433 0.0116827 0.00912819 0.010921 -0.000407601 -0.0208474 0.0147129 0.00685593
internal_weight=59.6319 9.61547 50.0165 48.2719 38.242 7.59813 6.68741 4.31228 30.6438 27.9541 7.23419 3.62184 20.7199 10.7974
internal_count=393 103 290 280 247 66 65 26 181 156 40 29 116 72
is_linear=0
shrinkage=0.03


Tree=146
num_leaves=15
num_cat=0
split_feature=0 14 9 8 14 6 19 7 19 3 4 19 6 8
split_gain=3.11375 1.78548 1.4449 1.68955 3.29721 3.28903 4.36539 2.0473 1.91043 1.70024 1.2373 1.91766 1.13447 0.988313
threshold=28.750000000000004 8.3000000000000025 2825.0000000000005 8.5000000000000018 19.300000000000001 24650.000000000004 0.78656609248549303 7.2500000000000009 -0.37940952255126009 51.500000000000007 33.500000000000007 0.25881904510252057 26550.000000000004 7.9000000000000012
decision_type=2 2 2 2 2 2 2 2 2 2 2 2 2 2
left_child=1 -1 3 13 5 6 -5 -8 -7 10 11 -6 -10 -3
right_child=-2 2 -4 4 9 8 7 -9 12 -11 -12 -13 -14 -15
leaf_value=-0.012446562136081306 -0.02480622664668275 0.0067962245084923012 0.021291773115847526 -0.030915689451483448 0.0078507199401777195 0.022684740448552003 0.014715148401545662 -0.016409762988580677 0.0095771861492798434 0.020648334059339302 0.014880580507277917 -0.024689247639818179 -0.020154153026480017 0.024418395611458903
leaf_weight=3.7993669928982845 2.287177473306655 9.214670501649378 4.6581023130565873 6.4160423176363128 2.7605788297951204 3.3248144704848528 3.9147701766341925 2.1242872178554535 1.3401670912280672 7.3972193636000156 2.4414089098572731 2.0345704071223736 1.468087409622967 4.1401945995166889
leaf_count=53 33 45 12 92 15 12 20 17 7 22 7 26 26 11
internal_value=0.00370169 0.00530801 0.00683769 0.00497501 0.00122023 -0.00701658 -0.0154751 0.00299085 0.00992242 0.0114624 0.000705653 -0.00783379 -0.00717651 0.0135798
internal_weight=57.3215 55.0343 51.2349 46.5768 33.2219 18.5882 12.4551 6.03906 6.13307 14.6338 7.23656 4.79515 2.80825 13.3549
internal_count=398 365 312 300 244 174 129 37 45 70 48 41 33 56
is_linear=0
shrinkage=0.03


Tree=147
num_leaves=15
num_cat=0
split_feature=14 1 6 6 10 10 9 12 14 10 11 13 11 11
split_gain=1.57126 1.68817 1.52645 3.33239 1.87928 1.76189 2.86701 1.37844 1.83401 1.30484 1.17776 1.36609 1.70328 3.53842
threshold=9.2000000000000011 57.500000000000007 29350.000000000004 26550.000000000004 5.2000000000000002 1.7500000000000002 225.00000000000003 1.0000000180025095e-35 19.500000000000004 4.9500000000000011 5035.0000000000009 2975.0000000000005 4655.0000000000009 4285.0000000000009
decision_type=2 2 2 2 2 2 2 2 2 2 2 2 2 2
left_child=9 -2 3 4 5 6 -3 8 10 -1 11 12 13 -8
right_child=1 2 -4 -5 -6 -7 7 -9 -10 -11 -12 -13 -14 -15
leaf_value=-0.014000717087016348 -0.019631659058120577 -0.013562810001841936 0.022924846145787391 -0.024769641712842187 -0.012793783324090723 0.021261827924469932 0.015253789041736887 0.019466645921329309 -0.014570339638982979 0.0085390840404567288 -0.01050721996067547 -0.0070633529464102915 0.022599486248678458 -0.026823690328533611
leaf_weight=6.1155320061370713 1.2677625464275468 4.9617676427587858 4.0741870924830428 2.1525147780776015 3.024817179888486 7.5783217009156933 4.6088380087167158 7.7722201440483323 2.760410231538116 2.6222894303500652 1.836049798876046 2.5891024796292177 8.2417034101672453 1.6520256353542206
leaf_count=60 20 42 14 27 32 27 23 26 25 19 10 22 39 21
internal_value=0.00416284 0.00612597 0.00712662 0.0053148 0.00725996 0.00896815 0.00573776 0.00932694 0.00499539 -0.00705409 0.00843682 0.0109401 0.0144026 0.00198584
internal_weight=61.2575 52.5197 51.252 47.1778 45.0253 42.0004 34.4221 29.4603 21.6881 8.73782 18.9277 17.0917 14.5026 6.26086
internal_count=407 328 308 294 267 235 208 166 140 79 115 105 83 44
is_linear=0
shrinkage=0.03


Tree=148
num_leaves=15
num_cat=0
split_feature=8 5 3 11 7 8 8 7 4 1 8 10 11 10
split_gain=1.84124 1.68908 1.7217 4.55588 2.40318 3.21099 2.32376 2.11816 1.93515 1.51483 1.35652 1.13366 1.37847 1.88391
threshold=25.100000000000005 87.500000000000014 5.5000000000000009 4135.0000000000009 1.7500000000000002 14.900000000000002 15.500000000000002 3.4500000000000006 33.500000000000007 75.500000000000014 20.300000000000004 -8.9499999999999975 4015.0000000000005 -1.3999999999999997
decision_type=2 2 2 2 2 2 2 2 2 2 2 2 2 2
left_child=1 2 3 -1 -4 11 -7 -5 10 -3 -8 -6 13 -13
right_child=-2 9 4 7 5 6 8 -9 -10 -11 -12 12 -14 -15
leaf_value=-0.025232554583597862 0.022577517661324136 -0.0079872272303474195 0.015701055337634644 -0.017779316754279927 0.0062038475597458436 0.021800334187587107 -0.027318237009820084 0.015126871295416788 0.013668184114646056 0.01577014748623214 0.0015187796570891546 0.016435522314884508 -0.030308315649527566 -0.021141361694994767
leaf_weight=2.6789318751543787 3.0593697577714911 2.4278095364570609 2.8166897892951992 1.142542615532874 0.86139200627804058 2.6605469062924367 2.75008624792099 14.450056030880658 1.9887434989213941 9.9361309763044101 2.248113140463829 1.295382007956505 6.9068539133295417 1.563494773581622
leaf_count=50 8 11 11 23 2 7 30 104 5 34 11 3 82 19
internal_value=0.00308076 0.00157829 -0.00138591 0.00533373 -0.00670368 -0.010408 0.00217321 0.0117895 -0.00709431 0.0108565 -0.016257 -0.0210341 -0.0237897 -0.00426807
internal_weight=56.7861 53.7268 41.3628 18.2715 23.0913 20.2746 9.64749 15.5926 6.98694 12.3639 4.9982 10.6271 9.76573 2.85888
internal_count=400 392 347 177 170 159 53 127 46 45 41 106 104 22
is_linear=0
shrinkage=0.03


Tree=149
num_leaves=15
num_cat=0
split_feature=8 16 8 14 8 3 19 4 19 8 18 16 1 1
split_gain=1.15784 1.11012 0.886843 1.34701 3.10521 3.09525 2.59036 2.39516 3.29648 2.85947 1.36919 3.1943 1.78718 1.83778
threshold=4.2000000000000002 28.54711984885169 25.100000000000005 13.900000000000002 13.700000000000001 69.000000000000014 0.96592582628906831 33.500000000000007 -0.78656609248549325 13.900000000000002 -0.25881904510252113 18.117057873316842 89.500000000000014 92.500000000000014
decision_type=2 8 2 2 2 2 2 2 2 2 2 10 2 2
left_child=-1 2 3 10 6 7 -5 8 -6 -10 11 -2 -12 -14
right_child=1 -3 -4 4 5 -7 -8 -9 9 -11 12 -13 13 -15
leaf_value=-0.014799948564502709 0.011179652995652737 -0.011553024587059556 0.02139798386803015 -0.029829963117304497 0.017640693441629982 0.020017844128832531 0.012884889117934874 0.012826938451202792 0.01302557174019689 -0.030672619789455142 0.018673622247093673 -0.020143370537365934 -0.02354538259739249 0.011123102588008717
leaf_weight=1.6861737798899401 8.0493550579994899 2.3624702496454111 2.4792170375585547 3.6587465167976942 1.6759288683533702 7.0754750221967688 1.1115426011383531 4.1963221430778503 1.1127289831638316 5.1964128348045051 15.000621878542011 3.3358181286603203 1.3255649283528321 2.4222651235759258
leaf_count=25 45 23 8 46 7 22 8 11 3 74 78 28 18 10
internal_value=0.0047494 0.00554543 0.00644667 0.00538676 4.82591e-05 0.00557693 -0.0193687 -0.00369328 -0.0128363 -0.022238 0.00950516 0.00111671 0.0142846 -0.00351531
internal_weight=60.6886 59.0025 56.64 54.1608 24.0272 19.2569 4.77029 12.1814 7.98507 6.30914 30.1336 11.3852 18.7485 3.74783
internal_count=406 381 358 350 171 117 54 95 84 77 179 73 106 28
is_linear=0
shrinkage=0.03


Tree=150
num_leaves=15
num_cat=0
split_feature=4 19 19 21 19 1 0 0 3 16 7 7 7 3
split_gain=1.34887 1.88393 1.77753 2.54148 2.36944 1.8557 1.46101 1.90518 1.2135 2.51671 1.11421 0.855156 2.43848 1.72695
threshold=33.500000000000007 0.25881904510252057 0.1294095225512602 -0.68301270189221952 0.37940952255126043 71.500000000000014 22.350000000000005 21.250000000000004 41.500000000000007 21.275694372343587 3.9500000000000006 4.1500000000000012 11.200000000000001 5.5000000000000009
decision_type=2 2 2 2 2 2 2 2 2 10 2 2 2 2
left_child=2 -2 3 -1 -4 6 7 -6 -5 -10 -3 -7 13 -13
right_child=1 10 4 8 5 11 -8 -9 9 -11 -12 12 -14 -15
leaf_value=-0.019299382074387576 -0.0047560460406721825 0.0037613383855704887 -0.024372704348768266 0.016792953412949126 -0.019759179674049696 0.021257277018362528 -0.024331904213047414 0.013508336143704534 -0.02314583432184095 0.016567005254840284 0.024827339821136933 0.0067314813473929079 0.018299546806158067 -0.026254217817137396
leaf_weight=1.4748036586679543 3.0624933950602999 3.3979451116174451 2.4193598097190288 16.990998432971541 1.4426841763779545 3.0934646613895884 2.214732700958848 3.2510696034878492 1.6036122282966965 2.2087400332093239 9.4343379884958249 2.1217797901481372 4.0274174399673939 1.9825374968349931
leaf_count=38 15 15 36 82 26 14 33 11 18 6 26 30 13 18
internal_value=0.00791714 0.015169 0.00494126 0.0106218 -0.00142322 0.00275244 -0.00873253 0.00160868 0.0135309 -0.00147611 0.0199243 0.00995692 0.00380097 -0.0112238
internal_weight=58.726 15.8948 42.8312 22.2782 20.553 18.1337 6.90849 4.69375 20.8034 3.81235 12.8323 11.2252 8.13173 4.10432
internal_count=381 56 325 144 181 145 70 37 106 24 41 75 61 48
is_linear=0
shrinkage=0.03


Tree=151
num_leaves=15
num_cat=0
split_feature=17 6 22 12 0 4 17 26 17 7 4 12 11 6
split_gain=1.17808 1.83031 2.09382 2.77659 2.11094 1.82367 2.10523 2.0876 1.76086 2.21775 1.58969 1.42112 1.26783 2.3362
threshold=13.050000000000002 15250.000000000002 1.0000000180025095e-35 1.0000000180025095e-35 13.750000000000002 71.000000000000014 24.650000000000002 1.0000000180025095e-35 97.250000000000014 16.950000000000003 1.0000000180025095e-35 12.950000000000001 4135.0000000000009 21650.000000000004
decision_type=8 2 2 2 2 2 10 2 8 2 2 2 2 2
left_child=-1 2 -2 4 -4 6 11 -7 10 -10 12 -3 13 -8
right_child=1 5 3 -5 -6 7 8 -9 9 -11 -12 -13 -14 -15
leaf_value=0.015607587919261487 -0.02587404012475213 -0.023212369224904359 0.012036472441957867 0.022036265527675004 -0.025325730012795103 0.0085295021605859677 0.011990608230335809 -0.02450777923543062 -0.023718144381497813 0.015463022390157221 0.023643680098845755 0.013301198940132139 0.011203557669776491 -0.023830800357599689
leaf_weight=7.0402182769030324 2.8360486552119255 2.1768309804610904 1.4087668880820254 2.5218387171626091 2.6839385079219937 2.5220239758491516 2.610770049504942 2.6599627658724776 2.1105796983465548 1.3472891002893446 7.6006804127246133 0.61748933792114247 19.705566076096147 2.0612395978532732
leaf_count=32 29 48 4 8 38 6 22 14 27 3 26 1 116 29
internal_value=0.0048576 0.00316275 -0.00822454 0.00174702 -0.012627 0.00577106 0.00805403 -0.00965004 0.0101051 -0.00840783 0.0123012 -0.0137646 0.00797237 -0.00522856
internal_weight=59.9032 52.863 9.45059 6.61454 4.09271 43.4124 38.2304 5.18199 35.4361 3.45787 31.9783 2.79432 24.3776 4.67201
internal_count=403 371 79 50 42 292 272 20 223 30 193 49 167 51
is_linear=0
shrinkage=0.03


Tree=152
num_leaves=15
num_cat=0
split_feature=0 20 6 13 6 16 13 10 10 19 4 8 4 6
split_gain=1.25413 2.28692 1.96508 1.95466 2.56131 2.33813 2.03287 1.29427 1.65785 3.12854 1.80521 1.59086 0.978905 0.970322
threshold=28.350000000000005 -0.93301270189221919 16350.000000000002 1505.0000000000002 13250.000000000002 13.683654410804929 1265.0000000000002 9.3000000000000025 3.3500000000000001 1.0000000180025095e-35 90.500000000000014 14.100000000000001 38.000000000000007 13650.000000000002
decision_type=2 2 2 2 2 10 2 2 2 2 2 2 2 2
left_child=3 -2 -3 5 12 6 -1 8 9 11 -11 -7 -5 -9
right_child=1 2 -4 4 -6 7 -8 13 -10 10 -12 -13 -14 -15
leaf_value=-0.028739089844639923 0.015072178434954071 0.013197857216563663 -0.030338712259926182 -0.023016165895834877 0.016673665384270529 -0.0057329653259411192 0.0084324927508942944 0.0094754423334076718 0.014437913279584456 -0.020668358705823002 0.012518763078186534 0.024488447715649994 0.0076075096152904967 -0.02207274348934387
leaf_weight=2.9387632785365012 1.5853393971920011 0.61157429218292181 2.7260365951806307 1.4801756981760292 17.755167610943317 1.9239351181313447 1.4367168601602314 0.62122108042240087 11.346578974276779 5.4981303168460727 1.1781371682882307 3.4607709441334009 0.88740692660212506 1.7187031852081416
leaf_count=55 4 1 40 17 87 19 8 2 49 56 4 11 6 30
internal_value=0.00433665 -0.00891568 -0.0211577 0.00578372 0.012782 0.000848214 -0.0172355 0.00445081 0.00670675 -0.00111504 -0.013944 0.0144838 -0.0126873 -0.0133678
internal_weight=55.1687 4.92295 3.33761 50.2457 20.1228 30.123 4.37548 25.7475 23.4076 12.061 6.67627 5.38471 2.36758 2.33992
internal_count=389 45 41 344 110 234 63 171 139 90 60 30 23 32
is_linear=0
shrinkage=0.03


Tree=153
num_leaves=15
num_cat=0
split_feature=12 4 4 19 7 17 17 13 16 8 21 22 10 16
split_gain=1.53213 2.23913 2.03802 1.82235 2.18824 2.051 3.39399 2.21044 2.1346 2.3583 1.77173 1.00038 3.20151 0.704523
threshold=1.0000000180025095e-35 98.500000000000014 85.500000000000014 -0.5 14.350000000000003 84.15000000000002 47.650000000000006 3540.0000000000005 18.176246339012533 8.5000000000000018 -0.5 1.0000000180025095e-35 -2.9499999999999997 9.3653769467721322
decision_type=2 2 2 2 2 8 10 2 8 2 2 2 2 8
left_child=1 2 3 11 5 6 7 -5 9 -8 -2 13 -13 -1
right_child=10 -3 -4 4 -6 -7 8 -9 -10 -11 -12 12 -14 -15
leaf_value=0.027416768010743622 0.021887606785471268 -0.023902069031675278 0.024468142815972403 -0.028639716608319939 0.014113404776360826 -0.02727027671401451 0.01058342056501368 0.0068901199806366952 0.017299858804812811 -0.024555614018054787 -0.0046693930143619214 -0.024324888521206359 0.012348684915627151 0.0054508147969604863
leaf_weight=2.4416562914848319 6.2552139479666948 2.0507805943489066 2.5517258867621413 4.6387579706497624 3.9096903074532738 3.1222663549706331 2.6736282687634203 1.7263397648930547 6.0721592167392382 2.3614751622080803 2.8422552868723852 2.0222542416304341 6.3865929739549712 3.1483624819666147
leaf_count=3 19 11 6 100 15 41 13 10 31 32 16 33 36 21
internal_value=0.00342772 0.000941086 0.0027209 0.00069673 -0.00420112 -0.00817051 -0.00346592 -0.0193762 0.00649889 -0.00723493 0.0139499 0.00897866 0.00188107 0.0177497
internal_weight=52.2032 43.1057 41.0549 38.5032 24.5043 20.5946 17.4724 6.3651 11.1073 5.0351 9.09747 13.9989 8.40885 5.59002
internal_count=387 352 341 335 242 227 186 110 76 45 35 93 69 24
is_linear=0
shrinkage=0.03


Tree=154
num_leaves=15
num_cat=0
split_feature=8 9 8 8 6 7 8 3 13 21 21 7 8 6
split_gain=1.61679 1.71302 1.64525 3.66376 2.87408 3.97704 1.47704 1.3268 3.69153 1.31816 1.86749 2.30791 0.93107 0.754025
threshold=3.8000000000000003 2935.0000000000005 9.4000000000000021 13.700000000000001 31100.000000000004 3.5500000000000003 11.200000000000001 14.500000000000002 55.000000000000007 -0.68301270189221952 0.6830127018922193 5.6500000000000012 8.5000000000000018 16150.000000000002
decision_type=2 2 2 2 2 2 2 2 2 2 2 2 2 2
left_child=-1 2 9 4 5 -4 -3 8 -5 12 -11 -12 -2 -9
right_child=1 6 3 7 -6 -7 -8 13 -10 10 11 -13 -14 -15
leaf_value=-0.019517369003964637 -0.013981332576374701 -0.027340686591358458 0.016976281602745814 0.014256171866408526 0.015144899885160615 -0.028640965531095873 0.005304329911141506 0.0016012165649348135 -0.025352117482347506 0.021726975463895595 -0.020968757539325249 0.01581144152131797 0.011644840058932465 0.018301142897266691
leaf_weight=1.359890542924403 1.8925187997519999 1.5457617957144969 1.5065176635980622 4.5863143196329501 2.0953212883323431 6.491140769328922 1.9197388961911199 3.3089065328240386 2.411866988055408 13.829519337043168 1.7754530040547241 2.4383839555084705 1.32331623788923 10.993588250130413
leaf_count=25 24 14 5 32 9 92 8 14 41 48 34 7 9 42
internal_value=0.00511679 0.00604499 0.00744407 0.00291457 -0.0112796 -0.0191163 -0.0121186 0.00984442 -0.000857519 0.0137014 0.0167181 -0.000734966 -0.00317532 0.0147947
internal_weight=57.4782 56.1183 52.6528 31.3937 10.093 7.99766 3.4655 21.3007 6.99818 21.2592 18.0434 4.21384 3.21584 14.3025
internal_count=404 379 357 235 106 97 22 129 73 122 89 41 33 56
is_linear=0
shrinkage=0.03


Tree=155
num_leaves=15
num_cat=0
split_feature=1 17 0 11 15 3 19 10 5 1 0 10 19 11
split_gain=1.78624 1.59218 1.91961 2.46887 2.43627 3.62162 2.66604 1.70723 2.20865 3.14921 1.6164 1.22625 2.2944 1.18852
threshold=57.500000000000007 76.000000000000014 20.650000000000002 4015.0000000000005 48.500000000000007 1.0000000180025095e-35 0.78656609248549303 -6.5499999999999989 90.500000000000014 75.500000000000014 24.650000000000002 6.0500000000000007 -0.37940952255126009 3025.0000000000005
decision_type=2 10 2 2 2 2 2 2 2 2 2 2 2 2
left_child=-1 2 13 -4 5 6 -5 -6 9 -9 -10 -3 -13 -2
right_child=1 11 3 4 7 -7 -8 8 10 -11 -12 12 -14 -15
leaf_value=-0.017153540111356867 0.010459969761813835 0.018633731759769928 0.021881289281153384 -0.018962390510125722 0.018141359923290933 -0.029476473144741593 0.021354634196949537 0.0095440131995718595 0.024949575973672075 -0.023312674748846691 -0.0023417925838963636 0.015130350115823841 -0.021406867550807535 -0.025418930104470751
leaf_weight=2.3577668424695721 0.49270889163017217 10.526861682534216 4.9437868623062959 1.4581629009917394 6.1388683542609241 4.0805068877525628 2.8437739433720708 3.9917399017140252 3.2093482911586753 4.851656936109066 3.3517823219299316 2.7313621211796999 1.642102998215704 2.355048127938062
leaf_count=33 2 38 17 45 15 64 15 23 9 46 11 10 26 47
internal_value=0.00426535 0.00552714 0.0021093 0.00421902 0.000688002 -0.0121808 0.00668996 0.00601341 0.000369041 -0.00901889 0.0125418 0.013502 -1.90443e-05 -0.0181061
internal_weight=54.9755 52.6177 37.7174 34.8696 29.9258 8.38244 4.30194 21.5434 15.4045 8.8434 6.56113 14.9003 4.37347 2.84776
internal_count=401 368 294 245 228 124 60 104 89 69 20 74 36 49
is_linear=0
shrinkage=0.03


Tree=156
num_leaves=15
num_cat=0
split_feature=17 6 5 26 7 14 18 9 11 12 5 18 3 11
split_gain=1.71349 3.45893 1.51123 1.61375 1.97968 2.31451 3.67842 4.39053 1.96368 1.01867 2.16513 1.00816 1.3257 0.710743
threshold=24.650000000000002 17250.000000000004 97.500000000000014 1.0000000180025095e-35 4.0500000000000007 23.200000000000006 -0.37940952255126054 205.00000000000003 4495.0000000000009 11.700000000000001 66.500000000000014 0.60355339059327384 99.500000000000014 4715.0000000000009
decision_type=10 2 2 2 2 2 2 2 2 2 2 2 2 2
left_child=1 9 3 8 11 6 7 -6 -2 10 -1 -5 -13 -9
right_child=2 -3 -4 4 5 -7 -8 13 -10 -11 -12 12 -14 -15
leaf_value=-0.02200755506645273 0.023886262149296414 -0.029497131999905817 0.020501251734269001 0.019014482954062498 -0.024652123384331939 0.0129307549957515 -0.026223771659008084 0.0018305711211526201 -0.0028053549613563955 0.021008077978941317 0.010476687775182096 -0.018225068619723245 0.016489539784016523 0.023976386388155899
leaf_weight=1.8670250093564371 6.1397437453269941 2.6919242795556784 6.0572185143828383 5.3380237696692374 2.4309757072478515 4.2888039825484148 5.9704110389575389 2.0848084161989391 3.5068757869303226 1.6114251613616941 4.1983837783336639 1.2433794625103476 0.79953020811080922 3.5042441487312317
leaf_count=37 19 57 19 25 33 16 90 18 16 3 15 29 1 13
internal_value=0.00500385 -0.00551287 0.00770799 0.00500897 0.000898768 -0.00442655 -0.0102551 0.0032219 0.0148308 0.00532759 -0.00122206 0.0130417 -0.00368474 0.0172472
internal_weight=51.7328 10.3688 41.364 35.3068 25.6602 18.2792 13.9904 8.02003 9.64662 7.67683 6.06541 7.38093 2.04291 5.58905
internal_count=391 112 279 260 225 170 154 64 35 55 52 55 30 31
is_linear=0
shrinkage=0.03


Tree=157
num_leaves=15
num_cat=0
split_feature=7 0 14 7 3 9 15 13 16 21 11 15 11 3
split_gain=1.33651 1.45081 1.41319 2.13519 1.20581 1.11939 3.01463 2.17577 1.84515 1.57844 2.58971 1.97796 1.02646 1.0159
threshold=16.950000000000003 21.050000000000004 21.700000000000006 1.4500000000000002 1.0000000180025095e-35 935.00000000000011 48.500000000000007 2170.0000000000005 10.869142901400435 -0.24999999999999994 3565.0000000000005 60.000000000000007 5095.0000000000009 27.500000000000004
decision_type=2 2 2 2 2 2 2 2 10 2 2 2 2 2
left_child=1 2 3 -1 -5 9 12 8 -8 10 -3 -11 -7 -9
right_child=-2 5 -4 4 -6 6 7 13 -10 11 -12 -13 -14 -15
leaf_value=0.013955458145561216 0.020908960753504183 0.021423892915742138 0.012681533805338515 -0.00044724411796949492 -0.025319115475546078 -0.02288477612260665 0.012989547412118073 0.02019640641881168 -0.021985462676463383 0.020778066725317301 -0.019964947350543192 -0.005371863802407166 0.0080671456442754034 0.0031739755492638899
leaf_weight=1.6629914324730615 3.1644493751227847 1.2206511795520811 1.9900512984022487 2.5629860907793045 4.8226265823468566 4.0778577625751522 1.3143924735486532 6.7360025253146869 2.7451503314077854 11.268013795837758 2.5955934966914356 2.8533549727872005 0.65811737626790989 6.0711048170924187
leaf_count=5 10 2 12 35 61 75 7 22 27 46 41 23 3 21
internal_value=0.00450669 0.00309501 -0.00614151 -0.0111313 -0.0177706 0.0057615 0.00104314 0.00707503 -0.0103321 0.0110888 -0.00502691 0.0154884 -0.0179271 0.0129414
internal_weight=53.7433 50.5789 11.0387 9.0486 7.38561 39.5402 21.6026 16.8667 4.05954 17.9376 3.81624 14.1214 4.73598 12.8071
internal_count=390 380 113 101 96 267 155 77 34 112 43 69 78 43
is_linear=0
shrinkage=0.03


Tree=158
num_leaves=15
num_cat=0
split_feature=8 17 17 3 26 7 6 17 17 13 9 12 20 0
split_gain=1.6638 1.89071 1.89257 1.79004 1.463 1.82997 2.94491 2.32186 2.00947 2.04275 1.82709 1.18954 1.6837 1.1404
threshold=4.4000000000000012 14.950000000000001 16.650000000000002 90.500000000000014 1.0000000180025095e-35 16.950000000000003 26550.000000000004 66.450000000000017 27.650000000000002 555.00000000000011 205.00000000000003 1.0000000180025095e-35 -0.93301270189221919 17.550000000000004
decision_type=2 8 10 2 2 2 2 10 10 2 2 2 2 2
left_child=3 -2 -3 -1 -4 6 7 8 11 10 -10 12 -6 -9
right_child=1 2 4 -5 5 -7 -8 13 9 -11 -12 -13 -14 -15
leaf_value=-0.029250765200075777 0.018148284067847169 -0.023415292940017114 0.013507060775023172 0.012522778105816654 0.013594758366227935 0.021363941227110692 -0.025657911684747736 -0.0042593958920055328 -0.014952048214580287 -0.025851244867998908 0.01846992411157998 0.019831575795463519 -0.020989127435412796 0.015518094830347971
leaf_weight=1.6564215105026954 7.5542179574258617 1.3988561830483366 9.9251995310187322 0.72313685528933991 1.5473279394209387 2.4852561503648749 2.9845532374456516 2.9962331969290963 1.9969876357354208 4.8026139852590859 1.902539689093828 2.3498392142355442 1.5810177447274387 9.6359877269715053
leaf_count=30 39 20 40 3 5 8 55 28 24 56 7 8 36 36
internal_value=0.0039687 0.00522573 0.00263041 -0.0166069 0.00401557 0.00077926 -0.00157558 0.00193122 -0.00621308 -0.0145541 0.0017958 0.00723807 -0.00473386 0.0108587
internal_weight=53.5402 51.1606 43.6064 2.37956 42.2076 32.2824 29.7971 26.8125 14.1803 8.70214 3.89953 5.47818 3.12835 12.6322
internal_count=395 362 323 33 303 263 255 200 136 87 31 49 41 64
is_linear=0
shrinkage=0.03


Tree=159
num_leaves=15
num_cat=0
split_feature=11 0 8 7 0 1 15 3 8 19 16 3 7 14
split_gain=1.46826 1.64799 2.31466 2.07792 1.53429 3.29892 2.03385 1.3402 1.09516 2.36802 1.55597 2.59248 0.793892 0.988719
threshold=4995.0000000000009 20.650000000000002 20.300000000000004 1.4500000000000002 26.250000000000004 81.500000000000014 99.500000000000014 1.0000000180025095e-35 6.5000000000000009 0.37940952255126043 20.436185661310777 47.000000000000007 9.0500000000000025 19.300000000000001
decision_type=2 2 2 2 2 2 2 2 2 2 8 2 2 2
left_child=1 2 3 -1 8 6 -6 -5 9 -3 12 -12 -10 -14
right_child=-2 4 -4 7 5 -7 -8 -9 10 -11 11 -13 13 -15
leaf_value=0.013120222651542434 -0.016445054295154585 -0.025594249775186748 0.016541251204454814 0.00037546376637755834 -0.027008650261753975 0.012524509985689391 0.0091957783934520105 -0.025702739614403912 0.021410831364283553 0.012506489432210235 -0.023057778203757717 0.015177759398100097 -0.0077139403467847336 0.015501593608631055
leaf_weight=1.6822553519159535 2.1570455487817517 1.3456194782629634 2.5499161388725033 2.4634190234355628 3.8027685172855836 6.146296301856637 1.3889701813459394 5.082714001648128 13.306628741789615 2.9414989110082388 1.8042631996795524 2.7111181132495403 2.1210936750285319 2.7557319663465023
leaf_count=7 29 22 11 40 54 22 6 64 72 13 23 10 18 12
internal_value=0.00356923 0.00473585 -0.0047839 -0.0117174 0.00770886 -0.00147868 -0.0174019 -0.0181418 0.0114839 -0.00203136 0.0140145 -0.00151098 0.0177476 0.00580992
internal_weight=52.2593 50.1023 11.7783 9.22839 38.324 11.338 5.19174 7.54613 26.986 4.28712 22.6988 4.51538 18.1835 4.87683
internal_count=403 374 122 111 252 82 60 104 170 35 135 33 102 30
is_linear=0
shrinkage=0.03


Tree=160
num_leaves=15
num_cat=0
split_feature=13 13 8 10 16 6 12 0 10 9 7 3 13 8
split_gain=1.58116 1.87526 2.25173 1.5254 1.64218 2.76624 2.08188 1.35707 1.29423 1.46595 1.13597 2.74212 2.4988 1.35887
threshold=3220.0000000000005 1505.0000000000002 6.7000000000000002 9.3000000000000025 16.243812243544376 29800.000000000004 1.2500000000000002 11.300000000000002 1.3500000000000003 225.00000000000003 5.0500000000000007 47.000000000000007 1635.0000000000002 4.4000000000000012
decision_type=2 2 2 2 10 2 2 2 2 2 2 2 2 2
left_child=1 2 7 4 5 6 -4 -1 9 -6 13 12 -12 -3
right_child=-2 10 3 -5 8 -7 -8 -9 -10 -11 11 -13 -14 -15
leaf_value=0.0094470638293481044 -0.01306000373513435 -0.0039420151053973316 -0.027935460862332968 -0.019798811122974571 -0.017897862377904587 0.015508788044786177 0.012408623671350762 -0.027968749500437633 0.015969692464951127 0.0092748099317567015 0.019573219701044857 0.021712993431091256 -0.016532175855623856 0.023130861655416772
leaf_weight=0.60722710937261881 3.7231291662901631 1.7089280318468834 3.5313984537497225 1.3747560675255943 1.8993965294212127 2.4841851536184549 0.89852037280797947 2.5919372821226716 11.01849486120045 3.6705454592593014 1.44982893951237 3.84133180975914 5.2546418020501733 8.3732088143005949
leaf_count=2 28 12 66 28 15 13 3 41 49 20 4 13 56 36
internal_value=0.00367196 0.00518803 7.11274e-05 0.00337541 0.00548367 -0.00619062 -0.0189743 -0.0203084 0.0104249 -0.00130512 0.0118273 0.00430182 -0.00719735 0.0186004
internal_weight=52.4275 48.7044 28.0765 24.8773 23.5025 6.9141 4.42992 3.19916 16.5884 5.56994 20.6279 10.5458 6.70447 10.0821
internal_count=386 358 237 194 166 82 69 43 84 35 121 73 60 48
is_linear=0
shrinkage=0.03


Tree=161
num_leaves=15
num_cat=0
split_feature=11 0 0 15 18 15 3 16 13 23 13 17 18 0
split_gain=1.62542 1.42496 1.49919 1.46838 2.05634 1.64267 1.52577 1.74976 2.72088 1.80639 1.50031 2.18346 1.44671 0.988426
threshold=3705.0000000000005 16.750000000000004 18.850000000000005 22.500000000000004 -0.9159756150367534 1.5000000000000002 1.0000000180025095e-35 14.795276485768758 3135.0000000000005 1.0000000180025095e-35 2625.0000000000005 73.350000000000009 0.37940952255126054 23.150000000000002
decision_type=2 2 2 2 2 2 2 10 2 2 2 10 2 2
left_child=-1 -2 -3 4 -4 -6 -5 8 12 10 11 13 -8 -9
right_child=1 2 3 6 5 -7 7 9 -10 -11 -12 -13 -14 -15
leaf_value=0.014370443457625386 -0.022047247913976151 0.016288568836313081 0.01214308710578175 0.014452971859700625 0.0038814199255466355 -0.029913300375065004 -0.033912849221312887 -0.0049943415064122214 0.008357681011843544 0.015129339925200363 -0.021345385077833904 -0.017972875107354694 -0.0029224178904434183 0.015595086310461744
leaf_weight=6.1497553195804349 1.724993472918867 3.7330368347465983 1.5095263756811617 5.3533106278628102 1.4854481639340509 3.7994224657304585 3.2433522297069448 2.4711930267512816 3.1753723453730345 6.4129821769893161 2.190449893474578 2.6254017688333979 2.2925648228265345 5.7454613484442234
leaf_count=33 36 22 5 32 24 81 42 15 15 28 10 15 21 27
internal_value=0.00106331 -0.000994025 0.000301871 -0.00153734 -0.0132719 -0.0213082 0.00115755 -0.00177924 -0.0122157 0.00326492 -0.00323538 0.00191697 -0.0234897 0.00953271
internal_weight=51.9123 45.7625 44.0375 40.3045 6.7944 5.28487 33.5101 28.1568 8.71129 19.4455 13.0325 10.8421 5.53592 8.21665
internal_count=406 373 337 315 110 105 205 173 78 95 67 57 63 42
is_linear=0
shrinkage=0.03


Tree=162
num_leaves=15
num_cat=0
split_feature=26 17 21 7 10 9 7 13 6 18 19 9 0 4
split_gain=2.18887 2.06777 2.27057 2.06802 2.63205 2.41623 1.78716 1.46422 1.23812 1.28504 1.16241 1.27002 1.58734 1.11961
threshold=1.0000000180025095e-35 69.300000000000026 0.6830127018922193 10.65 -3.6499999999999999 1525.0000000000002 5.6500000000000012 435.00000000000006 21100.000000000004 0.60355339059327384 0.96592582628906831 3615.0000000000005 30.150000000000002 85.500000000000014
decision_type=2 10 2 2 2 2 2 2 2 2 2 2 2 2
left_child=6 3 8 4 5 -2 13 -4 -3 -10 11 12 -7 -1
right_child=1 2 7 -5 -6 10 -8 -9 9 -11 -12 -13 -14 -15
leaf_value=-0.015003061968047413 0.01592494869208139 0.02437955999675738 -0.022235007364583285 0.011032188831735805 -0.024552743884580026 -0.028023917633486675 0.021603159804933911 0.012181768885770125 -0.012709023493435818 0.016562876194292961 0.0090032052612418843 0.0052706986430976141 0.0080169954404559329 0.011550705543266999
leaf_weight=1.8404600806534281 4.1711038295179614 6.4244322553276998 1.8466236395761364 5.6421779058873645 5.1803778796456799 4.180275824852286 9.9691634662449342 1.0154728591442106 1.7719474267214539 1.644447263330221 1.6984198614954946 1.7445474155247209 0.91753247007727612 1.8940166532993317
leaf_count=17 27 21 30 34 112 56 30 4 19 5 8 6 6 6
internal_value=0.00572146 0.00171 0.0110073 -0.00355242 -0.00849207 -0.000633691 0.0154915 -0.0100315 0.0174872 0.0019407 -0.00954206 -0.0147064 -0.0212861 -0.00194059
internal_weight=49.941 36.2374 12.7029 23.5344 17.8923 12.7119 13.7036 2.8621 9.84083 3.41639 8.54078 6.84236 5.09781 3.73448
internal_count=381 328 79 249 215 103 53 34 45 24 76 68 62 23
is_linear=0
shrinkage=0.03


Tree=163
num_leaves=15
num_cat=0
split_feature=4 19 11 11 11 11 3 14 18 3 14 14 7 6
split_gain=2.11066 1.13933 1.23703 4.97433 1.81743 2.87913 1.88573 1.77829 1.1027 1.16286 0.851686 0.710594 0.891362 0.664585
threshold=10.500000000000002 0.9159756150367534 4715.0000000000009 4465.0000000000009 4245.0000000000009 3920.0000000000005 15.500000000000002 9.8000000000000025 0.60355339059327384 24.500000000000004 16.600000000000005 15.100000000000001 12.250000000000002 29350.000000000004
decision_type=2 2 2 2 2 2 2 2 2 2 2 2 2 2
left_child=1 2 3 4 5 6 13 -4 11 -10 -3 -2 -13 -1
right_child=8 10 7 -5 -6 -7 -8 -9 9 -11 -12 12 -14 -15
leaf_value=-0.017638314004633518 0.021817506456318393 -0.022892533706086786 -0.016632117657956018 -0.028910443006499253 0.017994943793909948 -0.021338715689032055 0.017386997816969941 0.015607293523639662 -0.018672907910784371 0.012102147291894105 0.0013473712622118499 -0.0055186700374633057 0.016258785021793232 0.0070725022561396395
leaf_weight=1.8160516195930632 8.7764530740678328 1.9071559542790044 0.97745605651289125 3.6300317058339706 5.9481321536004534 3.3483447968028477 5.4873433168977499 8.9934078431688231 1.1508152801543468 1.3155558891594408 2.1765362080186605 2.531926777213811 2.5149585157632828 0.83155168034136284
leaf_count=23 29 30 22 58 35 52 21 55 17 7 15 14 9 7
internal_value=0.00523017 0.00097669 0.00304525 -0.00115742 0.00587702 -0.00133854 0.00832831 0.0112189 0.0138126 -0.00350187 -0.0122494 0.0169297 0.00622757 -0.010066
internal_weight=51.4057 35.116 31.0323 21.0615 17.4314 11.4833 8.13495 9.97086 16.2897 2.46637 4.08369 13.8233 5.04689 2.6476
internal_count=394 318 273 196 138 103 51 77 76 24 45 52 23 30
is_linear=0
shrinkage=0.03


Tree=164
num_leaves=15
num_cat=0
split_feature=17 5 14 26 7 14 0 3 8 24 17 12 15 7
split_gain=1.50787 1.14867 1.4547 2.32124 2.65872 1.54296 1.69528 2.22858 1.5781 1.22714 1.0725 1.50653 0.960002 0.893854
threshold=12.650000000000002 97.500000000000014 25.400000000000002 1.0000000180025095e-35 1.7500000000000002 9.6000000000000014 22.350000000000005 4.5000000000000009 9.2000000000000011 1.0000000180025095e-35 44.900000000000006 1.0000000180025095e-35 1.0000000180025095e-35 12.250000000000002
decision_type=10 2 2 2 2 2 2 2 2 2 10 2 2 2
left_child=-1 2 3 9 -5 -6 8 -8 -7 -2 11 13 -10 -9
right_child=1 -3 -4 4 5 6 7 10 12 -11 -12 -13 -14 -15
leaf_value=-0.01590825156557955 0.016827932125703826 0.013621354041056155 0.01702452043218244 0.017403982872868623 -0.02724489665327318 0.0059317545742639099 -0.021521925198866691 -0.023053352558667802 0.0047030667810401315 -0.0042001294483585373 0.015722614834689855 0.016114102937744162 -0.028304462122888938 0.0063792631780543781
leaf_weight=2.4979970017448059 7.5963421389460546 9.0401743222027999 4.1444091275334349 3.03870312124491 2.6460647946223643 1.7210067594423915 1.9263401061762113 1.8738317433744653 0.63059972692280997 3.040191151201725 5.4801333947107196 1.3556825965642927 4.2151107429526746 0.8455362832173704
leaf_count=35 27 30 16 15 52 15 50 27 9 17 23 5 65 8
internal_value=0.00325003 0.00456332 0.00214626 -7.84279e-05 -0.00527487 -0.00925371 -0.00532417 0.0017935 -0.0163614 0.0109731 0.0080876 -0.00325486 -0.0239393 -0.0146472
internal_weight=50.0521 47.5541 38.514 34.3695 23.733 20.6943 18.0482 11.4815 6.56672 10.6365 9.55518 4.07505 4.84571 2.71937
internal_count=394 359 329 313 269 254 202 113 89 44 63 40 74 35
is_linear=0
shrinkage=0.03


Tree=165
num_leaves=15
num_cat=0
split_feature=1 8 17 17 12 19 1 15 26 1 7 7 17 6
split_gain=2.05206 1.5168 0.970883 1.56501 0.864669 0.857831 0.740503 1.88245 1.43653 0.997375 1.66522 3.24713 1.15734 1.19129
threshold=57.500000000000007 3.8000000000000003 13.050000000000002 23.900000000000002 1.0000000180025095e-35 0.9159756150367534 60.500000000000007 20.500000000000004 1.0000000180025095e-35 68.500000000000014 10.65 5.0500000000000007 69.300000000000026 13550.000000000002
decision_type=2 2 8 10 2 2 2 2 2 2 2 2 10 2
left_child=-1 -2 -3 4 5 -4 -5 -8 -9 -10 11 -11 13 -13
right_child=1 2 3 6 -6 -7 7 8 9 10 -12 12 -14 -15
leaf_value=-0.018050975086149997 -0.018223374213009253 0.018380603385648838 -0.023798992455616889 0.020600879821597445 0.0068083894327122096 0.0036360761525831065 -0.011152878015577915 0.019918923464539686 -0.011019907062752831 0.012722112262234382 0.017534534375860628 0.0033945445498122073 0.0026864929815703293 -0.029248926046151692
leaf_weight=2.1948873475193968 1.1644738521426905 6.0798933403566471 2.2454151674173768 3.0599190620705476 1.6360556958243249 1.1549001559615133 3.9495370769873253 7.1986170858144787 2.2109414134174612 8.2374163540080207 7.6166497096419326 1.0796205922961224 2.3184922337532043 3.097053007222712
leaf_count=33 23 31 50 12 7 6 66 22 22 44 28 7 12 30
internal_value=0.00557982 0.00692313 0.00785673 0.00601842 -0.00852415 -0.0157721 0.00807449 0.00646911 0.00893415 0.00506116 0.00705584 0.000868231 -0.0138569 -0.0217852
internal_weight=53.2439 51.049 49.8845 43.8046 5.03637 3.40032 38.7682 35.7083 31.7588 24.5602 22.3492 14.7326 6.49517 4.17667
internal_count=393 360 337 306 63 56 243 231 165 143 121 93 49 37
is_linear=0
shrinkage=0.03


Tree=166
num_leaves=15
num_cat=0
split_feature=0 13 11 14 5 8 24 18 11 19 6 7 14 15
split_gain=1.37621 1.31654 2.78615 1.55184 1.82216 1.41593 1.4953 1.38523 1.75014 1.08239 1.46992 1.5718 1.24671 1.03044
threshold=29.350000000000005 1505.0000000000002 4735.0000000000009 9.4000000000000021 99.500000000000014 5.0000000000000009 1.0000000180025095e-35 0.37940952255126054 4360.0000000000009 0.37940952255126043 22600.000000000004 14.650000000000002 8.6500000000000004 36.500000000000007
decision_type=2 2 2 2 2 2 2 2 2 2 2 2 2 2
left_child=1 2 5 4 -3 -1 7 9 -9 -7 -11 12 -12 -5
right_child=-2 3 -4 13 -6 6 -8 8 -10 10 11 -13 -14 -15
leaf_value=-0.021786405118246109 -0.019660220455507207 -0.016316520475580555 -0.025721513012590552 -0.00099242922559505823 0.016899579798448781 0.017268025428986051 -0.017855677091282947 -0.02008954143605457 0.010902909975191751 0.014447006577900604 0.0063762102707263756 0.015893927702728274 -0.025572168077953948 0.016656111751954087
leaf_weight=0.86964563839138165 1.1513228649273504 3.1357454601675299 2.258270099759101 3.4863631129264858 1.367226183414459 9.9918308174237698 1.3568784669041623 2.4887148682028046 2.2154236575588584 3.9061277005821449 1.1076301932334902 0.98976345360279072 2.5400448814034462 15.814585098996757
leaf_count=16 17 30 43 43 3 46 9 46 24 18 2 3 40 66
internal_value=0.00408744 0.00498222 0.00047242 0.010004 -0.00499291 0.00367934 0.00539569 0.00743389 -0.00614102 0.0110171 0.00266316 -0.00806444 -0.0165863 0.0135764
internal_weight=52.6796 51.5282 27.7243 23.8039 4.50297 25.4661 24.5964 23.2395 4.70414 18.5354 8.54357 4.63744 3.64768 19.3009
internal_count=406 389 247 142 33 204 188 179 70 109 63 45 42 109
is_linear=0
shrinkage=0.03


Tree=167
num_leaves=15
num_cat=0
split_feature=17 20 6 14 3 1 21 17 6 15 4 8 19 6
split_gain=1.11901 2.32833 2.47319 1.36691 2.41258 1.16033 2.00094 1.9134 1.39101 1.96519 1.11115 0.914327 2.56446 0.961683
threshold=40.900000000000006 -0.6830127018922193 31100.000000000004 12.15 6.5000000000000009 84.500000000000014 1.0000000180025095e-35 97.250000000000014 26550.000000000004 4.5000000000000009 44.000000000000007 13.700000000000001 -0.12940952255126034 19250.000000000004
decision_type=10 2 2 2 2 2 2 10 2 2 2 2 2 2
left_child=1 3 10 4 -1 8 -7 -8 11 -10 -3 12 -2 -14
right_child=5 2 -4 -5 -6 6 7 -9 9 -11 -12 -13 13 -15
leaf_value=0.012066670514462242 -0.01978416407863532 -0.025363316401811144 0.015499698112896872 0.017193477504430201 -0.021606411892637029 0.01809202682765643 -0.023123626474857106 0.0084036648565435617 0.0099123576670512945 -0.021694243381732769 -0.0024588419982813875 0.021274884132820353 0.022634742794372473 0.00094685813710893246
leaf_weight=3.6683491189032811 1.6021178439259545 4.7967386785894615 1.8032032679766414 6.0936100790277123 2.2558598760515451 2.1808142038062206 3.2543923128396273 2.2343614306300879 4.1339468238875261 1.705090846866369 3.1896863933652639 10.029886581469325 4.1466140029951966 3.0053000953048468
leaf_count=23 15 100 8 29 18 12 35 10 29 27 15 45 18 20
internal_value=0.0050107 -0.000259989 -0.0105543 0.00829231 -0.00202421 0.00847094 -0.00157437 -0.0109723 0.0115392 -0.00113984 -0.0175071 0.0153389 0.0070539 0.0147554
internal_weight=54.1 21.8074 9.78963 12.0178 5.92421 32.2925 7.66957 5.48875 24.623 5.83904 7.98643 18.7839 8.75403 7.15191
internal_count=404 193 123 70 41 211 57 45 154 56 115 98 53 38
is_linear=0
shrinkage=0.03


Tree=168
num_leaves=15
num_cat=0
split_feature=7 17 21 19 17 16 20 14 19 4 1 10 16 11
split_gain=1.31871 3.9036 2.16883 1.49313 2.19923 4.15561 1.25624 1.63133 2.29905 2.02422 1.11309 0.925065 0.83737 0.577652
threshold=4.4500000000000011 24.650000000000002 0.6830127018922193 -0.37940952255126009 9.9500000000000011 21.275694372343587 0.25000000000000006 27.100000000000005 -0.5 44.000000000000007 84.500000000000014 0.95000000000000007 9.4685810454955543 4465.0000000000009
decision_type=2 10 2 2 10 10 2 2 2 2 2 2 8 2
left_child=2 12 3 4 -1 -6 10 8 11 -10 13 -8 -2 -3
right_child=1 6 -4 -5 5 -7 7 -9 9 -11 -12 -13 -14 -15
leaf_value=0.021992374049563675 0.0017564397844622185 0.020414481686844808 -0.013376058443194658 0.021873849238232178 -0.029291418458631945 0.021081508219617833 0.019066546757320422 0.020765513595232807 -0.021405088675303816 0.010292718947612968 -0.0050877875345416721 -0.0036106960812936442 -0.030008190773678212 0.006483206515147351
leaf_weight=2.3310979772359177 0.80379137676209156 7.1549670943059045 1.9091473529115308 10.802335249260068 2.5301823099143803 1.6171299517154691 2.8570857178419811 1.7628625333309162 6.1248796917498112 1.7571724504232404 2.4999643424525848 2.3225600151345134 2.6852245023474097 5.9733140002936125
leaf_count=5 14 27 38 52 33 3 10 6 81 8 18 16 50 37
internal_value=0.00601362 0.0023253 0.012099 0.0154912 0.00334667 -0.00937013 0.00599847 -0.000329429 -0.00445077 -0.0139754 0.0116598 0.00995924 -0.0239292 0.0149833
internal_weight=53.1317 33.9418 19.1899 17.2807 6.47841 4.14731 30.4528 14.8246 13.0617 7.88205 15.6282 5.17965 3.48902 13.1283
internal_count=398 267 131 93 41 36 203 121 115 89 82 26 64 64
is_linear=0
shrinkage=0.03


Tree=169
num_leaves=15
num_cat=0
split_feature=5 3 14 17 12 8 7 14 8 10 16 6 7 6
split_gain=2.27892 1.72107 2.24399 3.03149 1.85442 2.08376 1.6853 1.55002 1.95182 1.4443 1.45003 1.07169 1.06924 1.41657
threshold=34.500000000000007 2.5000000000000004 11.600000000000001 63.20000000000001 11.700000000000001 14.100000000000001 8.9500000000000011 17.200000000000006 24.200000000000003 -1.1499999999999997 25.399212195245514 15950.000000000002 4.3500000000000005 12850.000000000002
decision_type=2 2 2 10 2 2 2 2 2 2 10 2 2 2
left_child=1 6 3 11 5 -4 -1 -7 -9 12 -11 -3 13 -2
right_child=9 2 4 -5 -6 7 -8 8 -10 10 -12 -13 -14 -15
leaf_value=-0.026490452673293464 0.016590280394068097 -0.021836035274024855 -0.028462085468833661 0.023430490588456931 0.017725731075079729 0.012053349145652547 0.0028544261463070686 -0.019051387497900835 0.014613526583907577 -0.017775903045337816 0.012977323663259587 0.0041716649858330379 0.019655382981224639 -0.011407758459321378
leaf_weight=4.0641263728030053 1.9944251179695154 1.5650843493640438 3.3961977842263851 5.4954782146960497 1.3852014727890498 3.0903703588992339 2.4267919789999723 4.9685645862482488 1.2724132612347601 2.3411355419084425 1.437626466155052 2.6284792134538293 8.460146686062215 2.5732694137841463
leaf_count=102 7 24 49 18 4 18 25 44 5 24 4 28 33 14
internal_value=0.000831702 -0.00406152 -0.000109934 0.0104142 -0.00754623 -0.0113876 -0.0166027 -0.00301982 -0.0111175 0.00938418 -0.00580858 -0.00787022 0.0138908 0.00160127
internal_weight=47.0993 30.2927 23.8018 9.68904 14.1127 12.7275 6.49092 9.33135 6.24098 16.8066 3.77876 4.19356 13.0278 4.56769
internal_count=399 317 190 70 120 116 127 67 49 82 28 52 54 21
is_linear=0
shrinkage=0.03


Tree=170
num_leaves=15
num_cat=0
split_feature=13 22 6 16 10 18 19 20 10 16 8 7 8 9
split_gain=1.22488 2.76577 2.0429 1.70122 1.54511 3.13528 2.74401 2.48354 1.35759 1.16127 1.54332 0.918084 1.16234 1.26488
threshold=2125.0000000000005 1.0000000180025095e-35 15350.000000000002 10.679621644443928 2.6500000000000008 -0.9829629131445341 -0.9159756150367534 -0.5 -4.4499999999999993 8.0629062425153304 15.100000000000001 1.8500000000000003 20.300000000000004 1.0000000180025095e-35
decision_type=2 2 2 10 2 2 2 2 2 10 2 2 2 2
left_child=4 -2 -3 -4 5 -1 -7 9 -5 -8 -11 -6 13 -13
right_child=1 2 3 8 11 6 7 -9 -10 10 -12 12 -14 -15
leaf_value=0.021250905098730427 0.021209765826492262 0.015276849448150189 0.0069725512924065621 -0.030751742096762465 0.021228019307194611 0.013888066849593979 0.017626614357174532 -0.029047440494299435 0.0013078650393646856 -0.018553222875244389 0.011164165235019593 0.0025545008204561339 0.015657780785709386 -0.021720315179477308
leaf_weight=2.1848992407321957 8.1265675984323025 3.3572214841842651 2.6813330138102174 2.6076724212616682 2.0712456237524739 2.3674702309072044 0.99928370118141341 6.2626100354827905 1.6556021478027103 3.4563734135590494 1.6156525444239376 8.1593474354594928 3.3288163915276519 1.4684441718272854
leaf_count=6 25 21 16 25 7 13 2 97 9 39 10 79 15 23
internal_value=0.00323993 0.00917915 -0.00134811 -0.0102964 -0.000364287 -0.00641544 -0.0116187 -0.0171891 -0.0204187 -0.00257914 -0.00880736 0.00641123 0.00269133 -0.00284328
internal_weight=50.3425 18.4284 10.3018 6.94461 31.9141 16.8863 14.7014 12.3339 4.26327 6.07131 5.07203 15.0279 12.9566 9.62779
internal_count=387 96 71 50 291 167 161 148 34 51 49 124 117 102
is_linear=0
shrinkage=0.03


Tree=171
num_leaves=15
num_cat=0
split_feature=0 7 5 6 6 6 15 15 17 19 15 7 7 17
split_gain=1.33464 2.48121 1.64218 1.38187 1.39878 2.1542 1.23726 1.8849 1.1668 1.90974 1.95537 1.95257 2.53881 0.969613
threshold=26.950000000000003 7.4500000000000011 1.0000000180025095e-35 33350.000000000007 29350.000000000004 26550.000000000004 23.500000000000004 3.5000000000000004 90.850000000000009 -0.12940952255126034 52.500000000000007 7.3500000000000005 12.250000000000002 112.15000000000002
decision_type=2 2 2 2 2 2 2 2 10 2 2 2 2 10
left_child=3 -2 -3 4 5 6 7 -1 9 10 -8 -11 -13 -9
right_child=1 2 -4 -5 -6 -7 8 13 -10 11 -12 12 -14 -15
leaf_value=0.010955085566530321 -0.032741014452836635 -0.019129865886102094 0.012605608758969251 -0.017311096411332681 0.020086564810745371 -0.023320648045551656 0.0069662661625681166 -0.02597454657430643 0.018258274290368973 0.016686172185374742 -0.021624743107644163 -0.021937076356348364 0.012586963845467584 0.0069743823727386241
leaf_weight=2.162378291366621 1.9187387200072397 1.2227753661572931 3.3547950936481357 1.9335174448788155 3.3866056203842154 1.8064482146874059 3.2990175932645807 2.7446251627989118 5.1676953472197047 9.6490334495902079 3.6740334406495094 2.6807696390897044 3.0625264830887318 0.56537120416760434
leaf_count=36 27 26 14 26 16 24 26 55 19 57 29 24 15 4
internal_value=0.000557543 -0.0110973 0.00221843 0.00266809 0.00409521 0.00202208 0.00405413 -0.00798831 0.00664373 0.00329353 -0.00892089 0.00903356 -0.00439109 -0.0200342
internal_weight=46.6283 6.49631 4.57757 40.132 38.1985 34.8119 33.0055 5.47237 27.5331 22.3654 6.97305 15.3923 5.7433 3.31
internal_count=398 67 40 331 305 289 265 95 170 151 55 96 39 59
is_linear=0
shrinkage=0.03


Tree=172
num_leaves=15
num_cat=0
split_feature=13 14 11 13 11 14 6 17 11 13 5 6 6 16
split_gain=2.47209 2.58545 2.03244 1.89569 1.65174 1.94959 1.48679 1.04348 2.50551 1.12684 2.14869 2.58555 0.879338 0.867839
threshold=205.00000000000003 24.800000000000001 4285.0000000000009 15.000000000000002 3995.0000000000005 22.450000000000003 12550.000000000002 76.000000000000014 4325.0000000000009 2480.0000000000005 87.500000000000014 20600.000000000004 17150.000000000004 9.4685810454955543
decision_type=2 2 2 2 2 2 2 10 2 2 2 2 2 10
left_child=1 2 6 -4 -2 7 -1 8 -6 10 11 -10 -11 -14
right_child=4 -3 3 -5 5 -7 -8 -9 9 12 -12 -13 13 -15
leaf_value=0.0077071434328052479 0.02123566521549947 0.014069375009284809 0.010538859081540782 -0.018397265430799215 -0.021908092787283978 -0.020210700531227088 -0.03218067896121387 0.020459484368539008 -0.026677503529806128 0.01649280877703627 0.013510816702186108 0.008247610894816142 0.014453565244327359 -0.0081428769131151272
leaf_weight=0.59711953997611811 4.8332329099066547 2.9274832531809798 3.7748932233080268 2.5684494636952877 2.1512766387313702 1.8636585283093143 4.340854796115309 2.8559009991586199 3.2802126989699918 9.5724264364689571 4.3073840290307999 2.7791494866833091 1.4686894435435522 3.0248135416768491
leaf_count=3 25 12 36 30 26 19 71 11 66 39 18 28 9 21
internal_value=0.00237959 -0.00786608 -0.0142404 -0.0020873 0.00651147 0.00365106 -0.0268716 0.00577594 0.00351396 0.00652576 -0.00099495 -0.0117598 0.0117667 0.000529317
internal_weight=50.3455 14.2088 11.2813 6.34334 36.1367 31.3035 4.93797 29.4399 26.584 24.4327 10.3667 6.05936 14.0659 4.4935
internal_count=414 152 140 66 262 237 74 218 207 181 112 94 69 30
is_linear=0
shrinkage=0.03


Tree=173
num_leaves=15
num_cat=0
split_feature=26 15 21 4 13 10 20 12 10 16 15 18 18 10
split_gain=1.30413 1.57523 1.82729 1.57183 1.16605 2.13664 1.13779 0.992423 1.14134 1.41224 1.19838 2.0125 1.14264 0.880073
threshold=1.0000000180025095e-35 43.500000000000007 -0.5 1.0000000180025095e-35 1390.0000000000002 3.9500000000000006 0.93301270189221952 2.3500000000000005 -4.2499999999999991 13.843995728944675 82.500000000000014 -1.0000000180025095e-35 0.37940952255126054 2.8500000000000001
decision_type=2 2 2 2 2 2 2 2 2 10 2 2 2 2
left_child=4 2 -2 6 5 -1 -4 8 -3 -10 13 -12 -13 -11
right_child=1 7 3 -5 -6 -7 -8 -9 9 10 11 12 -14 -15
leaf_value=-0.019490869492905651 -0.02450782713552787 0.015019223371235936 -0.022029558272645477 0.012773697339130134 0.02055344710373402 0.015006535427484535 0.0047437978454980033 -0.0096505111796614824 -0.016625778056084579 -0.0011278477272822353 -0.021516620008283433 0.020871599822363612 -0.0063457521079204283 0.022289988473300163
leaf_weight=1.7158855302259306 2.7922977812122509 9.8749252734705841 2.241769785992803 3.90737066231668 6.4975661300122738 2.99600600451231 2.0290748281404376 2.4906907081603995 2.0485594761557886 1.9722648980095963 2.1260474976152199 2.0774157568812357 1.8710072925314305 3.5913305953145027
leaf_count=14 74 43 78 18 24 11 17 14 37 16 22 6 15 11
internal_value=0.00468252 0.00182518 -0.00729302 0.00061448 0.0131973 0.00123098 -0.0108228 0.00579248 0.00775141 0.00184206 0.00615113 -0.00300377 0.00929829 0.0150814
internal_weight=48.2322 37.0228 10.9705 8.17822 11.2095 4.71189 4.27084 26.0522 23.5616 13.6866 11.6381 6.07447 3.94842 5.5636
internal_count=400 351 187 113 49 25 95 164 150 107 70 43 21 27
is_linear=0
shrinkage=0.03


Tree=174
num_leaves=15
num_cat=0
split_feature=0 9 13 13 14 0 1 7 18 14 11 12 19 14
split_gain=1.61742 1.356 1.18521 1.43056 1.19167 1.43956 1.5787 1.21344 1.47461 1.45455 1.33284 1.62138 1.10499 1.05053
threshold=16.450000000000003 1.0000000180025095e-35 15.000000000000002 115.00000000000001 9.2000000000000011 25.550000000000004 84.500000000000014 5.0500000000000007 1.0000000180025095e-35 10.600000000000001 4435.0000000000009 1.0000000180025095e-35 0.9159756150367534 17.200000000000006
decision_type=2 2 2 2 2 2 2 2 2 2 2 2 2 2
left_child=1 -1 -2 12 5 -5 -7 -6 10 -10 -9 13 -4 -12
right_child=2 -3 3 4 7 6 -8 8 9 -11 11 -13 -14 -15
leaf_value=-0.024105216116440863 0.016868741160993708 0.011136545498601704 -0.020988470821622383 -0.023787365187890881 0.014494891589845193 -0.013667906846379667 0.018375105580256818 0.015398702106519835 0.013774885651345416 -0.019980974872545808 -0.000241611089468878 0.015283155287078723 0.0062461466627417757 -0.024952012319270151
leaf_weight=2.2472869069315489 5.7105298498645416 0.72186131589114655 2.664435662329196 1.6984968930482853 11.874366725794973 1.611496649682522 2.0095944814383984 6.984212211333217 0.78238546289503474 3.2229632390663028 3.7653636056929827 2.3485962525010109 1.5313080102205274 1.6536736218258736
leaf_count=39 42 4 40 28 62 15 7 32 3 54 33 8 7 15
internal_value=0.00365184 -0.0148901 0.00514453 0.00310744 0.00511381 -0.00705461 0.00424314 0.00738324 0.00237539 -0.0119526 0.00677748 -0.00184642 -0.0117596 -0.0104947
internal_weight=48.8266 2.96915 45.8574 40.1469 35.9511 5.31959 3.62109 30.6316 18.7572 4.00535 14.7518 7.76763 4.19574 5.41904
internal_count=389 43 346 304 257 50 22 207 145 57 88 56 47 48
is_linear=0
shrinkage=0.03


Tree=175
num_leaves=15
num_cat=0
split_feature=6 6 6 17 13 16 1 0 18 10 12 21 19 13
split_gain=3.23755 1.14783 2.59648 0.984947 1.24298 1.13666 1.73402 2.28144 1.7527 1.59606 1.43167 0.979532 1.59828 0.951143
threshold=31450.000000000004 29350.000000000004 26550.000000000004 69.300000000000026 115.00000000000001 9.4685810454955543 87.500000000000014 25.750000000000004 -0.5 -6.1499999999999995 1.2500000000000002 -0.24999999999999994 1.0000000180025095e-35 25.000000000000004
decision_type=2 2 2 10 2 8 2 2 2 2 2 2 2 2
left_child=1 2 3 5 13 -1 7 11 -9 -10 -8 12 -7 -5
right_child=-2 -3 -4 4 -6 6 10 8 9 -11 -12 -13 -14 -15
leaf_value=0.01241701798781027 -0.028113430924658938 0.021734960228758059 -0.023547870334739353 0.0082354462462934774 0.020666511041761901 0.014761664330026405 -0.026876314095815101 -0.023205488928013614 0.013329472773563745 -0.014697299954052159 0.0055775693515770011 0.016067918850554055 -0.016657076390247976 -0.014452047027335243
leaf_weight=6.7850566715933409 1.8231919333338726 2.464601468294858 1.9986112434416998 4.8230640944093448 6.2263933587819338 1.8613980673253547 2.5900119962170716 3.0964514827355742 3.5213400684297085 2.0865700710564834 1.4091892912983892 8.5078815803863144 1.977443494601175 1.3409681878983972
leaf_count=47 34 11 31 36 27 14 40 35 13 20 7 60 30 10
internal_value=0.0032549 0.00497166 0.00363654 0.00535855 0.0122078 0.00240218 -0.000682942 0.0029594 -0.00825993 0.0022553 -0.0166124 0.0108952 -0.0015203 0.00197148
internal_weight=50.5122 48.689 46.2244 44.2258 12.3904 31.8353 25.0503 21.0511 8.70436 5.60791 3.9992 12.3467 3.83884 6.16403
internal_count=415 381 370 339 73 266 219 172 68 33 47 104 44 46
is_linear=0
shrinkage=0.03


Tree=176
num_leaves=15
num_cat=0
split_feature=13 8 3 7 3 16 11 6 7 6 17 8 16 3
split_gain=3.07534 1.36515 2.00332 1.10962 0.922118 0.855393 1.90519 1.33262 1.80875 1.45607 0.851978 1.18051 0.851066 1.24915
threshold=2975.0000000000005 4.4000000000000012 90.500000000000014 1.9500000000000002 1.0000000180025095e-35 8.0629062425153304 4885.0000000000009 16150.000000000002 3.6500000000000008 12550.000000000002 97.250000000000014 20.300000000000004 13.843995728944675 1.0000000180025095e-35
decision_type=2 2 2 2 2 8 2 2 2 2 8 2 10 2
left_child=1 2 -1 -2 -5 -3 7 8 -7 -10 12 -12 13 -9
right_child=3 5 -4 4 -6 6 -8 10 9 -11 11 -13 -14 -15
leaf_value=-0.028274546840575912 0.0091058510009121435 0.023274643719212219 0.014727139019738515 0.0019467637556694472 -0.029065468092995737 0.013052479390729366 -0.016342251838306215 0.016391317435790437 0.010466579803300971 -0.02136190763186142 -0.018374621313746054 0.010864381729855335 0.01642739092640436 -0.0070772014590953468
leaf_weight=1.3455026163719588 0.68780270591378112 2.4810799635015419 0.85606113076210011 0.96217034291476045 2.7940053637139499 3.1885795732960096 2.0250718952156594 2.578699585516012 1.1218521706759927 3.4482388605829328 1.2395046125166111 1.8238874822854994 19.237172997556627 3.8455746583640575
leaf_count=25 4 12 3 11 30 20 32 18 7 42 27 6 112 37
internal_value=0.00472317 0.00725932 -0.0121764 -0.0167315 -0.0223824 0.00856834 0.0070557 0.00875578 -0.00207143 -0.0130724 0.0116515 -0.00257673 0.013383 0.003282
internal_weight=47.6352 43.1912 2.20156 4.44398 3.75618 40.9897 38.5086 36.4835 7.75867 4.57009 28.7248 3.06339 25.6614 6.42427
internal_count=386 341 28 45 41 313 301 269 69 49 200 33 167 55
is_linear=0
shrinkage=0.03


Tree=177
num_leaves=15
num_cat=0
split_feature=17 16 8 19 6 1 17 17 7 20 15 6 19 15
split_gain=0.955978 1.11002 1.40909 2.27526 2.13941 1.36385 1.14351 1.13198 1.19462 1.64339 1.5002 1.08262 1.07325 0.93426
threshold=79.65000000000002 9.4685810454955543 11.200000000000001 -1.0000000180025095e-35 18900.000000000004 85.500000000000014 12.150000000000002 16.650000000000002 9.3500000000000032 -0.24999999999999994 99.500000000000014 38450.000000000007 -0.60355339059327384 48.500000000000007
decision_type=10 8 2 2 2 2 8 10 2 2 2 2 2 2
left_child=1 13 3 6 5 -5 -3 -4 -9 -10 12 -6 -11 -1
right_child=-2 2 7 4 11 -7 -8 8 9 10 -12 -13 -14 -15
leaf_value=-0.0033484495232986794 0.010019268128963723 0.0050941734425491237 -0.017119421279299756 0.018199963579119325 -0.025845260413472893 -0.0074134069530652049 -0.030054126432764536 0.015611933317743989 -0.022573014539990301 0.0086752930637762904 0.018673482861881915 0.0042031149789069364 -0.021363174239022519 0.017239898513044055
leaf_weight=2.5970113119110456 13.198768798261879 0.70076664164662261 0.98989984765648742 4.347585263662042 2.2046353444457059 2.1933393799699843 3.5359757007099688 6.4210192831233126 1.4027437698096035 1.2097477316856384 2.8940135985612869 1.2554983235895631 1.3353752363473177 4.7518768534064293
leaf_count=32 77 4 18 16 41 22 53 59 15 4 13 5 16 19
internal_value=0.00342884 0.00079566 -0.00196014 -0.0083577 2.79806e-05 0.00976702 -0.0243779 0.00455964 0.00726453 -0.00156126 0.00652168 -0.0164445 -0.00866566 0.0104346
internal_weight=49.0383 35.8395 28.4906 14.2378 10.0011 6.54092 4.23674 14.2528 13.2629 6.84188 5.43914 3.46013 2.54512 7.34889
internal_count=394 317 266 141 84 38 57 125 107 48 33 46 20 51
is_linear=0
shrinkage=0.03


Tree=178
num_leaves=15
num_cat=0
split_feature=0 17 7 3 17 16 15 5 1 24 7 16 8 14
split_gain=1.22828 1.23826 1.33649 0.999904 0.840181 1.49483 1.83278 1.75525 1.6164 1.52799 0.82297 0.589378 0.823893 1.58155
threshold=28.750000000000004 98.350000000000009 16.950000000000003 3.5000000000000004 13.050000000000002 15.944226531479393 72.500000000000014 95.500000000000014 86.500000000000014 1.0000000180025095e-35 1.9500000000000002 28.167426204884556 13.700000000000001 13.700000000000001
decision_type=2 8 2 2 10 10 2 2 2 2 2 10 2 2
left_child=1 4 10 -2 -1 6 8 -8 -6 11 -3 12 13 -7
right_child=3 2 -4 -5 5 9 7 -9 -10 -11 -12 -13 -14 -15
leaf_value=0.016933604551891857 0.0078428132635171236 0.0060097911606706101 0.012593178344388911 -0.022326745825187455 0.0089764821577367326 0.012583104889503701 -0.025273882308129107 0.008229493239824727 -0.020155928213781555 -0.011101125106150189 -0.024077782129627426 -0.0027598564147366419 0.021460530527333817 -0.014838461162691859
leaf_weight=5.7134061148390165 0.90976424235850517 0.63138556480407659 1.0862927883863447 1.754479633644223 10.433864644495772 8.3314572316594511 3.3996565649285904 1.4857842922210691 1.0528284232132126 1.9579024054110039 2.3664260637015104 1.6767124901525665 7.5642998316325238 1.4820527299307276
leaf_count=30 6 3 3 29 93 50 42 6 24 9 37 12 37 20
internal_value=0.00426505 0.00546641 -0.00884693 -0.0126958 0.00699265 0.00507182 -0.001697 -0.0154176 0.00490596 0.0101833 -0.0178227 0.0128149 0.014386 0.00745261
internal_weight=49.8463 47.1821 4.0841 2.66424 43.098 37.3846 16.3721 4.88544 11.4867 21.0124 2.99781 19.0545 17.3778 9.81351
internal_count=401 366 43 35 323 293 165 48 117 128 40 119 107 70
is_linear=0
shrinkage=0.03


Tree=179
num_leaves=15
num_cat=0
split_feature=6 21 21 11 11 15 18 8 14 27 1 4 16 0
split_gain=1.84901 2.72786 2.60514 2.36862 2.55954 2.14518 2.28097 2.10637 1.77906 1.19478 1.12011 1.09679 0.951104 0.652764
threshold=17750.000000000004 -0.24999999999999994 -0.24999999999999994 4785.0000000000009 4325.0000000000009 50.500000000000007 0.37940952255126054 14.100000000000001 11.600000000000001 1.0000000180025095e-35 68.500000000000014 99.500000000000014 16.243812243544376 13.750000000000002
decision_type=2 2 2 2 2 2 2 2 2 2 2 2 10 2
left_child=2 9 5 4 13 6 -1 8 12 11 -9 -2 -3 -4
right_child=1 7 3 -5 -6 -7 -8 10 -10 -11 -12 -13 -14 -15
leaf_value=0.01288526527822945 -0.031051340905635924 -0.015832888641923715 0.0045339150992210735 -0.027598087061020647 0.015764484647975217 0.02371563835174682 -0.021842828929582534 -0.0035461279448368789 -0.025806014657047637 0.0058464686068442958 0.01653167068234326 4.9067523675724735e-05 0.0094643809586722298 -0.022799575890537948
leaf_weight=3.409987782128157 4.4096127087250379 0.9345683921128537 0.67492161877453183 2.0920765311457217 4.6167361102998257 7.5976248336955905 1.7728387156967071 3.3650672966614348 2.7200174438767135 0.9433159977197646 6.208064645063132 1.2539637237787244 3.3935330985113978 1.9914129581302402
leaf_count=18 89 18 6 21 27 28 40 25 40 6 32 3 23 30
internal_value=0.000105383 -0.0056904 0.00616507 -0.0055324 0.00337266 0.0145246 -0.000605351 0.00105757 -0.0105673 -0.0205739 0.0098062 -0.0251914 0.00205557 -0.0165312
internal_weight=45.3837 23.2281 22.1556 9.37515 7.28307 12.7805 5.18283 16.6213 7.04812 6.60689 9.57313 5.66358 4.3281 2.66633
internal_count=406 236 170 84 63 86 58 138 81 98 57 92 41 36
is_linear=0
shrinkage=0.03


Tree=180
num_leaves=15
num_cat=0
split_feature=14 7 4 19 3 0 13 19 14 5 19 7 0 13
split_gain=2.06052 1.30934 1.68943 1.64885 1.34645 1.32702 1.25905 1.02491 0.955889 0.902172 0.87284 0.63103 0.909225 0.609231
threshold=9.2000000000000011 4.1500000000000012 1.0000000180025095e-35 0.1294095225512602 77.000000000000014 25.950000000000003 1.0000000180025095e-35 -0.9159756150367534 10.000000000000002 63.000000000000007 -0.12940952255126034 8.3500000000000032 25.750000000000004 55.000000000000007
decision_type=2 2 2 2 2 2 2 2 2 2 2 2 2 2
left_child=6 -2 3 5 8 9 -1 -8 -5 11 -4 12 -3 -10
right_child=1 2 10 4 -6 -7 7 -9 13 -11 -12 -13 -14 -15
leaf_value=0.0040561370130308633 0.012445698975905048 -0.015524715437400718 -0.0054615990695389355 0.0069297936792180647 0.0032151848003201082 -0.015691043012611892 0.0032756328165347648 -0.028604927872605525 -0.0052429786435575863 -0.0082362511336553056 0.013729436404892872 0.018595956107348807 0.014715018661691705 -0.028287989846976808
leaf_weight=2.0734384385868898 10.13578714802861 0.90183586138301108 2.1770024527795604 0.66488265618681719 3.0279361456632614 1.4929302837699649 0.92236697487533081 3.0879005310125649 1.9510926976799963 1.4271718468517063 8.2076812759041768 4.6634225263260305 0.69867420196533203 4.2619240225758404
leaf_count=19 61 26 17 4 16 22 9 47 27 10 37 28 1 76
internal_value=0.00109934 0.00368141 0.000358026 -0.00488575 -0.0128219 0.00409267 -0.0138587 -0.0220821 -0.0193941 0.00929646 0.00957996 0.013875 -0.00174175 -0.0227813
internal_weight=45.694 39.6103 29.4746 19.0899 9.90584 9.18403 6.08371 4.01027 6.8779 7.6911 10.3847 6.26393 1.60051 6.21302
internal_count=400 325 264 210 123 87 75 56 107 65 54 55 27 103
is_linear=0
shrinkage=0.03


Tree=181
num_leaves=15
num_cat=0
split_feature=8 8 18 21 21 15 3 6 21 0 21 11 5 14
split_gain=0.707378 1.29435 1.08021 1.20303 1.82696 2.0378 0.858899 1.48222 2.89614 1.49888 1.13021 1.14888 1.00215 0.773974
threshold=25.100000000000005 21.500000000000004 0.37940952255126054 0.6830127018922193 0.25000000000000017 63.500000000000007 3.5000000000000004 17750.000000000004 -0.24999999999999994 21.750000000000004 -0.24999999999999994 4505.0000000000009 99.500000000000014 8.5000000000000018
decision_type=2 2 2 2 2 2 2 2 2 2 2 2 2 2
left_child=1 2 6 4 5 -4 -1 10 12 -10 -8 -12 13 -9
right_child=-2 -3 3 -5 -6 -7 7 8 9 -11 11 -13 -14 -15
leaf_value=0.013378047806658274 0.017273808062699677 -0.017522906829386262 -0.021741912034660072 -0.021643397077575607 0.015664194451591461 0.0097172549567929398 0.018259766792835662 -0.00045955345184428938 -0.0098471326266181252 0.015185950242419307 0.009506339993692714 -0.014653040206056596 0.0032944809590116832 -0.031650548903705826
leaf_weight=10.25926865916699 2.3228363618254653 1.6976624848321069 3.3361913945991528 1.7000598162412632 3.5338161764666438 2.4567944407463074 6.227491145953536 0.91373587213456131 2.3968290872871911 5.4890279322862625 3.5635743951424974 1.8956255465745924 1.0993730723857877 2.8954142071306705
leaf_count=78 9 18 75 41 21 16 24 4 16 29 22 11 3 39
internal_value=0.00380823 0.00280643 0.00391907 -0.00399992 0.00100051 -0.00893371 0.00647421 0.00316954 -0.0037814 0.00732546 0.0104776 0.000147568 -0.0198451 -0.0258198
internal_weight=49.7877 47.4649 45.7672 11.0269 9.3268 5.79299 34.7403 24.4811 12.7944 7.88586 11.6867 5.4592 4.90852 3.80915
internal_count=406 397 379 153 112 91 226 148 91 45 57 33 46 43
is_linear=0
shrinkage=0.03


Tree=182
num_leaves=15
num_cat=0
split_feature=0 3 8 10 6 13 6 13 11 0 8 8 10 4
split_gain=1.70508 1.11883 1.4145 0.994186 1.06005 0.736758 2.01894 1.32457 1.45221 1.56099 1.46012 2.18921 0.956283 2.13372
threshold=21.050000000000004 99.500000000000014 25.950000000000003 15.65 12550.000000000002 3220.0000000000005 16750.000000000004 2465.0000000000005 4565.0000000000009 24.250000000000004 8.3000000000000025 16.800000000000001 2.1500000000000008 21.500000000000004
decision_type=2 2 2 2 2 2 2 2 2 2 2 2 2 2
left_child=1 2 3 4 -1 7 -7 8 12 -10 -11 -12 13 -2
right_child=5 -3 -4 -5 -6 6 -8 -9 9 10 11 -13 -14 -15
leaf_value=0.0061490886656160306 -0.011224086877860126 0.0056608126916871055 0.011277054143588186 0.0078924896256730923 -0.027426209711246201 0.010076521748838174 -0.024057363472311369 0.017164351702012953 -0.02430890293862982 0.014124365002890668 -0.024254457851714834 0.01374260640955526 0.019435498973174616 0.015082400208214176
leaf_weight=0.62239918485283663 4.1039950388949382 3.8168052197434008 1.0685847252607343 0.6119084246456622 4.340029682032764 3.0470016431063405 1.5641707601025698 9.7728014010936004 1.7291877234820257 3.4992299396544695 2.3216599151492123 1.4760865243151782 4.8740589981898657 5.1577109508216381
leaf_count=5 58 19 4 6 86 14 19 49 30 22 40 9 18 24
internal_value=0.00390272 -0.00638444 -0.0131404 -0.0188245 -0.0228901 0.00685986 -0.00372605 0.00840811 0.00415607 -0.00492032 0.00205034 -0.0096998 0.00989383 0.00346778
internal_weight=48.0056 10.4597 6.64292 5.57434 4.96243 37.5459 4.61117 32.9347 23.1619 9.02616 7.29698 3.79775 14.1358 9.26171
internal_count=403 120 101 97 91 283 33 250 201 101 71 49 100 82
is_linear=0
shrinkage=0.03


Tree=183
num_leaves=15
num_cat=0
split_feature=19 16 16 17 18 17 9 8 16 23 15 7 9 8
split_gain=1.19985 1.1804 1.65383 1.44586 1.54215 1.69621 1.46433 1.37497 1.24146 0.981066 1.20008 0.963595 0.837638 0.757197
threshold=0.96592582628906831 25.399212195245514 28.54711984885169 13.050000000000002 -0.78656609248549292 95.050000000000026 225.00000000000003 10.600000000000001 7.8457619433572754 1.0000000180025095e-35 94.000000000000014 8.1500000000000004 15.000000000000002 8.5000000000000018
decision_type=2 10 10 8 2 10 2 2 8 2 2 2 2 2
left_child=1 3 -3 9 13 6 -6 8 -8 10 -1 -2 -7 -5
right_child=11 2 -4 4 5 12 7 -9 -10 -11 -12 -13 -14 -15
leaf_value=-0.018318063911667796 0.018246782725276186 0.022718328622639582 -0.0061771450052894262 0.014546068222631931 -0.02489822995508446 -0.0070614555109995841 0.0092236441835164933 0.003588287750019627 -0.021644500261498074 0.021090541528679157 0.014987599983264183 -0.0048228116611700551 0.017584840971847933 -0.0035107532492510739
leaf_weight=1.1212376421317483 4.9933476820588103 3.1729436833411446 2.5127368047833443 3.3637659279629615 5.5229078414849999 1.4038749858736985 0.88215620443224718 5.9663072226103395 4.5191178028471768 2.4709455454722047 0.8341742455959319 1.7513318718411026 1.9669786635786293 3.4110536025837064
leaf_count=22 28 12 20 16 98 17 6 55 56 8 2 16 8 34
internal_value=0.00166417 -0.000560467 0.0109344 -0.00291057 -0.00557571 -0.0096095 -0.0133876 -0.00623413 -0.0159497 0.0113957 -0.0038462 0.0124072 0.00805312 0.00617243
internal_weight=43.8929 37.1482 5.68568 31.4625 27.0362 20.2613 16.8905 11.3676 5.40127 4.42636 1.95541 6.74468 3.37085 6.77482
internal_count=398 354 32 322 290 240 215 117 62 32 24 44 25 50
is_linear=0
shrinkage=0.03


Tree=184
num_leaves=15
num_cat=0
split_feature=17 17 12 7 3 21 18 18 14 8 8 7 10 8
split_gain=1.04437 1.41007 1.32694 0.973763 2.15809 1.13235 2.34547 1.20888 1.03885 0.877778 0.854092 0.726489 0.709096 0.678011
threshold=14.950000000000001 21.050000000000004 3.2500000000000004 9.3500000000000032 51.500000000000007 0.6830127018922193 -0.60355339059327362 -0.25881904510252113 10.000000000000002 12.500000000000002 13.900000000000002 14.350000000000003 -3.6499999999999999 20.300000000000004
decision_type=8 10 2 2 2 2 2 2 2 2 2 2 2 2
left_child=-1 -2 3 5 12 7 -7 8 -3 -10 -9 -6 -5 -14
right_child=1 2 -4 4 11 6 -8 10 9 -11 -12 -13 13 -15
leaf_value=0.014504488679755517 -0.017483432765948187 0.011303828434030074 -0.016982534679034881 0.0017037651400766921 0.00022632093545564615 0.010949970938713242 -0.022679540734566656 0.019432703199105082 -0.016243016110240857 0.008791586851909481 -0.0008798940140665114 0.021567800626196079 -0.02661131687172125 -0.0018379932343235842
leaf_weight=7.1029358105733982 1.9595220177434374 3.7387153534218678 1.5928797107189883 1.8596111722290514 2.7426470071077347 3.6258163740858436 2.1495309011079362 11.479104114929216 2.684618098661304 1.1449646037071941 2.090866365469993 2.0625147372484207 2.4701394457370025 1.6150858746841548
leaf_count=46 43 16 10 13 13 21 53 82 34 5 27 8 28 12
internal_value=0.00462199 0.00261566 0.0040283 0.00533316 -0.00216005 0.0082963 -0.00306661 0.0113991 0.0014675 -0.00848762 0.0164573 0.011524 -0.0132875 -0.0191047
internal_weight=48.319 41.216 39.2565 37.6636 10.75 26.9136 5.77535 21.1383 7.5683 3.82958 13.57 4.80516 5.94484 4.08523
internal_count=411 365 322 312 74 238 74 164 55 39 109 21 53 40
is_linear=0
shrinkage=0.03


Tree=185
num_leaves=15
num_cat=0
split_feature=1 16 17 11 17 13 1 13 9 19 1 1 7 7
split_gain=2.00241 1.73385 1.08208 0.872612 0.841654 0.622628 1.01001 0.699304 1.49801 2.20285 1.13544 1.59461 1.48054 1.4625
threshold=89.500000000000014 25.399212195245514 98.350000000000009 3705.0000000000005 4.8000000000000007 3320.0000000000005 82.500000000000014 2480.0000000000005 935.00000000000011 0.96592582628906831 85.500000000000014 74.500000000000014 6.4500000000000011 9.3500000000000032
decision_type=2 10 8 2 8 2 2 2 2 2 2 2 2 2
left_child=2 4 5 -4 -2 7 -7 8 10 -10 11 12 -1 -14
right_child=1 -3 3 -5 -6 6 -8 -9 9 -11 -12 -13 13 -15
leaf_value=-0.019110460035902024 0.0048966458587146235 0.012002495763530444 0.0056547911652329759 -0.021189858111013576 -0.026702210511220677 -0.017835042316117912 0.0082292362330979828 0.013499293233443375 -0.021463474059599901 0.012667376138351508 -0.0092784438822431838 0.019610065740956611 0.015661266936452502 -0.0059893832711724786
leaf_weight=1.4191849771887159 0.57943744957446952 1.1060989722609518 1.276247983798384 1.6481107678264377 3.474681731313467 1.6561945248395198 1.8394933780655263 9.3843091586604697 3.4042543601244679 1.9382188022136686 2.3736443188972762 7.8076265049166969 5.7194671952165645 4.1046870434656739
leaf_count=32 2 5 11 29 52 16 9 46 58 9 25 54 36 32
internal_value=0.00203145 -0.0140371 0.00425663 -0.0110187 -0.0221107 0.0056267 -0.00533989 0.00680231 0.00405281 -0.00903608 0.00757407 0.0100318 0.00232205 0.00689767
internal_weight=47.7317 5.16022 42.5714 2.92436 4.05412 39.6471 3.49569 36.1514 26.7671 5.34247 21.4246 19.051 11.2433 9.82415
internal_count=416 59 357 40 54 317 25 292 246 67 179 154 100 68
is_linear=0
shrinkage=0.03


Tree=186
num_leaves=15
num_cat=0
split_feature=16 6 21 21 11 8 7 16 13 5 12 15 18 19
split_gain=1.61379 1.06152 2.4785 2.29954 2.1961 2.15547 2.04954 1.37261 1.22083 1.20972 0.908895 0.853601 1.4239 0.807847
threshold=7.8457619433572754 17750.000000000004 -0.24999999999999994 -0.24999999999999994 4185.0000000000009 5.1500000000000012 1.6000000000000003 14.280056149866629 3135.0000000000005 99.500000000000014 11.700000000000001 36.500000000000007 0.37940952255126054 0.1294095225512602
decision_type=10 2 2 2 2 2 2 10 2 2 2 2 2 2
left_child=-1 3 4 11 -3 -5 -7 8 -4 -6 -8 12 -2 -9
right_child=1 2 7 5 9 6 10 13 -10 -11 -12 -13 -14 -15
leaf_value=-0.021074115721873819 0.016251928584031933 0.0082191781338661341 -0.022202216773526497 0.015464291578644167 -0.030545204942844281 0.017610204202506759 -0.021860379654778946 0.01678371422620788 0.011479948124878519 0.0026252356513509949 0.0054121490283673889 0.022170696956480947 -0.017180331293235113 0.0029767484363800441
leaf_weight=1.3543410478159774 1.6370141860097676 2.2552344147115972 1.7105049742385774 3.5510140955448133 3.6735612456686795 1.0635286271572111 4.9243327435106039 6.4898780067451289 0.74330682307481755 1.0659592226147649 0.92720079794526089 8.5831875465810281 1.0385340682696549 8.8692063102498633
leaf_count=25 8 20 31 20 71 2 59 32 2 3 4 35 31 70
internal_value=0.00332744 0.00446607 0.000168325 0.00915032 -0.0138311 -0.00107801 -0.0104533 0.00610857 -0.0116295 -0.0239273 -0.0173797 0.0179708 0.00213135 0.00948012
internal_weight=47.8868 46.5325 24.8077 21.7248 6.99475 10.4661 6.91506 17.8129 2.45381 4.73952 5.85153 11.2587 2.67555 15.3591
internal_count=413 388 229 159 94 85 65 135 33 74 63 74 39 102
is_linear=0
shrinkage=0.03


Tree=187
num_leaves=15
num_cat=0
split_feature=17 14 14 20 17 13 11 1 10 11 14 15 7 3
split_gain=1.14745 3.17816 1.80404 2.09304 1.11573 0.774049 0.838755 0.773219 0.709673 1.40855 1.28795 2.88361 1.37177 1.21658
threshold=40.900000000000006 15.100000000000001 12.15 -0.93301270189221919 29.550000000000004 2905.0000000000005 3565.0000000000005 90.500000000000014 -6.1499999999999995 4565.0000000000009 21.100000000000005 80.500000000000014 9.3500000000000032 99.500000000000014
decision_type=10 2 2 2 10 2 2 2 2 2 2 2 2 2
left_child=1 2 3 -1 -5 6 -4 -8 -2 10 11 12 -10 -11
right_child=8 -3 5 4 -6 -7 7 -9 9 13 -12 -13 -14 -15
leaf_value=0.01072002232359629 0.022085894540776942 -0.02208935865372243 0.01723130759830319 -0.025468375325488211 0.0012532355484722239 0.022631981050160302 -0.018787210576371761 0.0094597627427182827 0.015520807448561907 -0.015022402052012869 0.021274021609724848 -0.018776739615963239 -0.010775500216265426 0.013336030939485174
leaf_weight=4.3082708837464487 2.5050015840679434 3.7641507484950116 0.87572800740599577 2.6654342417605239 2.136134291999042 4.3478687228634953 1.1532024764455853 0.67535938229411829 9.5922556412406319 3.4584595591295502 5.5873724892735472 2.7317142141982904 1.4095569159835566 1.0723997503519056
leaf_count=19 9 70 2 51 16 14 24 5 78 45 27 24 13 3
internal_value=0.00502452 -0.000430306 0.0056073 -0.00321643 -0.0154135 0.0159895 0.00208328 -0.00869847 0.00901344 0.00680706 0.0102607 0.00464022 0.0115346 -0.00711267
internal_weight=46.2829 19.9261 16.162 9.10984 4.80157 7.05216 2.70429 1.82856 26.3568 23.8518 19.3209 13.7335 11.0018 4.53086
internal_count=400 201 131 86 67 45 31 29 199 190 142 115 91 48
is_linear=0
shrinkage=0.03


Tree=188
num_leaves=15
num_cat=0
split_feature=6 15 6 19 26 8 19 14 9 7 13 19 6 8
split_gain=1.32222 1.24287 1.36662 1.62517 1.20922 1.08951 2.01168 2.02691 3.2281 1.03212 1.91804 0.9334 0.625554 0.623046
threshold=26550.000000000004 20.500000000000004 25150.000000000004 -0.9159756150367534 1.0000000180025095e-35 13.900000000000002 0.96592582628906831 10.800000000000002 2825.0000000000005 4.3500000000000005 1285.0000000000002 0.98296291314453432 13150.000000000002 17.800000000000001
decision_type=2 2 2 2 2 2 2 2 2 2 2 2 2 2
left_child=1 2 3 -1 -2 6 7 9 12 10 -3 -6 -9 -7
right_child=4 5 -4 -5 11 13 -8 8 -10 -11 -12 -13 -14 -15
leaf_value=0.0087688642524279287 0.0061975919637499832 0.011480632487472312 0.015507713819290014 -0.024353573578428361 -0.024589519977396383 0.019293035063615536 0.019570051222374422 0.0011307075548317761 0.01606297430159383 0.016599027453257292 -0.018206097479312042 0.0075531433123885083 -0.029766776938256613 0.0054029907794516299
leaf_weight=1.3937632068991659 2.3601640500128269 3.4598268298432249 1.0181413199752567 2.8963706861250094 2.6710145608521993 7.9004497830755991 4.0927401427179566 0.5903854351490726 1.5415049614384768 3.8186196722090244 2.5030370987951756 0.54146601166576136 3.8320361757650971 5.8689120262861252
leaf_count=9 8 27 4 90 59 38 18 8 8 23 22 5 50 33
internal_value=0.00383149 0.00581447 -0.00675354 -0.0139694 -0.00879412 0.00793736 0.00316069 -0.0020186 -0.0145337 0.00625233 -0.00180601 -0.0186649 -0.0261942 0.0141394
internal_weight=44.4884 38.9158 5.30828 4.29013 5.57264 33.6075 19.8382 15.7454 5.96393 9.78148 5.96286 3.21248 4.42242 13.7694
internal_count=402 330 103 99 72 227 156 138 66 72 49 64 58 71
is_linear=0
shrinkage=0.03


Tree=189
num_leaves=15
num_cat=0
split_feature=6 18 14 14 8 8 16 13 14 18 19 7 12 7
split_gain=2.77419 1.20319 1.20103 1.14118 1.7706 1.36445 2.22922 1.25566 0.777572 0.767979 0.730369 0.641333 0.608515 0.48115
threshold=26550.000000000004 0.98296291314453432 9.2000000000000011 13.300000000000002 13.700000000000001 15.800000000000002 17.010467334109219 1880.0000000000002 7.1000000000000005 -0.25881904510252113 0.78656609248549303 1.8500000000000003 1.0000000180025095e-35 7.1500000000000012
decision_type=2 2 2 2 2 2 10 2 2 2 2 2 2 2
left_child=2 -2 8 -4 7 13 -7 -5 10 -8 -1 -10 -9 -6
right_child=1 -3 3 4 5 6 9 12 11 -11 -12 -13 -14 -15
leaf_value=-0.007619749657536542 -0.025203249837828248 0.0099548200142711186 0.014447585010613965 -0.023830778418018648 0.00184928855434944 -0.020902458552376723 0.017779167063762341 -0.0086057312414051443 0.00037681193374048636 -0.0026266637671039602 0.016692916873635531 -0.024205002482427077 0.01300211662077424 0.020794736266847004
leaf_weight=1.419902904890477 3.0295180971734221 0.53733783401548851 13.440386635018511 2.2013604529202011 1.750611802097408 2.2424965756945312 2.989259272813797 1.3549557630904021 1.5117146372795107 2.4548113709315658 1.1718791555613277 1.4612783635966478 1.3940607309341428 5.3000930217094719
leaf_count=24 64 4 81 40 11 37 13 21 7 21 5 31 5 29
internal_value=0.003382 -0.0188867 0.00585892 0.00801013 0.00312946 0.00827147 -0.000682096 -0.0109958 -0.00621695 0.00959814 0.0049602 -0.0147568 0.00289722 0.0169048
internal_weight=42.2597 3.56686 38.6928 33.128 19.6876 14.7373 7.68657 4.95038 5.56478 5.44407 2.59178 2.97299 2.74902 7.0507
internal_count=393 68 325 258 177 111 71 66 67 34 29 38 26 40
is_linear=0
shrinkage=0.03


Tree=190
num_leaves=15
num_cat=0
split_feature=12 3 6 5 15 18 9 18 11 14 20 3 15 5
split_gain=1.36221 1.49262 1.65282 2.68452 1.65189 1.50028 1.21072 2.06512 1.55305 0.918974 0.858171 0.993338 0.823857 0.490185
threshold=1.2500000000000002 3.5000000000000004 20600.000000000004 11.500000000000002 37.500000000000007 0.78656609248549325 1225.0000000000002 -0.78656609248549292 3615.0000000000005 21.100000000000005 -0.24999999999999994 21.500000000000004 6.5000000000000009 1.0000000180025095e-35
decision_type=2 2 2 2 2 2 2 2 2 2 2 2 2 2
left_child=1 2 3 -1 12 6 7 9 -9 -6 11 -8 -3 -7
right_child=-2 4 -4 -5 5 13 10 8 -10 -11 -12 -13 -14 -15
leaf_value=-0.022795200432369316 0.018476299475359222 0.0046681943562371922 0.01635081309943583 0.012979441685372326 -0.0069232010172988571 0.0015879294182058351 0.0090951274491868992 0.0055508209286515512 -0.028654136094565776 0.017087917058729876 0.012477035948642209 -0.014298399833082849 -0.025997580019491713 0.021931586459763713
leaf_weight=2.388969254679977 4.2891339398920527 0.67471864959225358 9.6093820580281299 3.2977550313808024 2.0767116397619279 1.7966929739341129 2.0596568547189236 1.1943990532308841 3.9831426381133497 1.8485007286071775 4.6143652498722059 2.6363668441772461 2.4072075830772519 2.3987394208088517
leaf_count=71 19 4 81 21 19 18 8 6 50 6 25 18 44 8
internal_value=0.00411872 0.00221198 0.00932752 -0.00321081 -0.00221535 0.000916294 -0.0029541 -0.0102183 -0.0211422 0.00555798 0.00445031 -0.00424265 -0.0197851 0.0152019
internal_weight=45.2757 40.9866 15.2961 5.68672 25.6905 22.6086 18.4131 9.10275 5.17754 3.92521 9.31039 4.69602 3.08193 4.19543
internal_count=398 379 173 92 206 158 132 81 56 25 51 26 48 26
is_linear=0
shrinkage=0.03


Tree=191
num_leaves=15
num_cat=0
split_feature=15 15 6 20 17 3 4 11 19 7 19 11 14 11
split_gain=1.0671 2.99316 1.5885 0.781734 0.703734 2.28171 2.68323 1.28696 0.856479 0.700241 0.574791 0.517641 0.484069 1.10107
threshold=20.500000000000004 4.5000000000000009 25150.000000000004 -0.5 43.050000000000004 20.500000000000004 38.000000000000007 4535.0000000000009 -0.60355339059327384 16.950000000000003 0.96592582628906831 4015.0000000000005 21.100000000000005 4325.0000000000009
decision_type=2 2 2 2 10 2 2 2 2 2 2 2 2 2
left_child=1 3 4 -1 5 7 -7 11 -6 -5 -4 -2 13 -10
right_child=2 -3 10 9 8 6 -8 -9 12 -11 -12 -13 -14 -15
leaf_value=0.013266575712094398 0.0074048778354194027 -0.025434616873606316 -0.021176071108280552 -0.016741396396042732 -0.0017642840669050697 -0.02757109909228438 0.006591911340574433 0.017261462593412189 -0.0012282996421585574 0.010933315010112937 0.0046057053915539072 -0.016811119238379343 0.022205183280157401 0.016903238303865892
leaf_weight=4.2801884850487113 0.58290046267211237 2.9998580175451934 1.5925980834290379 1.1329064187593738 3.4379312507808235 2.8609294567722818 3.8070697784423828 7.0979592716321349 4.9725108426064235 0.48421576619148243 0.67665317282080639 0.9936792035587132 4.5511092916131011 6.1878794888034463
leaf_count=25 4 68 28 53 23 41 17 36 33 1 4 17 20 32
internal_value=0.00373947 -0.00516969 0.00597551 0.00733178 0.00768685 0.00264497 -0.00974991 0.0121957 0.0113947 -0.00744346 -0.0144311 -0.00845881 0.0142073 0.00938805
internal_weight=45.6584 8.89717 36.7612 5.89731 34.492 15.3425 6.668 8.67454 19.1494 1.61712 2.26925 1.57658 15.7115 11.1604
internal_count=402 147 255 79 223 115 58 57 108 54 32 21 85 65
is_linear=0
shrinkage=0.03


Tree=192
num_leaves=15
num_cat=0
split_feature=21 14 12 1 8 0 7 5 11 19 14 8 16 1
split_gain=1.33417 2.94754 1.83855 1.67076 3.28704 2.14508 2.02376 1.61498 1.26767 1.76887 1.69905 0.897991 0.717049 0.638055
threshold=-0.24999999999999994 9.4000000000000021 1.0000000180025095e-35 78.500000000000014 4.6000000000000005 20.250000000000004 1.6000000000000003 97.500000000000014 3995.0000000000005 0.37940952255126043 15.100000000000001 20.300000000000004 23.673967239943071 58.500000000000007
decision_type=2 2 2 2 2 2 2 2 2 2 2 2 10 2
left_child=1 -1 8 5 -5 11 -6 12 -3 -10 -11 13 -8 -2
right_child=3 2 -4 4 6 -7 7 -9 9 10 -12 -13 -14 -15
leaf_value=-0.031829368176901254 0.0050831707200315913 0.011570467804005554 0.017540417752882596 0.020506654864803547 0.017083213392729359 0.01816174248136147 -0.02918883229453605 0.0052779167163039091 -0.026874993472899334 0.010727485114676343 -0.02031468625702313 0.0086673197225212995 -0.0011732012378415681 -0.021406872230967437
leaf_weight=1.8404129808768619 0.69883787725121438 2.2220972827635688 3.5824997862800947 3.0520193492993704 1.0158624351024608 12.778395847417412 4.3585802251473069 1.7499056831002233 2.5802688465919346 3.7779049810487777 1.3764898865483699 1.726148761808872 1.0730615048669276 1.789342639967799
leaf_count=31 10 14 17 16 2 71 65 7 58 25 26 10 10 39
internal_value=0.00291345 -0.00402883 0.00167943 0.00670245 -0.00218772 0.0123824 -0.0119481 -0.0176408 -0.00510746 -0.010675 0.000483761 -0.00526381 -0.0246971 -0.0146425
internal_weight=43.6218 15.3797 13.5393 28.2422 11.2494 16.9927 8.19741 7.18155 9.95676 7.73466 5.15439 4.21433 5.43164 2.48818
internal_count=401 171 140 230 100 130 84 82 123 109 51 59 75 49
is_linear=0
shrinkage=0.03


Tree=193
num_leaves=15
num_cat=0
split_feature=1 14 1 1 0 8 8 6 6 10 10 3 9 9
split_gain=2.0706 1.2884 1.88902 2.60405 0.836943 0.778221 1.54786 0.858141 1.56697 1.40136 1.83477 2.28563 0.73756 0.714648
threshold=57.500000000000007 9.2000000000000011 83.500000000000014 85.500000000000014 26.850000000000005 9.4000000000000021 10.400000000000002 29350.000000000004 26550.000000000004 4.9500000000000011 2.1500000000000008 13.500000000000002 2745.0000000000005 205.00000000000003
decision_type=2 2 2 2 2 2 2 2 2 2 2 2 2 2
left_child=-1 2 -2 -4 -5 12 -7 8 9 10 11 -8 -3 -13
right_child=1 5 3 4 -6 6 7 -9 -10 -11 -12 13 -14 -15
leaf_value=-0.025734204940184639 -0.029781724714643017 0.015991516985079942 0.0226840074312624 -0.023374378547631081 0.0061583415167692059 -0.020171144075893179 -0.018136521265862043 0.018810843961968408 -0.020358906214866804 -0.013183552875789957 0.023576775661166723 -0.0066010713532020692 -0.0045485330057028137 0.012308831944320931
leaf_weight=1.2260132790543128 1.3687356677837659 8.588293223641811 2.0389159331098199 1.7606487809680404 0.75336822867393483 1.377210048027339 2.7751582104247197 2.6248537739738813 1.3952105753123749 2.2506856676191083 4.1550175799056879 1.5569134289398778 1.4259333601221431 8.3026037923991662
leaf_count=30 28 61 6 30 3 24 60 13 20 29 17 12 9 50
internal_value=0.00255833 0.00401871 -0.0079953 0.00273805 -0.0152904 0.00625099 0.00311791 0.00528932 0.00275602 0.00538117 0.00847099 0.00213849 0.0129194 0.00898989
internal_weight=41.5996 40.3735 5.92167 4.55293 2.51402 34.4519 24.4377 23.0604 20.4356 19.0404 16.7897 12.6347 10.0142 9.85952
internal_count=392 362 67 39 33 295 225 201 188 168 139 122 70 62
is_linear=0
shrinkage=0.03


Tree=194
num_leaves=15
num_cat=0
split_feature=3 3 18 18 0 1 7 6 14 14 0 8 4 14
split_gain=1.33308 3.18678 1.7456 1.50715 1.55266 1.3123 1.28356 2.06774 0.962807 1.23104 0.946704 0.803555 0.753829 0.712201
threshold=39.000000000000007 5.5000000000000009 -0.9829629131445341 0.60355339059327384 22.450000000000003 92.500000000000014 11.200000000000001 17750.000000000004 16.800000000000001 17.600000000000005 16.950000000000003 35.100000000000001 99.500000000000014 12.500000000000002
decision_type=2 2 2 2 2 2 2 2 2 2 2 2 2 2
left_child=1 3 -3 4 10 8 7 13 -4 -10 -1 -5 -9 -2
right_child=6 2 5 11 -6 -7 -8 12 9 -11 -12 -13 -14 -15
leaf_value=0.0088046444007793285 0.016451634816309579 0.011686014082152267 -0.033077778616267393 -0.017812086114528874 0.016284016816615076 0.0066417173896433411 0.017070877978976166 -0.022585105712805816 0.010713532031268661 -0.019564072997270161 -0.019410359452913459 0.010667568317148979 0.0021495839969436071 -0.0034067656331922265
leaf_weight=1.1336592994630366 4.131472444161771 1.100794194266199 4.2471017269417626 2.3444491736590858 8.2504748245701176 0.96953953988850106 5.9108122177422038 2.4243219988420606 1.1897862628102305 2.0372737646102905 1.4081835770048199 0.46967199444770802 1.4019778966903689 1.9445219258777795
leaf_count=12 19 5 64 80 65 10 27 26 5 24 30 1 4 16
internal_value=0.000677584 -0.0038553 -0.0163016 0.00539375 0.0104032 -0.0208014 0.00714847 0.000203113 -0.024725 -0.00850736 -0.00789352 -0.0115082 -0.0149546 0.010513
internal_weight=38.964 23.1509 9.5445 13.6064 10.7923 8.4437 15.8131 9.90229 7.47416 3.22706 2.54184 2.81412 3.8263 6.07599
internal_count=388 296 108 188 107 103 92 65 93 29 42 81 30 35
is_linear=0
shrinkage=0.03


Tree=195
num_leaves=15
num_cat=0
split_feature=7 13 0 6 17 6 15 5 5 10 15 4 4 0
split_gain=1.3761 1.39045 1.52564 1.68092 1.48807 1.68223 1.55294 1.28651 1.19091 1.15179 1.1396 1.24644 0.975287 0.609198
threshold=14.15 1505.0000000000002 25.850000000000005 13250.000000000002 44.900000000000006 13250.000000000002 80.500000000000014 3.5000000000000004 97.500000000000014 -5.3499999999999988 43.500000000000007 17.500000000000004 38.000000000000007 20.250000000000004
decision_type=2 2 2 2 10 2 2 2 2 2 2 2 2 2
left_child=1 4 3 12 5 -1 7 13 -8 10 -4 -12 -3 -6
right_child=-2 2 9 -5 6 -7 8 -9 -10 -11 11 -13 -14 -15
leaf_value=0.011500547497055803 0.017466404082440799 -0.019438505506825028 -0.012416827268285181 0.020931902470507014 -0.00018065459036540523 -0.027429858036730662 -0.02150480452543263 -0.012710078134145179 0.0086200014324474133 -0.015395086756253874 0.01909741844062263 -0.0053029433463131492 0.011383016907407876 0.015675481367978857
leaf_weight=0.70753001142293515 4.3624689411371937 1.1308868993073717 1.7802644078619758 7.2493290253914893 3.1608436089009029 3.0344523915555328 3.0766792409121981 1.7870509312488128 1.0297530889511106 2.6313524367287746 3.9724084949120879 2.4628853444010019 0.7678670473396777 5.8746617008000612
leaf_count=5 23 17 30 47 46 77 41 22 4 28 15 10 5 32
internal_value=0.00321608 0.00120849 0.00655138 0.0149168 -0.00455546 -0.019196 8.89325e-05 0.00605523 -0.0137418 -0.00116742 0.00456561 0.0103018 -0.00734716 0.0106633
internal_weight=43.0284 38.666 19.995 9.14808 18.671 3.74198 14.929 10.8226 4.10643 10.8469 8.21556 6.43529 1.89875 9.03551
internal_count=402 379 152 69 227 82 145 100 45 83 55 25 22 78
is_linear=0
shrinkage=0.03


Tree=196
num_leaves=15
num_cat=0
split_feature=4 6 8 8 16 9 3 6 6 4 7 3 9 4
split_gain=1.31109 2.17523 1.23004 1.60086 1.15266 1.09213 2.1563 1.92617 0.962274 0.907409 0.839808 0.666956 0.824046 0.616778
threshold=98.500000000000014 15850.000000000002 9.4000000000000021 11.200000000000001 7.7970896453260421 2935.0000000000005 47.000000000000007 24450.000000000004 26550.000000000004 60.500000000000007 14.650000000000002 44.500000000000007 2745.0000000000005 27.500000000000004
decision_type=2 2 2 2 10 2 2 2 2 2 2 2 2 2
left_child=2 -2 4 13 -1 6 7 9 -9 -5 -10 12 -6 -4
right_child=1 -3 3 5 11 -7 -8 8 10 -11 -12 -13 -14 -15
leaf_value=-0.014929208551240252 0.0079109037241862443 -0.027918004987214314 -0.023965460088923116 -0.025182336237614032 0.016401987391367969 0.017114073283329038 0.012079126005230765 0.016409052685114261 -0.018533737898348675 0.0040531450299220728 0.0086852140955563182 -0.0033141895462653155 -0.0061869038431929197 0.0039853560676641692
leaf_weight=0.74931341130286355 2.1968638449907294 2.293197363615036 2.2915922845713825 4.283438508864494 11.750191797967995 2.6796804387122384 5.8842672142200163 2.0233392966911197 1.2582513750530782 0.85966499149799336 1.05119919963181 1.9074098933488137 1.1209609126672155 0.58083617594093073
leaf_count=14 11 13 43 95 98 10 32 10 29 4 5 16 12 7
internal_value=0.00160292 -0.01214 0.00357531 -0.00120455 0.00969603 0.00242596 -0.00102594 -0.00954004 0.00479513 -0.0204313 -0.00726366 0.0118116 0.0141305 -0.0187439
internal_weight=40.9302 4.49006 36.4401 20.9123 15.5279 18.0398 15.3602 9.47589 4.33279 5.1431 2.30945 14.7786 12.8712 2.87243
internal_count=399 24 375 235 140 185 175 143 44 99 34 126 110 50
is_linear=0
shrinkage=0.03


Tree=197
num_leaves=15
num_cat=0
split_feature=1 21 10 10 11 14 26 17 10 3 16 14 4 17
split_gain=0.947034 1.44536 1.32757 1.16397 1.6538 1.16301 1.84044 1.16127 1.12285 1.0913 1.64166 0.998343 0.959765 0.800309
threshold=83.500000000000014 0.6830127018922193 -6.4499999999999993 -5.3499999999999988 4565.0000000000009 13.100000000000001 1.0000000180025095e-35 36.550000000000004 4.0500000000000007 11.500000000000002 13.736545781022071 30.700000000000006 99.500000000000014 90.15000000000002
decision_type=2 2 2 2 2 2 2 10 2 2 10 2 2 10
left_child=2 9 -1 -4 5 6 -5 -7 13 10 -2 -10 -6 -9
right_child=1 -3 3 4 12 7 -8 8 11 -11 -12 -13 -14 -15
leaf_value=-0.01875104235871607 0.0099211561573763849 -0.010192401633105965 0.015617653003512484 0.0082505020635583442 -0.024255534403299923 -0.012237493825881893 -0.025164867102911749 0.021723161427534821 -0.014322657675908738 0.017041400263281149 -0.019913285744385653 0.014379875479136345 0.0028558232241596318 -0.00015102512008074106
leaf_weight=2.28131154784933 4.3174787950702038 2.5552585604600599 3.3721876293420854 2.2692379411309958 2.7411675560288122 1.372193039394914 1.9258682553190727 5.6935801450163108 1.8713109341915699 9.7060163496062142 1.4142590810079125 0.80162549018859852 1.4329362362623213 1.9243899025022981
leaf_count=25 35 34 20 10 69 21 40 30 33 47 28 3 4 10
internal_value=0.00286284 0.00794443 -0.000861139 0.00157954 -0.0014138 0.00320678 -0.0089808 0.00795356 0.0114912 0.0113839 0.000695171 -0.00414318 -0.0161953 0.0168211
internal_weight=43.6788 17.993 25.6858 23.4045 20.0323 15.8582 4.19511 11.6631 10.2909 15.4378 5.73174 2.67294 4.1741 7.61797
internal_count=409 144 265 240 220 147 50 97 76 110 63 36 73 40
is_linear=0
shrinkage=0.03


Tree=198
num_leaves=15
num_cat=0
split_feature=26 19 6 7 13 24 14 14 1 16 17 7 22 1
split_gain=0.835682 1.39489 0.992816 1.60297 0.978881 0.867578 0.859894 3.12146 0.952404 0.786289 1.67973 1.58753 0.722732 0.720937
threshold=1.0000000180025095e-35 -0.9159756150367534 26550.000000000004 16.950000000000003 3220.0000000000005 1.0000000180025095e-35 11.600000000000001 14.300000000000002 86.500000000000014 17.240873217518793 29.350000000000005 6.6500000000000012 1.0000000180025095e-35 92.500000000000014
decision_type=2 2 2 2 2 2 2 2 2 10 8 2 2 2
left_child=5 -2 4 -4 6 -1 8 -8 -3 10 -9 -11 -6 -10
right_child=1 2 3 -5 12 -7 7 9 13 11 -12 -13 -14 -15
leaf_value=0.017748169318242107 0.015736623524986993 0.016727040629553668 -0.023742489607300774 0.011220138444062045 0.0035663916014464195 0.00091315147929834555 -0.024766842766591416 0.01496059402620103 -0.014544787861693652 -0.011786592841235495 -0.015572062534162524 0.018668894496555632 -0.022396596065584078 0.010455150802610638
leaf_weight=6.6696490775793773 4.8119215420447281 6.0086982282810002 2.5248353574424978 1.0544529259204862 1.2120511578395963 4.4765695445239544 2.6860179759096345 1.8829334166366587 1.3260759646072986 1.2551782513037322 2.7411623697262257 5.6993066128343344 1.4084458695724598 0.9442610591650008
leaf_count=31 28 49 61 4 6 21 47 19 18 17 32 34 19 4
internal_value=0.0048509 0.00233164 -0.000366114 -0.0132416 0.00190137 0.0116187 0.00406902 -0.000519533 0.011179 0.00662718 -0.00268972 0.0123814 -0.0127198 -0.00412946
internal_weight=44.7016 33.5553 28.7434 3.57929 25.1641 11.1462 22.5436 14.2646 8.27904 11.5786 4.6241 6.95448 2.6205 2.27034
internal_count=390 338 310 65 245 52 220 149 71 102 51 51 25 22
is_linear=0
shrinkage=0.03


Tree=199
num_leaves=15
num_cat=0
split_feature=14 14 17 20 3 7 14 8 9 17 14 20 13 3
split_gain=2.74257 1.87531 1.2626 3.03338 1.63293 1.34163 1.11362 1.62449 2.24975 0.953516 0.97874 1.01975 0.792207 0.648372
threshold=9.2000000000000011 6.7000000000000002 40.900000000000006 -0.6830127018922193 19.000000000000004 12.250000000000002 11.600000000000001 13.700000000000001 1550.0000000000002 59.550000000000004 21.100000000000005 -0.24999999999999994 15.000000000000002 39.000000000000007
decision_type=2 2 10 2 2 2 2 2 2 8 2 2 2 2
left_child=1 -1 3 4 -2 -5 -4 8 12 -9 11 -11 -8 -12
right_child=2 -3 6 5 -6 -7 7 9 -10 10 13 -13 -14 -15
leaf_value=0.0024068779073386157 0.016865446835021634 -0.031691017123522611 0.017357300843173513 -0.028135026152012046 -0.010145781449490649 0.0017213715451212383 0.0017368468605726843 0.017898779338618147 0.013203814515905448 0.0065609556080236933 -0.0026873476698474176 -0.021408747103884667 -0.028009102050122903 0.017182761713263009
leaf_weight=2.0988024272955945 4.6970392148941755 2.909082502592355 5.3670516340062049 3.7593772946856898 2.2985222777351737 1.7395944097079334 0.88730911212042274 4.5304201743565473 1.7437441162765024 1.4525198312476288 2.1159150996245444 1.6518612557556478 2.701860380358994 2.5772406011819839
leaf_count=29 28 49 31 82 16 14 14 25 10 11 17 27 38 11
internal_value=-0.000608298 -0.0193786 0.00249604 -0.00493328 0.00783147 -0.0198784 0.00656461 0.00253038 -0.0101343 0.00835829 0.00141076 -0.00991188 -0.0218793 0.00932582
internal_weight=40.5303 5.00788 35.5225 12.4945 6.99556 5.49897 23.0279 17.6609 5.33291 12.328 7.79754 3.10438 3.58917 4.69316
internal_count=402 78 324 140 44 96 184 153 62 91 66 38 52 28
is_linear=0
shrinkage=0.03


Tree=200
num_leaves=15
num_cat=0
split_feature=1 16 11 16 16 8 15 17 10 16 10 11 8 5
split_gain=1.44978 1.42615 0.893665 1.01879 1.76143 0.917807 1.60512 1.20153 1.89706 0.804713 0.848418 1.12671 1.06933 0.735412
threshold=53.500000000000007 7.8457619433572754 3705.0000000000005 9.4685810454955543 10.282615692110296 19.600000000000005 98.500000000000014 53.20000000000001 -3.6499999999999999 11.253944990438784 -6.9499999999999993 4065.0000000000005 5.5000000000000009 3.5000000000000004
decision_type=2 10 2 10 10 2 2 8 2 8 2 2 2 2
left_child=-1 -2 -3 -4 -5 7 -7 8 9 -6 -11 -12 -13 -9
right_child=1 2 3 4 5 6 -8 13 -10 10 11 12 -14 -15
leaf_value=-0.024972050387866745 -0.020368535057953458 0.014326112541984707 0.015328016649137945 -0.026872065945842374 0.014660385777754361 -0.024721476974309368 0.010920902067550257 0.013392898624010085 -0.023594724436882576 0.01171736266088262 0.012585390469237612 0.0039080827081117734 -0.025158692583559197 -0.0018471198374968468
leaf_weight=0.80037140054628153 1.321558515774085 5.2282750736922017 3.3536251555196968 1.0821971986442829 2.6059648767113712 1.8437531422823659 1.1483420580625534 9.8412263290956599 2.1293735909275719 1.6044586226344142 0.87733747856691202 1.3701411783695223 2.3277981434948742 3.5653870666865251
leaf_count=18 27 34 29 13 12 20 6 74 67 9 5 7 42 27
internal_value=0.00140638 0.00257903 0.00391389 0.0018142 -0.000248948 0.00171771 -0.0117332 0.00377048 -0.00346517 0.00332617 -0.00282962 -0.00911763 -0.0158496 0.00949304
internal_weight=39.0998 38.2994 36.9779 31.7496 28.396 27.3138 2.9921 24.3217 10.9151 8.7857 6.17974 4.57528 3.69794 13.4066
internal_count=390 372 345 311 282 269 26 243 142 75 63 54 49 101
is_linear=0
shrinkage=0.03


Tree=201
num_leaves=15
num_cat=0
split_feature=8 7 3 26 8 16 21 7 7 10 17 17 18 15
split_gain=0.871931 1.01 1.82603 2.55529 1.72066 1.41632 1.25891 1.05141 1.03344 0.984716 0.901793 2.04995 0.729955 0.902753
threshold=3.8000000000000003 4.4500000000000011 69.000000000000014 1.0000000180025095e-35 9.4000000000000021 14.795276485768758 0.6830127018922193 8.2500000000000018 11.200000000000001 -7.4499999999999993 77.300000000000011 36.150000000000006 -0.70710678118654735 30.500000000000004
decision_type=2 2 2 2 2 10 2 2 2 2 10 10 2 2
left_child=-1 6 3 4 -3 -5 10 9 -4 -7 11 -2 -9 -14
right_child=1 2 8 5 -6 7 -8 12 -10 -11 -12 -13 13 -15
leaf_value=-0.016327135859831317 0.013970734939618807 0.025302651081130435 -0.0025033660001134487 -0.026276281670705948 -0.0025680084091590366 0.010000225549386326 -0.011026161590502247 0.011644634865120424 0.020856658897757237 -0.023116645152931142 0.024836343185726445 -0.016804607186503763 0.0086392824926645947 -0.016477014462461415
leaf_weight=0.95923356804996629 7.0905003244988603 2.5693635940551802 2.2547692707739762 3.2154937114100912 4.1454708743840456 0.43363368511199984 1.3934374987147737 2.9536500051617622 4.1521635614335537 2.4788490254431945 3.5701387971639624 1.6485750298015771 1.4540039505809548 1.9402027092874048
leaf_count=22 42 5 20 87 24 1 30 18 16 60 11 19 13 19
internal_value=0.00344168 0.00431736 0.000690044 -0.00400955 0.00999383 -0.0117289 0.0105856 -0.00460889 0.0134076 -0.0168902 0.0136768 0.00703578 0.00255774 -0.00620019
internal_weight=40.2595 39.3003 25.5976 19.1907 6.71483 12.4758 13.7027 9.26034 6.40693 2.91248 12.3092 8.73908 6.34786 3.39421
internal_count=387 365 263 227 29 198 102 111 36 61 72 61 50 32
is_linear=0
shrinkage=0.03


Tree=202
num_leaves=15
num_cat=0
split_feature=14 19 13 21 6 22 5 21 20 16 4 16 19 12
split_gain=1.15316 0.921332 0.974271 3.03118 1.66841 1.42503 1.77378 1.45283 1.25365 1.00679 1.29293 0.981374 0.860984 0.826028
threshold=8.3000000000000025 -0.9159756150367534 2125.0000000000005 -1.0000000180025095e-35 18550.000000000004 1.0000000180025095e-35 90.500000000000014 -0.9330127018922193 -0.24999999999999994 16.243812243544376 33.500000000000007 21.32599308917144 0.1294095225512602 1.0000000180025095e-35
decision_type=2 2 2 2 2 2 2 2 2 10 2 8 2 2
left_child=-1 -2 3 13 8 -4 7 -7 -5 10 -6 -11 -13 -3
right_child=1 2 5 4 9 6 -8 -9 -10 11 -12 12 -14 -15
leaf_value=-0.016352214073681818 0.013128046931757852 -0.028126766470889387 0.017834145374195816 0.0057383371768068006 -0.020096246735239007 0.006860753822269805 0.012368930307118406 -0.024014685399310204 -0.023838797441066765 0.018329001198683977 0.014144693694541152 0.011118107455235143 -0.011209823902543799 -0.00061209887631077865
leaf_weight=2.1600422202609471 5.1927241301164022 3.5001590864267191 4.9821584764868021 1.6460286309011283 1.4862966341897839 1.6246485840529201 3.5784485675394535 2.638434336986391 2.1451591872610214 6.4731532107107315 0.76212066411972035 2.1662924923002729 2.0532805973198265 1.3139596441760657
leaf_count=57 23 81 21 13 30 14 13 34 38 30 2 13 26 9
internal_value=0.00113991 0.00247452 0.000539308 -0.00332083 0.00299556 0.00679619 -0.00144073 -0.0131803 -0.0124798 0.00809914 -0.00770855 0.0117981 0.000187073 -0.0220139
internal_weight=41.7229 39.5629 34.3701 21.5465 16.7323 12.8237 7.84153 4.26308 3.79119 12.9411 2.24842 10.6927 4.21957 4.81412
internal_count=404 347 324 242 152 82 61 48 51 101 32 69 39 90
is_linear=0
shrinkage=0.03


Tree=203
num_leaves=15
num_cat=0
split_feature=11 20 17 0 5 14 3 19 7 10 7 7 3 16
split_gain=1.3042 2.27929 2.1846 1.8828 0.955622 0.944056 0.845939 2.01574 1.06348 1.20226 0.957535 0.808102 0.703506 0.499317
threshold=3705.0000000000005 -0.5 47.650000000000006 21.950000000000003 3.5000000000000004 7.3000000000000016 19.000000000000004 -0.37940952255126009 3.4500000000000006 -6.3499999999999988 3.5500000000000003 12.250000000000002 69.000000000000014 16.348687580225405
decision_type=2 2 10 2 2 2 2 2 2 2 2 2 2 8
left_child=-1 6 12 5 -5 -4 8 -8 9 -2 -9 -7 -3 -10
right_child=1 2 3 4 -6 11 7 10 13 -11 -12 -13 -14 -15
leaf_value=0.015189178567069885 0.013849013661882932 -0.025936128006832638 0.009537836369856131 0.017602559412165538 -0.0037583867312040464 -0.025147922444623876 -0.023003983518830165 0.021009045944422426 0.019990593596279707 -0.018641718467162428 -0.0034972586973423102 0.0025160260329356171 -0.00098144415344892321 0.0027707802202741037
leaf_weight=5.3618579022586337 0.93006920814514193 4.2524175087455687 0.73840530309825947 4.2228738008998334 2.479369193315506 2.6365494497586046 1.5702922679483888 1.9183755926787842 6.9258471224456999 1.26433581998572 2.3475829707458615 1.0578438304364679 1.3611058462411163 2.3171228161081681
leaf_count=33 3 111 4 26 15 53 15 7 40 26 21 8 6 14
internal_value=0.00272093 0.000378355 -0.00728955 0.000755307 0.0102385 -0.0128283 0.00780523 -0.00139287 0.0122334 -0.00484646 0.00941992 -0.0183781 -0.0209487 0.0163657
internal_weight=39.384 34.0222 16.7486 11.135 6.70224 4.4328 17.2736 5.83625 11.4374 2.19441 4.26596 3.69439 5.61352 9.24297
internal_count=382 349 223 106 41 65 126 43 83 29 28 61 117 54
is_linear=0
shrinkage=0.03


Tree=204
num_leaves=15
num_cat=0
split_feature=15 19 20 6 4 10 6 7 23 18 10 0 17 18
split_gain=1.04806 1.9389 1.22899 1.32416 1.03352 0.967244 0.729569 1.03568 1.23159 1.13766 1.20895 0.912544 1.48205 0.726591
threshold=43.500000000000007 -0.78656609248549325 1.0000000180025095e-35 16250.000000000002 1.0000000180025095e-35 -4.7499999999999991 26100.000000000004 11.200000000000001 1.0000000180025095e-35 0.25881904510252091 -6.4499999999999993 25.350000000000005 58.100000000000009 -0.78656609248549292
decision_type=2 2 2 2 2 2 2 2 2 2 2 2 10 2
left_child=1 5 3 -3 13 -1 7 8 9 10 -2 12 -10 -5
right_child=6 2 -4 4 -6 -7 -8 -9 11 -11 -12 -13 -14 -15
leaf_value=-0.0088397053154241397 -0.020222104373404208 -0.021136615004735845 -0.023310522753149092 0.0067130562341098854 0.019597195716893764 0.01865527914017389 -0.010874658718851696 0.015388360134131166 -0.019316560837027156 -0.019873712146151849 0.0058735123759307648 0.021572045278467723 0.011275400065576244 -0.017158713535158517
leaf_weight=0.96302405931055579 0.96276456117630527 1.3105564075522105 3.8689723899587989 1.6175861712545154 1.6726371059194205 2.7359131192788473 1.6050378493964661 6.563359383493661 1.1437205604743201 2.1200686008669427 7.6436282219365275 2.8184872716665268 3.2648096717894077 1.1640625251457097
leaf_count=16 7 26 101 8 7 15 20 33 18 36 45 10 18 38
internal_value=0.00121127 -0.00538473 -0.01218 -0.00236837 0.00601649 0.0111391 0.00465231 0.00605515 0.00201127 -0.00434318 0.00115311 0.0108242 0.00123474 -0.00517249
internal_weight=39.4546 13.3328 9.63381 5.76484 4.45429 3.69894 26.1219 24.5168 17.9535 10.7265 8.60639 7.22702 4.40853 2.78165
internal_count=398 211 180 79 53 31 187 167 134 88 52 46 36 46
is_linear=0
shrinkage=0.03


Tree=205
num_leaves=15
num_cat=0
split_feature=13 3 19 19 13 17 0 15 21 15 0 13 1 7
split_gain=1.13059 1.18379 2.47936 2.10585 1.5019 1.30584 1.13743 0.906109 0.744992 0.949547 0.924998 0.748553 0.741637 0.720012
threshold=2885.0000000000005 47.000000000000007 0.25881904510252057 0.25881904510252057 55.000000000000007 76.000000000000014 27.450000000000003 99.500000000000014 -0.5 60.000000000000007 22.450000000000003 1.0000000180025095e-35 84.500000000000014 5.1500000000000012
decision_type=2 2 2 2 2 10 2 2 2 2 2 2 2 2
left_child=1 2 8 5 -4 -3 -2 -5 -1 10 11 -10 13 -8
right_child=6 3 4 7 -6 -7 12 -9 9 -11 -12 -13 -14 -15
leaf_value=-0.0080839782919879515 -0.024838074607975373 -0.020974865362434363 0.0032878403932055157 0.00064483338967182447 -0.018694807098226851 0.008897494548079499 0.0088917511720745107 0.02298680922827943 0.0093996644706911929 -0.0083102518399968961 0.020141765567504678 -0.015372555410676716 0.013721926394200437 -0.018584024022958449
leaf_weight=1.3718309575924639 1.7411633078008879 1.7643281659111374 4.0472486675716919 2.1668019816279394 6.4887364262249321 1.7134851291775701 0.64598793070763383 6.4657066948711872 1.7743718926794847 1.2593136709183443 6.3154156282544136 0.81764825107529748 1.2904052156955002 1.2019440801814196
leaf_count=47 21 19 54 12 104 9 4 27 18 13 27 18 5 22
internal_value=0.00152258 0.00352262 -0.000687925 0.0106646 -0.0106975 -0.00755686 -0.0107053 0.018028 0.00857612 0.0113467 0.0146841 -0.000518854 0.00124289 -0.0092296
internal_weight=39.0644 34.1849 22.0746 12.1103 10.536 3.47781 4.8795 8.63251 11.5386 10.1667 8.90744 2.59202 3.13834 1.84793
internal_count=400 348 281 67 158 28 52 39 123 76 63 36 31 26
is_linear=0
shrinkage=0.03


Tree=206
num_leaves=15
num_cat=0
split_feature=9 24 13 11 11 11 13 9 16 17 21 16 15 0
split_gain=0.980343 1.06965 1.06716 1.56921 1.24157 1.58588 1.47606 1.03423 0.991774 2.19181 0.912292 0.740864 0.619615 1.33451
threshold=3055.0000000000005 1.0000000180025095e-35 2480.0000000000005 4545.0000000000009 4135.0000000000009 3705.0000000000005 1880.0000000000002 1550.0000000000002 17.664095471063163 13.250000000000002 -0.24999999999999994 10.825765284655107 48.500000000000007 25.250000000000004
decision_type=2 2 2 2 2 2 2 2 10 10 2 10 2 2
left_child=1 2 3 4 5 -1 -7 -3 9 -5 -6 -2 13 -4
right_child=11 7 12 8 10 6 -8 -9 -10 -11 -12 -13 -14 -15
leaf_value=0.011816893025347193 0.0048198126373912228 -0.024134036612891707 0.01751914701026247 0.011279008766683779 -0.0042653213528535362 -0.018474661237446718 0.013609221706607402 0.0049800763781345896 0.0054901434966778519 -0.026615665118055066 0.01847400538896684 -0.021958021383066986 0.020944707892454006 -0.016768283080600119
leaf_weight=4.3254705453291589 1.0822269506752484 1.1442785235121837 1.1326273530721658 1.3823968609794963 1.5092082263436157 3.838579127099365 0.94714119285345066 1.6846420280635357 2.8026868691667914 3.0939956170041114 8.5098723061382753 1.237435392104089 5.3607512637972832 0.96588066173717368
leaf_count=31 10 12 5 10 22 72 4 9 27 65 53 11 22 22
internal_value=0.00409706 0.0053862 0.0069239 0.00378722 0.00819767 3.80585e-06 -0.0108702 -0.0100238 -0.00739406 -0.0149904 0.0149725 -0.0117764 0.0162687 0.00141919
internal_weight=39.0172 36.6975 33.8686 26.4094 19.1303 9.11119 4.78572 2.82892 7.27908 4.47639 10.0191 2.31966 7.45926 2.09851
internal_count=375 354 333 284 182 107 76 21 102 75 75 21 49 27
is_linear=0
shrinkage=0.03


Tree=207
num_leaves=15
num_cat=0
split_feature=1 5 11 11 10 0 18 14 7 11 15 19 11 19
split_gain=0.984953 1.5559 0.962747 1.12633 1.50666 0.957718 0.899309 0.756551 0.806634 0.732552 1.26603 1.07738 1.05685 0.923595
threshold=89.500000000000014 66.500000000000014 4135.0000000000009 3705.0000000000005 -4.0499999999999989 25.850000000000005 -0.37940952255126054 17.600000000000005 12.250000000000002 4805.0000000000009 63.500000000000007 0.9159756150367534 4185.0000000000009 0.98296291314453432
decision_type=2 2 2 2 2 2 2 2 2 2 2 2 2 2
left_child=2 -2 3 6 -5 7 -1 -4 -9 11 13 12 -7 -11
right_child=1 -3 5 4 -6 9 -8 8 -10 10 -12 -13 -14 -15
leaf_value=-0.006807413656796657 -0.022788317683841305 0.0086462755843730397 0.01724224509332278 0.011037250285337374 -0.017876925670599678 0.011587148988798741 0.017170579805988441 -0.015708389690612577 0.0097359471621092913 -0.018256045194360294 0.018943462681798189 0.0074063585078685502 -0.02021841895649177 0.010828277235599102
leaf_weight=1.5637248810380695 1.931905597681179 1.9730580402538178 11.359009639010766 1.5563748786225913 4.2463681027293205 0.52041757106780862 2.7438585814088565 0.83152044704183881 1.892086789011955 1.2646259288303556 3.524360490962863 3.2337546981871128 2.9256349955685437 0.86729544587433327
leaf_count=14 37 12 97 12 66 1 15 17 13 30 13 12 47 4
internal_value=0.00450892 -0.00838076 0.00607342 -0.00168687 -0.00963929 0.00899647 0.00882358 0.014088 -0.000164634 0.00256353 0.00970264 -0.00395793 -0.0138894 -0.00674459
internal_weight=40.434 3.90496 36.529 10.1103 5.80274 26.4187 4.30758 14.0826 2.72361 12.3361 5.65628 6.67981 3.44605 2.13192
internal_count=390 49 341 107 78 234 29 127 30 107 47 60 48 34
is_linear=0
shrinkage=0.03


Tree=208
num_leaves=15
num_cat=0
split_feature=8 15 5 18 8 3 20 18 7 17 17 7 8 7
split_gain=1.33544 0.849642 0.801648 1.02028 1.01851 1.49086 1.79048 1.11889 0.944258 0.915736 1.12843 0.792368 0.773516 1.11971
threshold=4.4000000000000012 99.500000000000014 53.500000000000007 -0.37940952255126054 9.4000000000000021 51.500000000000007 -0.5 0.37940952255126054 5.8500000000000005 63.20000000000001 8.6000000000000032 11.200000000000001 10.800000000000002 9.8500000000000032
decision_type=2 2 2 2 2 2 2 2 2 10 8 2 2 2
left_child=1 -1 4 -4 7 6 12 9 -9 10 -2 -7 -6 -14
right_child=2 -3 3 -5 5 11 -8 8 -10 -11 -12 -13 13 -15
leaf_value=-0.02677437482901765 0.017176586897653192 0.0063143557699951447 -0.0033432808228758652 0.016037169765233644 -0.014888504504443584 -0.0054039905945578934 -0.022274197776010668 -0.0192752021620121 0.010939654976056217 0.021283221233762924 -0.006475425796147247 0.015104078157624471 0.018350469731026386 -0.0097444978358407919
leaf_weight=1.1533610858023156 1.9712526183575407 0.56180673837661732 2.9821507073938847 7.6893041995353979 0.72923255246132246 2.1075750598683944 4.6049235424725357 1.4537359068635844 0.68981391191482533 3.9186389604583383 3.7607758943922818 3.3577497825026512 2.4084514630958442 1.2516025556251404
leaf_count=28 6 5 18 39 10 17 123 39 3 17 42 17 16 17
internal_value=0.00285994 -0.0176023 0.00424947 0.0107989 0.00128877 -0.0039431 -0.0110049 0.00750981 -0.00916489 0.0117263 0.00300176 0.00758299 0.00275737 0.00871362
internal_weight=38.6404 1.71517 36.9252 10.6715 26.2538 14.4595 8.99421 11.7942 2.14355 9.65067 5.73203 5.46532 4.38929 3.66005
internal_count=397 33 364 57 307 200 166 107 42 65 48 34 43 33
is_linear=0
shrinkage=0.03


Tree=209
num_leaves=15
num_cat=0
split_feature=14 13 1 4 11 11 11 14 9 13 13 11 16 5
split_gain=1.02871 1.31698 1.17614 0.986166 0.85685 2.44689 0.943896 1.30348 2.29647 0.964661 0.638692 1.02758 0.893209 0.624891
threshold=9.2000000000000011 1.0000000180025095e-35 57.500000000000007 10.500000000000002 4715.0000000000009 4565.0000000000009 4135.0000000000009 27.100000000000005 715.00000000000011 275.00000000000006 2480.0000000000005 4735.0000000000009 7.8941469653973551 34.500000000000007
decision_type=2 2 2 2 2 2 2 2 2 2 2 2 10 2
left_child=1 -1 -2 4 5 6 7 8 -4 -8 11 -6 -13 -11
right_child=2 -3 3 -5 10 -7 9 -9 -10 13 -12 12 -14 -15
leaf_value=0.0088170455998851944 -0.016819174776401335 -0.01622947678048613 -0.022213736786554361 0.014246766546818317 0.016911651004338068 -0.024967078465078396 0.017669319749890545 0.016031866616803225 0.013877326219780611 -0.015956003280286506 0.015819016796932966 0.010927302957943648 -0.0174536020611985 0.0095244817638801722
leaf_weight=2.3335827314294866 1.0259535610675801 3.707846209872514 3.5077405567280966 10.726948956958948 1.1196690271608516 2.1304274561116463 4.7934600648004562 1.3429211899638174 1.622825482394546 0.94808822800405301 5.5068659111857414 0.68453534599393639 2.0258657142985612 0.68252161424607038
leaf_count=19 23 60 58 64 6 34 29 7 12 22 27 4 40 6
internal_value=0.00401613 -0.0066767 0.00593641 0.00704927 0.00344374 -0.00106216 0.00439886 -0.00350232 -0.0103964 0.0117601 0.0100972 0.000298603 -0.00927254 -0.00572436
internal_weight=42.1593 6.04143 36.1178 35.0919 24.3649 15.028 12.8976 6.47349 5.13057 6.42407 9.33694 3.83007 2.7104 1.63061
internal_count=411 79 332 309 245 168 134 77 70 57 77 50 44 28
is_linear=0
shrinkage=0.03


Tree=210
num_leaves=15
num_cat=0
split_feature=6 19 7 8 1 6 16 21 8 16 16 13 0 17
split_gain=1.20154 1.17797 1.16106 1.00933 0.81025 1.31353 1.70282 1.6063 2.6371 1.54587 1.07126 0.765239 0.785 0.776133
threshold=22050.000000000004 -0.9159756150367534 14.650000000000002 4.0000000000000009 77.500000000000014 17750.000000000004 25.399212195245514 -0.24999999999999994 5.1500000000000012 7.9630066450348229 20.352246203771006 15.000000000000002 21.750000000000004 82.700000000000003
decision_type=2 2 2 2 2 2 10 2 2 10 10 2 2 10
left_child=3 -2 11 -1 -5 7 -7 9 -9 -6 -10 12 -3 -13
right_child=1 2 -4 4 5 6 -8 8 10 -11 -12 13 -14 -15
leaf_value=-0.016262103067276309 0.016635073423218016 -0.015808079500428937 0.0083949165988575405 0.014419631584993929 -0.015502589229528883 -0.025608592065085922 0.013306615241808147 0.016970367755141803 -0.022306319054472345 0.017221941267196002 0.0027048712773899016 -0.027230042294716206 0.0088286869338131714 4.7450431010926217e-05
leaf_weight=0.94389720167964952 0.82859684340655704 0.97762336628511404 1.7874524928629396 7.2143585437443134 0.70248686289415552 1.8800770074594759 0.79868593998253334 2.7958870138972962 3.6820857464335859 9.2476053100544942 2.0037331157363951 3.3708509113639593 1.8488932466134427 1.1911615021526811
leaf_count=19 2 32 10 54 11 34 4 12 52 70 17 68 10 12
internal_value=0.00208582 -0.00647055 -0.0099867 0.00512768 0.00637071 0.00309231 -0.0135427 0.00608245 -0.00336414 0.0137068 -0.0144059 -0.0149043 -0.00159687 -0.0213798
internal_weight=39.2734 10.0046 9.17598 29.2688 28.3249 21.1106 2.67876 18.4318 8.48171 9.95009 5.68582 7.38853 2.82652 4.56201
internal_count=407 134 132 273 254 200 38 162 81 81 69 122 42 80
is_linear=0
shrinkage=0.03


Tree=211
num_leaves=15
num_cat=0
split_feature=11 0 17 7 11 16 1 11 1 17 21 9 8 8
split_gain=0.777489 1.37402 0.634912 0.971833 0.901985 0.710434 0.977492 1.10274 0.676998 0.85717 0.613289 0.58454 0.553326 2.16416
threshold=3705.0000000000005 16.750000000000004 76.000000000000014 4.4500000000000011 4155.0000000000009 18.737220493640653 89.500000000000014 4625.0000000000009 75.500000000000014 43.050000000000004 -0.68301270189221952 1435.0000000000002 8.3000000000000025 11.200000000000001
decision_type=2 2 10 2 2 8 2 2 2 10 2 2 2 2
left_child=-1 -2 5 -4 -5 6 10 -8 -7 -10 -3 -11 -12 -14
right_child=1 2 3 4 -6 8 7 -9 9 11 12 -13 13 -15
leaf_value=0.013435038986063954 -0.020224919234150013 -0.0043847253422029395 0.022250603443877141 -0.013474170727169697 0.010621870262428647 -0.020478406924076788 0.0071955684264031075 -0.022742626168413264 -0.012571493218504277 -0.0038130144169646043 0.015404985677525428 0.01646739310345445 -0.020815913180070575 0.011623984227450725
leaf_weight=4.9603266566991797 1.4316161822061975 3.0148090803995773 2.5448013953864566 1.4696685224771502 2.2227526865899563 1.2747643783222873 1.353436661884188 1.4431401169858871 2.2848639320582151 1.8257631417363884 6.1222509131766891 1.7443770132958887 1.5540379346348343 5.8337210873141885
leaf_count=35 35 55 9 17 16 21 12 22 18 15 40 8 25 60
internal_value=0.00341867 0.00162142 0.00315015 0.0110303 0.000203504 0.000957866 0.00392471 -0.0101747 -0.00657597 -0.00100329 0.00675526 0.00753107 0.00937205 0.003132
internal_weight=39.0803 34.12 32.6884 6.23722 3.69242 26.4512 19.3214 2.79658 7.12977 5.855 16.5248 3.57014 13.51 7.38776
internal_count=388 353 318 42 33 276 214 34 62 41 180 23 125 85
is_linear=0
shrinkage=0.03


Tree=212
num_leaves=15
num_cat=0
split_feature=4 11 11 9 7 18 14 18 5 6 14 3 13 8
split_gain=0.970685 1.65641 1.86131 1.47895 0.965446 0.942205 1.71011 1.14612 0.971236 1.25982 0.544771 1.44103 0.601191 0.455413
threshold=1.0000000180025095e-35 4285.0000000000009 3760.0000000000005 2655.0000000000005 14.350000000000003 -0.37940952255126054 18.600000000000005 1.0000000180025095e-35 66.500000000000014 18900.000000000004 13.300000000000002 28.500000000000004 15.000000000000002 7.7000000000000002
decision_type=2 2 2 2 2 2 2 2 2 2 2 2 2 2
left_child=1 2 4 10 -1 6 -2 -7 9 -9 13 12 -12 -3
right_child=5 3 -4 -5 -6 7 -8 8 -10 -11 11 -13 -14 -15
leaf_value=-0.0085503109942990287 -0.019506935800658532 0.00014828217511865299 -0.024369549628484425 -0.019557609659152913 0.017835134689836569 0.019927015809722719 0.013494716634859696 -0.021654679258482912 0.010341316438596652 0.012093870963492483 0.0053749233389348552 0.011218870432829214 -0.021528963153650139 0.015938738858150753
leaf_weight=1.8583312379196315 2.0740550626069303 2.2680605165660364 4.1554836833383888 1.2224674155004311 1.2712087258696554 5.466782935895024 1.6813171356916425 1.7037740605883303 3.6476712618023157 0.77819269895553578 0.56713103782385621 3.2555965771898627 1.7138973096152765 5.1593804727308452
leaf_count=25 21 39 83 21 6 19 8 31 20 4 8 22 50 37
internal_value=0.00157209 -0.00252048 -0.013225 0.00348532 0.00389092 0.00710019 -0.00500103 0.0111049 0.00154551 -0.0106389 0.00690316 -0.000345928 -0.0152404 0.0117067
internal_weight=36.8234 21.4716 7.28502 14.1865 3.12954 15.3518 3.75537 11.5964 6.12964 2.48197 12.9641 5.53662 2.28103 7.42744
internal_count=394 291 114 177 31 103 29 74 55 35 156 80 58 76
is_linear=0
shrinkage=0.03


Tree=213
num_leaves=15
num_cat=0
split_feature=4 4 7 10 0 19 10 5 9 3 19 3 0 0
split_gain=1.18758 1.17316 2.4183 0.781851 0.89334 1.25677 1.70218 0.901599 0.835791 0.816973 0.780336 0.622629 0.614454 0.277141
threshold=85.500000000000014 2.5000000000000004 12.250000000000002 -6.3499999999999988 25.850000000000005 0.1294095225512602 1.3500000000000003 49.500000000000007 3055.0000000000005 51.500000000000007 0.78656609248549303 94.000000000000014 20.250000000000004 23.850000000000005
decision_type=2 2 2 2 2 2 2 2 2 2 2 2 2 2
left_child=1 3 -3 8 5 7 -7 13 -1 -6 -2 12 -8 -5
right_child=10 2 -4 4 9 6 11 -9 -10 -11 -12 -13 -14 -15
leaf_value=0.021163893413495331 -0.00058458760669914526 -0.024486552069752865 0.013527941805678366 0.0067110426194628443 -0.021734961983954731 -0.021619836389945159 -0.01487236715629015 -0.0086952531009456928 -0.0025985672419805614 0.0056551151847604314 0.019514545231982029 0.0133025997573688 0.0042433844553382491 0.019181223543565801
leaf_weight=2.8015274051576915 2.4148477017879477 3.1720256796106687 1.5630905441939829 5.1031206985935622 1.7414083438925438 2.5282506085932237 1.3879711527843026 1.2933397125452746 1.7458389727398751 0.9974355362355708 4.7258932143449783 2.428579818457365 3.2965516182594001 3.6657340486999601
leaf_count=15 15 47 8 68 42 51 40 10 15 6 15 11 26 27
internal_value=0.00325708 0.000614321 -0.011767 0.00312932 0.00060868 0.00302159 -0.00450639 0.00999003 0.0132171 -0.0129154 0.0134806 0.00349141 -0.00304034 0.0133539
internal_weight=38.8656 31.7249 4.73512 26.9898 22.4424 19.7035 9.64135 10.0622 4.54737 2.73884 7.14074 7.1131 4.68452 8.76885
internal_count=396 366 55 311 281 233 128 105 30 48 30 77 66 95
is_linear=0
shrinkage=0.03


Tree=214
num_leaves=15
num_cat=0
split_feature=12 14 16 26 16 17 13 10 9 17 14 0 16 1
split_gain=1.65541 1.541 1.39861 1.20209 1.37229 1.16939 0.887088 0.835242 1.23902 0.821521 0.653252 0.512384 0.963828 0.613612
threshold=1.0000000180025095e-35 11.600000000000001 10.457237731623964 1.0000000180025095e-35 25.399212195245514 59.550000000000004 1390.0000000000002 -0.74999999999999989 2935.0000000000005 8.1500000000000004 10.600000000000001 25.550000000000004 17.240873217518793 76.500000000000014
decision_type=2 2 10 2 10 10 2 2 2 10 2 2 10 2
left_child=1 9 -3 6 5 7 -4 8 -5 -1 -2 12 -11 -14
right_child=10 2 3 4 -6 -7 -8 -9 -10 11 -12 -13 13 -15
leaf_value=-0.013470154248795047 -0.00071837704673185989 -0.027411653219674526 -0.0043364296971101658 -0.022219055727323137 0.0083592272141419493 -0.023346523342429568 0.01869578434647463 0.0098691403901921861 0.0081850524103115607 -0.011598909709011935 0.021131673882302592 0.016594255070675985 -0.0035584904154714022 0.01721505297539002
leaf_weight=0.63579067634418862 1.53722684085369 1.3858207762241388 2.1101593077182814 1.946224887389693 2.9797494527883837 3.9546681018546224 2.4726677946746349 2.0410001049749469 1.3516110610216854 1.7434811629354934 4.1175194191746414 4.6917213597334921 1.5102595505304632 2.6895767780952156
leaf_count=9 8 38 15 50 23 64 12 30 6 43 25 31 16 15
internal_value=0.00245872 -0.000570032 -0.0058503 -0.00264177 -0.00742914 -0.0128116 0.00921348 -0.00255602 -0.0107529 0.00775642 0.0159764 0.0100741 0.00327828 0.0104972
internal_weight=35.1675 29.5127 18.2419 16.8561 12.2733 9.2935 4.58283 5.33884 3.29784 11.2708 5.65475 10.635 5.94332 4.19984
internal_count=385 352 238 200 173 150 27 86 56 114 33 105 74 31
is_linear=0
shrinkage=0.03


Tree=215
num_leaves=15
num_cat=0
split_feature=5 13 5 19 13 14 15 4 14 16 10 19 7 4
split_gain=1.00133 1.20593 0.955279 0.85385 1.30815 1.58067 1.61289 0.730897 0.693714 1.52396 0.596668 0.577435 0.413947 0.399754
threshold=53.500000000000007 1615.0000000000002 12.500000000000002 0.25881904510252057 2480.0000000000005 25.950000000000003 4.5000000000000009 2.5000000000000004 19.900000000000002 13.016399657948948 -0.74999999999999989 0.98296291314453432 5.3500000000000005 1.0000000180025095e-35
decision_type=2 2 2 2 2 2 2 2 2 10 2 2 2 2
left_child=2 8 3 7 5 6 13 -1 9 -2 -9 -8 -3 -5
right_child=1 12 -4 4 -6 -7 11 10 -10 -11 -12 -13 -14 -15
leaf_value=0.01025767593623518 0.010971458103201414 0.024657260379320596 -0.015425744145448001 -0.0044362420158078793 0.011462413453878018 0.012352217979562867 -0.02721170544306753 -0.017246884253320743 0.010356102545355485 -0.021416716630875535 0.0074282534820604446 -0.00026048104831511007 0.0076612496700645327 0.014148704153360548
leaf_weight=11.743196442257618 1.5525581855326875 3.633596258237958 1.9253542274236668 1.6019815711770191 3.121854225639253 1.7322307289578018 3.9569780463352799 0.97657790500670671 2.4535733181983232 1.8755595097318289 0.81972297281026729 0.8588921409100293 3.5973146185278893 0.85253584850579489
leaf_count=126 6 14 35 30 22 12 78 14 12 20 6 8 19 4
internal_value=0.00424363 0.0107463 0.000885254 0.00264156 -0.00302554 -0.00869322 -0.0145947 0.00757544 0.000317626 -0.0075833 -0.00735702 -0.0232763 0.01816 0.00424602
internal_weight=40.7019 13.1126 27.5893 25.664 12.1245 9.00262 7.27039 13.5395 5.88169 3.42812 1.7963 4.81587 7.23091 2.45452
internal_count=406 71 335 300 154 132 120 146 38 26 20 86 33 34
is_linear=0
shrinkage=0.03


Tree=216
num_leaves=15
num_cat=0
split_feature=10 8 21 6 16 17 16 11 12 11 11 11 16 21
split_gain=1.65485 1.172 1.48265 0.852955 0.784047 0.957526 0.853371 0.950736 0.829909 0.796788 2.00271 0.523091 0.684204 0.749059
threshold=8.7500000000000018 5.0000000000000009 -0.24999999999999994 14250.000000000002 7.9630066450348229 14.950000000000001 12.471923904879315 5055.0000000000009 1.0000000180025095e-35 3845.0000000000005 4135.0000000000009 4875.0000000000009 15.305490576995959 -0.24999999999999994
decision_type=2 2 2 2 10 10 10 2 2 2 2 2 10 2
left_child=1 2 -1 -2 -3 -6 7 8 -7 -8 -11 12 -12 -14
right_child=3 4 -4 -5 5 6 9 -9 -10 10 11 -13 13 -15
leaf_value=-0.030079571770260573 0.0065208751708565301 -0.015059209932374687 0.005602622464158543 -0.027505083143038647 0.018692869279309701 -0.022886064702093929 0.015992290847035715 0.010758849454429058 0.0064669183193960108 -0.019173904455150798 -0.00509651690003168 -0.0065812085141968239 -7.7788136595496654e-05 0.016472839343907433
leaf_weight=1.0390414041467013 0.46104127541184325 0.69654564280063169 1.6263231518678356 1.4860371833201496 3.8009186387062099 2.0684773616958445 4.5862146932631758 0.9749855613335966 0.6992310807108878 2.186492447974163 2.0536001161672166 1.5367808486334968 3.4363505505025458 7.5893603034783066
leaf_count=17 3 15 19 39 26 51 29 5 5 40 35 24 32 42
internal_value=0.0016419 0.00350553 -0.0127188 -0.0199694 0.00533265 0.00631029 0.00379386 -0.0080098 -0.0157222 0.00612481 0.00268448 0.00697282 0.00891971 0.011737
internal_weight=34.2414 32.2943 2.66536 1.94708 29.629 28.9324 25.1315 3.74269 2.76771 21.3888 16.8026 14.6161 13.0793 11.0257
internal_count=382 340 36 42 304 289 263 61 56 202 173 133 109 74
is_linear=0
shrinkage=0.03


Tree=217
num_leaves=15
num_cat=0
split_feature=9 17 8 14 9 3 8 18 7 7 18 5 0 11
split_gain=1.30861 2.69456 1.25367 1.06017 1.10091 1.28359 0.961785 0.801312 0.705434 1.03336 0.636089 0.596036 0.512249 0.852747
threshold=205.00000000000003 79.65000000000002 25.100000000000005 9.4000000000000021 1275.0000000000002 15.500000000000002 19.600000000000005 0.78656609248549325 4.4500000000000011 8.9500000000000011 -0.9159756150367534 1.5000000000000002 26.250000000000004 4715.0000000000009
decision_type=2 10 2 2 2 2 2 2 2 2 2 2 2 2
left_child=1 2 10 4 -2 -6 7 12 -3 -10 -1 -11 -5 -14
right_child=3 8 -4 6 5 -7 -8 -9 9 11 -12 -13 13 -15
leaf_value=0.0013088609962587103 0.0092139748086996747 0.016635485395952023 0.0083067480898037886 0.018835243115203983 0.0042948992399373161 -0.030040479151050143 -0.011291445141090629 -0.0049506694517533435 -0.018025313371685732 -0.0044454113573058063 -0.028247599107275746 0.014802903541109575 -0.0056235031328396249 0.01330712100463928
leaf_weight=0.65525962878018607 1.9272589492611611 2.5352167543023825 0.76156343519687641 7.9780386455822789 1.3560887421481314 1.2362736477516589 1.0311893976759154 1.8505269403103728 1.1390060202684251 1.9554728139191864 3.9993197415024024 2.2624084465205669 2.6589036341756582 4.8806611327454448
leaf_count=7 16 14 4 58 21 13 14 32 26 18 96 9 29 33
internal_value=0.00243469 -0.00482315 -0.0193916 0.00667452 -0.00545108 -0.0158836 0.00978051 0.0115782 0.00623122 -0.000535078 -0.0245911 0.00673738 0.0137297 0.0067543
internal_weight=36.2272 13.3082 5.41614 22.9189 4.51962 2.59236 18.3993 17.3681 7.8921 5.35689 4.65458 4.21788 15.5176 7.53956
internal_count=390 174 107 216 50 34 166 152 67 53 103 27 120 62
is_linear=0
shrinkage=0.03


Tree=218
num_leaves=15
num_cat=0
split_feature=16 21 15 3 4 5 5 17 15 11 11 15 11 3
split_gain=1.09431 0.788257 2.95524 0.765838 0.565062 0.481573 0.631699 1.88204 0.602596 0.558963 1.18083 1.15764 0.819363 1.76194
threshold=28.54711984885169 -0.68301270189221952 94.000000000000014 43.500000000000007 98.500000000000014 90.500000000000014 3.5000000000000004 11.65 42.500000000000007 4495.0000000000009 4685.0000000000009 48.500000000000007 4245.0000000000009 15.500000000000002
decision_type=8 2 2 2 2 2 2 10 2 2 2 2 2 2
left_child=1 2 3 -1 5 6 9 -8 -9 12 -11 -12 13 -3
right_child=-2 4 -4 -5 -6 -7 7 8 -10 10 11 -13 -14 -15
leaf_value=-0.028440446221075989 -0.014673283231053746 -0.012091797060528955 0.012840471200100777 0.0044265832900043231 -0.0051904744378628376 0.017813329267246405 0.014739156752107772 0.0013592597752708781 -0.023621973135630317 -0.017988183529258624 -0.0089408114013050013 0.015360007618534696 0.021074466017978449 0.015554743098645862
leaf_weight=2.23618389328476 1.5535204003099341 2.5374205498956268 3.7454616129398346 0.49224952980875958 2.1484650596976271 4.0613879542797795 2.3229005215689531 1.1176382643170657 1.7578667467460034 1.0759750590659667 1.8592078154906628 4.2736785328015685 5.1382014928385615 4.183339424431324
leaf_count=75 25 50 20 4 12 16 10 20 22 24 38 21 32 29
internal_value=0.00465447 0.00583232 -0.00327794 -0.0229139 0.00781022 0.0089396 0.00680818 -0.00214427 -0.016067 0.00923409 0.00220458 0.00777246 0.0130035 0.00490259
internal_weight=38.5035 36.95 6.4739 2.72843 30.4761 28.3276 24.2662 5.19841 2.87551 19.0678 7.20886 6.13289 11.859 6.72076
internal_count=398 373 99 79 274 262 246 52 42 194 83 59 111 79
is_linear=0
shrinkage=0.03


Tree=219
num_leaves=15
num_cat=0
split_feature=6 6 15 6 6 1 23 9 19 21 18 3 15 18
split_gain=1.20602 1.16786 1.70638 1.37327 0.831119 0.884795 1.47222 1.38107 1.13611 0.971286 1.07828 0.942471 0.876298 0.707457
threshold=31450.000000000004 29350.000000000004 20.500000000000004 25150.000000000004 13050.000000000002 87.500000000000014 1.0000000180025095e-35 1975.0000000000002 0.37940952255126043 0.25000000000000017 -0.70710678118654735 6.5000000000000009 99.500000000000014 -0.9159756150367534
decision_type=2 2 2 2 2 2 2 2 2 2 2 2 2 2
left_child=1 2 3 -1 -4 6 7 8 9 -6 -11 -9 -7 -2
right_child=13 -3 4 -5 5 12 -8 11 -10 10 -12 -13 -14 -15
leaf_value=-0.024615254371992384 0.0050893215005175059 0.019402049857300031 0.014834636208113964 0.0054962414752945821 -0.020305043934864136 -0.02283138229739624 0.01505843640448311 0.0043129950225410732 0.0099495631063876225 0.014943533358042058 -0.011806633342142769 -0.025254344785005822 0.0025497225867176184 -0.026639707623510225
leaf_weight=3.0627010421594596 0.49278532899916161 2.0172620848752549 3.402019883971664 1.5840527205727992 1.7735929251648537 1.6132027525454751 5.5651674261316648 1.0368726979941123 7.4508966079447418 1.8905159123241926 1.5874538775533413 2.1131279319524765 1.9658871381543577 1.2526672012172628
leaf_count=103 5 13 27 19 27 21 38 10 55 10 19 20 16 29
internal_value=7.83955e-05 0.00153558 -9.29328e-05 -0.0151949 0.00281093 0.000666836 0.0030974 -0.00174602 0.00294912 -0.00698586 0.00282391 -0.0168277 -0.011378 -0.0190909
internal_weight=36.8082 35.0628 33.0455 4.64675 28.3987 24.9967 21.4176 15.8525 12.7025 5.25156 3.47797 3.15 3.57909 1.74545
internal_count=412 378 365 122 243 216 179 141 111 56 29 30 37 34
is_linear=0
shrinkage=0.03


Tree=220
num_leaves=15
num_cat=0
split_feature=16 5 4 16 17 17 3 1 0 11 7 6 11 12
split_gain=0.83535 0.548692 0.903449 0.662032 1.29767 1.22718 0.955131 0.85393 0.835775 0.827612 0.795592 0.729347 0.679558 0.67167
threshold=28.54711984885169 87.500000000000014 53.000000000000007 9.4685810454955543 40.900000000000006 11.65 39.000000000000007 77.500000000000014 20.250000000000004 4865.0000000000009 3.5500000000000003 14550.000000000002 4505.0000000000009 12.950000000000001
decision_type=8 2 2 10 10 10 2 2 2 2 2 2 2 2
left_child=1 2 3 9 5 -5 7 8 -6 -1 -9 -8 -10 -7
right_child=-2 -3 -4 4 6 13 11 10 12 -11 -12 -13 -14 -15
leaf_value=-0.0060858618400258047 -0.012993377583387861 0.010253629281053379 -0.01353677223128682 0.011752693322924331 -0.010218225728369395 -0.020846111515557472 -0.0039569882300292082 0.0058791083106619329 0.014278302744869622 0.01958923134343497 -0.021542286664357854 0.019263676315670809 -0.0055325970693477057 0.0067686085773383592
leaf_weight=1.0112777054309905 1.6867625198792655 9.6495067533105594 2.0205479264259329 1.0026463908143366 1.6755384770222024 3.6974647880997509 1.1815290031954635 0.95624663517810349 5.0067145908251405 3.1960736736655235 1.5865062251687048 4.4425567667931318 1.4991677342914043 0.4586254134774207
leaf_count=28 25 45 18 8 36 93 13 14 27 20 30 26 22 2
internal_value=0.00337981 0.00443782 0.00212798 0.00381951 0.00142525 -0.0104753 0.00556786 3.25202e-05 0.00485759 0.0134344 -0.0124813 0.0145245 0.00958432 -0.0170771
internal_weight=39.0712 37.3844 27.7349 25.7143 21.507 5.15874 16.3483 10.7242 8.18142 4.20735 2.54275 5.62409 6.50588 4.15609
internal_count=407 382 337 319 271 103 168 129 85 48 44 39 49 95
is_linear=0
shrinkage=0.03


Tree=221
num_leaves=15
num_cat=0
split_feature=3 15 7 14 1 15 7 9 0 20 4 19 9 18
split_gain=0.703488 1.69628 1.28833 1.26099 0.827785 1.2185 2.05103 1.06415 1.39354 0.631769 0.573204 0.561177 0.542624 0.508741
threshold=3.5000000000000004 28.500000000000004 3.4500000000000006 14.500000000000002 74.500000000000014 54.500000000000007 11.200000000000001 1150.0000000000002 26.250000000000004 1.0000000180025095e-35 85.500000000000014 0.9159756150367534 15.000000000000002 1.0000000180025095e-35
decision_type=2 2 2 2 2 2 2 2 2 2 2 2 2 2
left_child=2 -2 -1 -4 9 13 7 -7 10 -3 -9 -5 -11 -6
right_child=1 4 3 11 5 6 -8 8 -10 12 -12 -13 -14 -15
leaf_value=-0.014891812195301017 -0.023318128563250204 0.0040431126266798787 0.014915319958474636 -0.016637922185308091 0.020107553185476506 -0.021777144544532584 0.016576402201955519 -0.0015030149885408392 -0.014535057699028757 8.7937579226492272e-05 0.019412128825933472 0.0045807276983144112 -0.023134454508727538 0.0014770065029338843
leaf_weight=1.2697170779574651 1.8424969534389699 1.851994290016594 9.4670606823638064 1.1255206093192094 3.6175852278247502 2.5708062273915839 3.0973417758941642 1.9057930782437325 2.7204771190881729 1.3497496005147698 1.6155337244272232 1.6845030589029191 1.7059271931648252 2.083325678948313
leaf_count=34 34 19 80 51 17 34 15 14 15 9 8 17 27 24
internal_value=0.0015934 -0.00146904 0.00682295 0.0100212 0.00123415 0.00429254 -0.00135667 -0.00870652 -0.00105937 -0.00860958 0.0102637 -0.00605436 -0.0153842 0.0145357
internal_weight=37.9078 24.361 13.5468 12.2771 22.5185 17.6109 11.91 8.81261 6.2418 4.90767 3.52133 2.81002 3.05568 5.70091
internal_count=398 216 182 148 182 127 86 71 37 55 22 68 36 41
is_linear=0
shrinkage=0.03


Tree=222
num_leaves=15
num_cat=0
split_feature=1 1 9 10 10 14 8 7 12 1 7 7 10 17
split_gain=1.478 0.702336 1.24419 1.12345 0.70383 1.44591 1.05748 0.663664 0.532234 0.75212 1.51502 1.48213 1.50541 0.728915
threshold=53.500000000000007 60.500000000000007 205.00000000000003 1.3500000000000003 3.6500000000000008 9.8000000000000025 21.100000000000005 8.7500000000000018 1.0000000180025095e-35 77.500000000000014 5.0500000000000007 3.4500000000000006 -6.5499999999999989 71.350000000000009
decision_type=2 2 2 2 2 2 2 2 2 2 2 2 2 10
left_child=-1 -2 3 -3 7 -6 -7 -5 9 -4 11 12 -11 -12
right_child=1 2 8 4 5 6 -8 -9 -10 10 13 -13 -14 -15
leaf_value=-0.024651971563071431 0.015885765093096967 -0.021097403126476642 0.0097818912729087989 -0.0065321495263506689 0.012021010626790528 -0.024672295408751443 0.006077826418663339 0.015222218114987187 0.012781756303550306 0.013267985063138296 -0.021583649313925111 0.016486624748061927 -0.023038336520174289 0.0061970379683370901
leaf_weight=0.73391083674505253 2.8794831880368283 2.1419593761675051 6.9348577789496693 1.2410748610272988 1.5928990342654286 2.4572080590296541 0.94841406494379032 2.6139183957129717 6.6238578930497161 0.89009592030197415 2.7531571087893103 3.7242424208670855 1.539941119030116 0.6141427308320998
leaf_count=16 25 39 58 23 15 47 7 14 37 4 59 23 30 4
internal_value=0.00256384 0.00373959 0.00228958 -0.0056855 -0.000194149 -0.00704938 -0.016673 0.00831573 0.00616724 0.00292514 -0.0025239 0.00621286 -0.00974866 -0.0162581
internal_weight=37.6892 36.9553 34.0758 10.9955 8.85351 4.99852 3.40562 3.85499 23.0803 16.4564 9.52158 6.15428 2.43004 3.3673
internal_count=401 385 360 145 106 69 54 37 215 178 120 57 34 63
is_linear=0
shrinkage=0.03


Tree=223
num_leaves=15
num_cat=0
split_feature=0 20 6 19 16 15 5 5 0 23 8 15 21 18
split_gain=0.899468 1.20109 0.457805 1.90736 0.941447 0.908233 0.934503 0.9555 1.15665 0.843596 0.804802 0.751168 0.644363 0.763732
threshold=28.150000000000002 -0.6830127018922193 22050.000000000004 0.25881904510252057 12.571569084311248 20.500000000000004 63.000000000000007 1.5000000000000002 26.850000000000005 1.0000000180025095e-35 7.5000000000000009 1.0000000180025095e-35 0.6830127018922193 -0.37940952255126054
decision_type=2 2 2 2 10 2 2 2 2 2 2 2 2 2
left_child=2 -2 5 4 -4 9 7 12 -9 -1 -5 -12 -7 -14
right_child=1 -3 3 10 -6 6 -8 8 -10 -11 11 -13 13 -15
leaf_value=-0.018962136842730251 0.0042278895985894717 -0.026172256874804175 -0.013071861529689546 0.0035388052479953724 0.014280356954930132 0.0098544352162112485 0.016442978477178852 -0.021932333714711011 0.0097284749389477797 0.0079235259117941097 0.003150015808674174 -0.025466878455803171 0.010600482020159851 -0.017324544702067995
leaf_weight=1.3877335153520134 2.0964221395552163 1.1188816940411914 0.55895266355946471 1.581940751057118 5.4296394130215049 11.107614046894016 7.907347102649509 1.5612775976769619 0.9955848455429076 1.1153870862908661 0.80868468619883094 2.6064981617964804 0.65256704017519962 1.1058410797268139
leaf_count=60 16 29 10 13 38 83 35 19 6 15 14 49 4 24
internal_value=0.00325578 -0.0100502 0.00465277 -0.000464949 0.0102222 0.00676532 0.00863335 0.00387192 -0.0103352 -0.00813994 -0.0128415 -0.019512 0.00723704 -0.00687524
internal_weight=40.0344 3.2153 36.8191 10.9857 5.98859 25.8334 23.3302 15.4229 2.55686 2.50312 4.99712 3.41518 12.866 1.75841
internal_count=415 45 370 124 48 246 171 136 25 75 76 63 111 28
is_linear=0
shrinkage=0.03


Tree=224
num_leaves=15
num_cat=0
split_feature=19 19 26 6 11 3 13 0 10 3 16 14 18 10
split_gain=0.711939 1.64992 0.836957 1.03614 0.691817 0.646972 0.59163 1.20569 1.19017 1.11415 1.08679 0.755411 0.705493 0.658278
threshold=-0.9829629131445341 -0.9159756150367534 1.0000000180025095e-35 26550.000000000004 4545.0000000000009 94.000000000000014 65.000000000000014 24.250000000000004 -4.1499999999999995 90.500000000000014 23.673967239943071 18.800000000000001 0.60355339059327384 5.2000000000000002
decision_type=2 2 2 2 2 2 2 2 2 2 10 2 2 2
left_child=-1 -2 4 6 -3 -5 13 8 -8 11 -10 12 -9 -4
right_child=1 2 3 5 -6 -7 7 9 10 -11 -12 -13 -14 -15
leaf_value=-0.015261211121872394 0.020885957673835324 0.014337720227354337 0.01702129118128334 -0.021838323136214591 -0.00098477550109461547 0.0068082891946750351 0.010002087416150308 0.013463897651428178 -0.026538415471226769 -0.017315619207671894 0.0039582301511499208 -0.010987445772118873 -0.0058494837968870528 -0.004136628541220131
leaf_weight=0.7656453256495287 3.7989191971719256 6.1430675573647004 2.718950870446867 2.0445109722204502 4.0247839596122503 0.41322896257042874 1.0150034623220561 7.8507036615628696 2.8919110613642287 0.96288991719484407 1.1210652962327001 0.95051156450063068 1.50328783551231 1.5475501373875884
leaf_count=13 24 34 21 60 23 3 9 66 56 7 10 14 29 33
internal_value=0.00363893 0.00442163 0.00198119 -0.00123796 0.00872746 -0.0164458 0.00125824 -0.00148207 -0.0123981 0.00400266 -0.0189288 0.00735025 0.0100949 0.0100186
internal_weight=37.752 36.9864 33.1875 23.0196 10.1679 2.45774 20.5619 16.2954 5.02798 11.2674 4.01298 10.3045 9.35399 4.2665
internal_count=402 389 365 308 57 63 245 191 75 116 66 109 95 54
is_linear=0
shrinkage=0.03


Tree=225
num_leaves=15
num_cat=0
split_feature=19 4 0 6 9 13 13 7 7 10 16 0 18 9
split_gain=1.35439 1.64917 1.30198 1.15739 1.10486 1.63627 1.25654 1.06414 0.917655 0.802461 1.35863 0.540886 0.402735 0.334089
threshold=0.9159756150367534 10.500000000000002 26.250000000000004 15450.000000000002 95.000000000000014 1.0000000180025095e-35 275.00000000000006 2.3500000000000001 12.250000000000002 -4.0499999999999989 19.795777450869423 16.750000000000004 1.0000000180025095e-35 1625.0000000000002
decision_type=2 2 2 2 2 2 2 2 2 2 10 2 2 2
left_child=2 -2 4 -4 5 11 -6 -8 -5 13 -11 12 -1 -9
right_child=1 -3 3 8 6 -7 7 9 -10 10 -12 -13 -14 -15
leaf_value=0.0077634741778871445 -0.0016798012556326284 0.023218337079709678 0.006836880261824255 -0.025661152586022539 0.023832417355077282 -0.018219956260361405 -0.018224103408291926 0.019193442743900124 0.0041559160824817228 -0.019919505228701239 0.011791849507372542 0.011095117682658513 -0.014703726927665806 0.0039268490427087589
leaf_weight=0.38787447335199032 3.670716346241532 5.2622897457331419 1.6934119667857874 2.7984676107298587 2.9913023367989799 3.1327819055877626 0.8077722059097131 2.6450034291483453 0.89924749126657832 1.4220153517089777 1.5142940403893588 3.9656866108998656 0.83947306359186769 3.0081208071205765
leaf_count=4 43 21 10 55 11 58 17 18 8 37 12 30 27 30
internal_value=0.00441727 0.0138482 0.000798275 -0.011135 0.00427382 -0.00391136 0.00965601 0.00328523 -0.0190688 0.00699752 -0.00472452 0.00626874 -0.00730572 0.0128811
internal_weight=35.0385 8.93301 26.1055 5.39113 20.7143 8.32582 12.3885 9.39721 3.69772 8.58943 2.93631 5.19303 1.22735 5.65312
internal_count=381 64 317 73 244 119 125 114 63 97 49 61 31 48
is_linear=0
shrinkage=0.03


Tree=226
num_leaves=15
num_cat=0
split_feature=5 18 21 9 13 11 20 1 6 6 19 11 13 13
split_gain=0.775818 0.653508 1.16651 1.15277 0.866101 0.665664 0.751646 0.795194 0.885455 0.771905 0.847986 0.494493 1.0063 0.490236
threshold=99.500000000000014 1.0000000180025095e-35 0.6830127018922193 1550.0000000000002 3395.0000000000005 3565.0000000000005 0.25000000000000006 65.500000000000014 24450.000000000004 19150.000000000004 0.78656609248549303 4525.0000000000009 1635.0000000000002 3705.0000000000005
decision_type=2 2 2 2 2 2 2 2 2 2 2 2 2 2
left_child=1 5 3 -3 -5 -1 11 -8 9 10 -9 -7 -13 -14
right_child=-2 2 -4 4 -6 6 7 8 -10 -11 -12 12 13 -15
leaf_value=0.016239138088436272 -0.017208512935513058 0.0067132770437100314 -0.021732491024954521 -0.021255101620126886 0.0068894491169344515 0.013123710249182897 -0.019670278984393875 -0.012054910999235745 0.014981008102828529 -0.018574948971204642 0.011108905296930698 -0.017549133054978409 0.011651974196669081 -0.0065876952604012407
leaf_weight=2.2841740259900716 1.3405655939131964 6.8614912040065956 1.8404617379419494 2.0409263959154491 0.87425112910568703 4.4887079354375619 1.4138754340819994 1.3961697143968197 1.6052904427051542 1.5654547973535953 2.5423521166667342 1.0641647204756735 3.5709104738198221 1.1196690229699013
leaf_count=13 11 107 48 38 6 25 28 17 10 23 11 20 29 10
internal_value=-0.000518636 0.000657036 -0.00480906 9.77785e-05 -0.0132108 0.00375486 0.00149067 -0.00479242 0.000227237 -0.0057176 0.00211927 0.00667983 0.000454806 0.00690552
internal_weight=34.0085 32.6679 11.6171 9.77667 2.91518 21.0508 18.7666 8.52314 7.10927 5.50398 3.93852 10.2435 5.75474 4.69058
internal_count=396 385 199 151 44 186 173 89 61 51 28 84 59 39
is_linear=0
shrinkage=0.03


Tree=227
num_leaves=15
num_cat=0
split_feature=8 2 8 0 17 11 14 8 0 8 15 13 5 6
split_gain=1.06841 0.812798 0.578592 0.713522 0.858735 0.796034 1.12485 0.777062 0.590055 1.18838 0.804105 0.595041 0.628562 1.60901
threshold=4.4000000000000012 0.55000000000000016 25.100000000000005 22.250000000000004 66.450000000000017 4155.0000000000009 20.300000000000001 19.600000000000005 26.250000000000004 11.200000000000001 99.500000000000014 205.00000000000003 11.500000000000002 20600.000000000004
decision_type=2 2 2 2 10 2 2 2 2 2 2 2 2 2
left_child=1 -1 3 4 -2 6 -6 8 11 10 -10 -5 13 -13
right_child=2 -3 -4 7 5 -7 -8 -9 9 -11 -12 12 -14 -15
leaf_value=-0.025875318876135967 -0.016894470496804089 0.0070496819916347885 0.017954820932811078 -0.00097018308697293775 -0.017028196339534171 0.011173727185262957 0.0091110003596915675 -0.012102308723739644 -0.021503932865925512 0.010024173575721534 0.0030641109718157326 -0.010430582030428877 0.020870217377457048 0.01799078610007207
leaf_weight=0.94654961209744104 2.0642585817258823 0.5017058476805687 1.6508505940437306 2.80239578010515 2.414832808310166 3.2837844556197524 1.7748936526477335 1.1046736678108562 1.6384907762985668 4.4958728100173175 1.7991982251405716 2.443212698446585 5.1266656753141433 2.8755941723939031
leaf_count=27 54 3 9 27 41 26 11 12 38 36 8 48 31 17
internal_value=0.00307576 -0.0162487 0.00435889 0.00312808 -0.00348931 0.00177016 -0.00633297 0.00598835 0.0074349 0.000775806 -0.0108527 0.0110884 0.0141257 0.00535074
internal_weight=34.923 1.44826 33.4747 31.8239 9.53777 7.47351 4.18973 22.2861 21.1814 7.93356 3.43769 13.2479 10.4455 5.31881
internal_count=388 30 358 349 132 78 52 217 205 82 46 123 96 65
is_linear=0
shrinkage=0.03


Tree=228
num_leaves=15
num_cat=0
split_feature=5 14 8 19 14 7 18 5 19 14 7 21 0 8
split_gain=1.00808 0.766195 1.29635 0.738357 0.73107 0.840308 0.827719 0.740285 0.64475 1.12192 0.71951 0.508551 0.43382 0.278811
threshold=87.500000000000014 13.700000000000001 14.900000000000002 0.25881904510252057 8.3000000000000025 7.7500000000000009 0.98296291314453432 44.000000000000007 1.0000000180025095e-35 25.950000000000003 7.6500000000000012 0.6830127018922193 18.850000000000005 7.7000000000000002
decision_type=2 2 2 2 2 2 2 2 2 2 2 2 2 2
left_child=1 4 -3 -2 6 7 -1 11 -4 10 -10 13 -7 -6
right_child=3 2 8 -5 5 12 -8 -9 9 -11 -12 -13 -14 -15
leaf_value=-0.0187204206043185 -0.0023310089800885878 -0.019202304197122495 0.01044603611098162 0.015850690514184512 0.0047551471939885938 0.0060536556836772006 0.010620668694968513 -0.00720375619063189 0.0047469616587532369 0.011273380083983721 -0.019954700677369753 -0.0010242700391328938 -0.017302914781700686 0.018241374686976283
leaf_weight=1.4140409152023519 2.40482833329588 3.1278808761853716 3.0518211971502733 6.7058587931096554 2.8241151608526689 0.49637453630566486 0.5562422890216111 1.4279284523800004 1.0465882499702277 1.7019840257707981 2.5653579148929566 2.0597423852886996 0.96573639614507556 6.1090561836026609
leaf_count=50 14 72 31 32 23 4 3 12 14 13 42 24 20 46
internal_value=0.00320144 0.000201489 -0.00543552 0.0112956 0.00436836 0.0068726 -0.0096501 0.0094807 0.00121244 -0.00490504 -0.0133199 0.0120679 -0.0101354 0.0148858
internal_weight=36.4576 27.3469 11.4936 9.11069 15.8532 13.883 1.97028 12.4208 8.36575 5.31393 3.61195 10.9929 1.46211 8.93317
internal_count=400 354 172 46 182 129 53 105 100 69 56 93 24 69
is_linear=0
shrinkage=0.03


Tree=229
num_leaves=15
num_cat=0
split_feature=14 11 1 21 1 14 0 21 15 15 17 17 16 3
split_gain=0.690918 1.61923 0.894552 0.841016 1.14059 0.679618 0.564301 0.548097 0.66633 0.655008 1.0948 1.59572 0.84233 1.44976
threshold=17.000000000000004 4435.0000000000009 68.500000000000014 0.6830127018922193 60.500000000000007 21.700000000000006 24.150000000000002 -0.68301270189221952 43.500000000000007 98.500000000000014 27.650000000000002 85.600000000000009 12.571569084311248 6.5000000000000009
decision_type=2 2 2 2 2 2 2 2 2 2 8 10 10 2
left_child=3 2 -2 7 -5 -4 -6 8 -1 12 -11 -12 13 -9
right_child=1 -3 5 4 6 -7 -8 9 -10 10 11 -13 -14 -15
leaf_value=-0.015812744667237467 -0.011050108515153312 -0.018972275820638582 -0.0011455772729662198 0.0089038328055782573 -0.022183130310594604 0.01840688106949518 0.0051847881513902615 0.011444640268846737 0.0048629778487338021 0.013929440449506902 -0.024761624042740842 0.011494878328889985 0.018498396910723757 -0.018411187458304747
leaf_weight=0.98096589720808225 1.6038282099179904 3.0826267756056041 2.6349382053595036 1.9199530389159907 1.9610610248055311 2.6807545290794224 0.45748481713235367 3.6517475256696397 3.8485986306332052 1.8454495538026083 1.5950038963928821 1.1062919758260248 7.9633336665574461 1.1473076036199925
leaf_count=44 24 49 26 10 50 22 5 27 28 9 19 5 65 19
internal_value=0.00257696 -0.00387581 0.00439604 0.00506693 -0.00601856 0.0100681 -0.017004 0.00740556 -0.00132872 0.00978206 -7.38128e-05 -0.0108192 0.0130435 0.00236299
internal_weight=36.4793 10.0021 6.91952 26.4772 4.3385 5.31569 2.41855 22.1387 4.82956 17.3091 4.54675 2.7013 12.7624 4.79906
internal_count=402 121 72 281 65 48 55 216 72 144 33 24 111 46
is_linear=0
shrinkage=0.03


Tree=230
num_leaves=15
num_cat=0
split_feature=10 19 17 13 19 8 14 16 4 26 9 8 17 12
split_gain=1.43405 1.22381 0.817018 1.25203 0.829305 0.821516 1.19358 0.696179 0.539795 0.530393 0.499703 0.490738 0.426594 0.367883
threshold=6.0500000000000007 0.25881904510252057 76.000000000000014 1505.0000000000002 -0.9159756150367534 15.100000000000001 4.7000000000000011 8.5115255368208871 33.500000000000007 1.0000000180025095e-35 15.000000000000002 16.000000000000004 98.350000000000009 5.5500000000000007
decision_type=2 2 10 2 2 2 2 8 2 2 2 2 10 2
left_child=2 9 3 4 -1 6 -6 -8 10 -2 -7 13 -4 -5
right_child=1 -3 12 11 5 8 7 -9 -10 -11 -12 -13 -14 -15
leaf_value=0.01126982376804434 0.011771817957373334 -0.027270711191327637 0.017541579244525169 0.0097734985776579911 0.010648744803423904 0.0082704661225387905 0.0051555260000666044 -0.027177962438663671 0.011913808444921039 -0.0088690660109183531 -0.01335377809209267 -0.0060496221940365604 0.0012419636968688794 -0.0039062022055260316
leaf_weight=1.1426328606903551 1.2290089167654514 1.5124079871457068 4.7460828600451341 14.38145358557813 0.53547153249383139 0.64779205247759897 0.36590037308633361 3.2297998080030084 1.243198901414871 1.2750288511160752 1.8360992160160092 1.7093917182646681 2.1462715109810233 1.4608124271035183
leaf_count=9 7 38 27 125 2 8 5 85 5 24 29 19 19 9
internal_value=0.00264266 -0.0124497 0.00476393 0.00215553 -0.00649312 -0.0100566 -0.0178448 -0.0234818 0.000524723 0.00173003 -0.00695907 0.00670169 0.0132664 0.00835506
internal_weight=37.4614 4.01645 33.4449 26.5526 9.00089 7.85826 4.13117 3.5957 3.72709 2.50404 2.48389 17.5517 6.89235 15.8423
internal_count=411 69 342 296 143 134 92 90 42 31 37 153 46 134
is_linear=0
shrinkage=0.03


Tree=231
num_leaves=15
num_cat=0
split_feature=16 5 6 5 5 4 11 11 3 1 11 1 13 11
split_gain=0.882884 0.688223 1.14535 0.845492 0.598425 0.593838 0.584009 1.48757 0.616577 1.35263 0.857351 0.432842 0.52883 0.371236
threshold=28.167426204884556 63.000000000000007 22450.000000000004 44.000000000000007 98.500000000000014 53.000000000000007 4715.0000000000009 4525.0000000000009 14.500000000000002 72.500000000000014 4135.0000000000009 74.500000000000014 2975.0000000000005 3845.0000000000005
decision_type=8 2 2 2 2 2 2 2 2 2 2 2 2 2
left_child=1 3 4 5 -3 6 7 8 9 10 -1 -8 -13 -10
right_child=-2 2 -4 -5 -6 -7 11 -9 13 -11 -12 12 -14 -15
leaf_value=-0.01114688958520094 -0.012694510821930067 0.022193758673649821 -0.0065888879820995066 -0.016797740382991019 0.0050858084482695116 -0.011297859081231137 -0.0036475422943302925 -0.019808069540717663 0.01803518862391857 -0.01970657639077739 0.012448736962213503 0.01821118576819937 0.00011525182089078205 0.0032820283684773365
leaf_weight=1.0433757721912202 1.5973752299323667 4.8985148975625616 1.9446009369567026 0.90159355336800118 3.7710234178230166 1.1794110946357239 1.0897322655655424 1.5296726626111183 2.7087613977491856 1.4966168210376052 4.0172030737157911 5.0066420224029571 1.9342785445041952 3.5666123861446977
leaf_count=30 25 23 13 18 22 12 23 46 15 47 27 47 21 36
internal_value=0.00452664 0.00564067 0.0116903 0.00266106 0.0160478 0.00405863 0.00531583 0.00144828 0.0052309 -0.00125962 0.00654732 0.0113064 0.0138178 0.0112538
internal_weight=36.6854 35.088 10.6141 24.4739 8.66954 23.5723 22.3929 14.3622 12.8326 6.5572 5.06058 8.03065 6.94092 6.27537
internal_count=405 380 58 322 45 304 292 201 155 104 57 91 68 51
is_linear=0
shrinkage=0.03


Tree=232
num_leaves=15
num_cat=0
split_feature=0 7 16 16 8 7 8 10 9 26 3 1 15 15
split_gain=1.93194 0.916138 0.643205 0.629843 0.596918 0.996188 0.846364 0.755645 0.66795 0.897231 0.964505 0.625039 0.901644 0.677352
threshold=28.350000000000005 14.350000000000003 25.111274124250624 28.167426204884556 8.1000000000000014 4.1500000000000012 10.400000000000002 4.0500000000000007 585.00000000000011 1.0000000180025095e-35 82.000000000000014 88.500000000000014 98.500000000000014 23.500000000000004
decision_type=2 2 10 8 2 2 2 2 2 2 2 2 2 2
left_child=1 3 -2 4 11 -6 -7 8 -8 -10 -11 12 13 -1
right_child=2 -3 -4 -5 5 6 7 -9 9 10 -12 -13 -14 -15
leaf_value=-0.0070777025776697722 -0.027821577908700511 0.015134146519393259 0.0033924997873215584 -0.016689863838656924 0.015888849306261776 -0.01353569499548816 0.012065124520760608 -0.011265414573297723 0.012551884388881131 -0.021145216845911627 0.010093959455933298 -0.016967424454707981 -0.017561464914020185 0.011643554822235648
leaf_weight=1.9117560330778447 1.8557007005438202 3.0335349831730118 0.49849973618984211 0.94089177902787824 3.7917081140913096 2.2881028663832685 6.3053384593222273 1.6191954950336356 1.1599140763282778 1.7198719637235629 0.60837425850331772 1.8264522296376524 1.0418168772011993 3.7624864643439651
leaf_count=32 45 19 2 19 27 39 61 34 7 40 5 31 9 27
internal_value=-0.000557244 0.00179864 -0.0221711 -0.000188354 0.00100329 0.00411491 -2.69976e-06 0.00358239 0.00685351 -0.0031564 -0.0124022 -0.0051319 -0.000131358 0.00522063
internal_weight=32.3636 30.0094 2.3542 26.9759 26.035 17.4925 13.7008 11.4127 9.7935 3.48816 2.32825 8.54251 6.71606 5.67424
internal_count=397 350 47 331 312 213 186 147 113 52 45 99 68 59
is_linear=0
shrinkage=0.03


Tree=233
num_leaves=15
num_cat=0
split_feature=16 9 3 19 8 8 14 7 16 12 19 17 8 3
split_gain=1.33544 1.65908 0.750096 1.43136 1.73642 1.09439 0.83753 1.36259 0.938213 0.539562 0.441032 0.433099 0.316656 0.250708
threshold=12.471923904879315 2595.0000000000005 35.500000000000007 -0.78656609248549325 9.2000000000000011 5.9000000000000012 19.900000000000002 4.0500000000000007 18.737220493640653 11.700000000000001 -0.5 120.05000000000001 11.200000000000001 6.5000000000000009
decision_type=10 2 2 2 2 2 2 2 10 2 2 10 2 2
left_child=1 9 3 12 5 -5 7 -4 -9 -1 -6 -12 -2 -3
right_child=2 13 6 4 10 -7 -8 8 -10 -11 11 -13 -14 -15
leaf_value=-0.024201348923495115 0.00082015370361086597 0.011099698608324901 0.012269295593637201 -0.015895219237535015 -0.00068703686666351312 0.01200833860489612 0.018597932437840348 0.0029675752070947919 -0.022546681360666742 0.0041401490759694799 -0.02316254061379934 0.002973474416536065 0.019280224161028967 -0.0023357711026970487
leaf_weight=3.5976699108723547 1.2969440999440842 1.5337885147891941 4.7722271084785444 0.73722117696888911 1.3218454290181378 4.2135562584735453 3.9413091074675313 2.3388754846528177 1.4419589601457117 0.39170192927122105 3.8963736497098598 0.40720605850219715 1.9452022202312944 1.9089271230623124
leaf_count=104 16 12 20 15 12 36 22 19 12 2 99 5 10 11
internal_value=0.00046708 -0.00998309 0.00367619 -0.00115821 -0.00655057 0.00588035 0.00871249 0.00268725 -0.0094439 -0.0211465 -0.016727 -0.0205952 0.0138298 0.00480105
internal_weight=33.7448 7.43209 26.3127 13.8183 10.5762 4.95078 12.4944 8.55306 3.78083 3.98937 5.62543 4.30358 3.24215 3.44272
internal_count=395 129 266 193 167 51 73 51 31 106 116 104 26 23
is_linear=0
shrinkage=0.03


Tree=234
num_leaves=15
num_cat=0
split_feature=4 6 0 0 7 7 11 11 9 15 3 21 13 13
split_gain=1.42973 2.15039 0.61436 1.27727 1.08625 1.07743 0.573019 0.735783 0.538471 0.551189 1.31956 1.09785 0.966312 0.648151
threshold=98.500000000000014 16850.000000000004 20.650000000000002 18.850000000000005 9.1500000000000004 1.4500000000000002 3935.0000000000005 4135.0000000000009 3055.0000000000005 80.500000000000014 15.500000000000002 -0.68301270189221952 2465.0000000000005 1285.0000000000002
decision_type=2 2 2 2 2 2 2 2 2 2 2 2 2 2
left_child=2 -2 3 4 5 -1 -4 -8 9 10 11 -9 13 -11
right_child=1 -3 6 -5 -6 -7 7 8 -10 12 -12 -13 -14 -15
leaf_value=0.010374140975149708 0.007521018372749556 -0.032319166480971613 0.016574096092772998 -0.021574062794181642 0.013972235284168934 -0.019953441885155798 -0.012504237047133729 -0.014538291505219391 -0.006340705877123173 0.0084797502846219435 -0.014232397917850349 0.01150692531260528 0.022873484903921014 -0.014447883099107377
leaf_weight=0.95305907446891369 1.6596404835581773 1.7081129327416418 2.4675150336697724 1.6593028209172187 2.8629985321313143 1.6471585677936671 1.4928481245879108 0.85440748673864675 2.5100822476670137 1.9609798882156604 2.2873301650397471 7.9922117416281209 3.0583486631512642 0.77492201048880804
leaf_count=6 10 12 15 33 18 58 25 49 24 19 33 70 12 15
internal_value=0.00064737 -0.0154589 0.00285861 -0.00442669 0.00331354 -0.00904351 0.00516679 0.0031276 0.00488118 0.006806 0.00244984 0.00777046 0.013584 -0.000143338
internal_weight=33.8889 3.36775 30.5212 7.12252 5.46322 2.60022 23.3986 20.9311 19.4383 16.9282 11.1339 8.84662 5.79425 2.7359
internal_count=399 22 377 115 82 64 262 247 222 198 152 119 46 34
is_linear=0
shrinkage=0.03


Tree=235
num_leaves=15
num_cat=0
split_feature=24 1 12 1 1 16 15 10 9 22 15 12 7 18
split_gain=0.757434 0.785843 0.757208 0.582823 0.967934 0.77106 1.36475 0.783745 1.4651 1.14366 1.68492 1.63864 0.695326 0.731492
threshold=1.0000000180025095e-35 57.500000000000007 1.0000000180025095e-35 60.500000000000007 69.500000000000014 9.4685810454955543 20.500000000000004 1.3500000000000003 205.00000000000003 1.0000000180025095e-35 44.500000000000007 1.0000000180025095e-35 14.650000000000002 0.60355339059327384
decision_type=2 2 2 2 2 8 2 2 2 2 2 2 2 2
left_child=1 -1 -2 -3 12 -6 -7 8 -8 -10 -11 -12 13 -5
right_child=2 3 -4 4 5 6 7 -9 9 10 11 -13 -14 -15
leaf_value=-0.014965229564094434 -0.019486810884117751 0.018074638617373587 0.0057841850418223805 -0.022103418139398614 0.017051043259713496 -0.018388863357883412 -0.019096385981617444 0.014446382332155167 0.015509526014331556 0.016076270733494269 -0.022570350794592332 0.0060066246958761565 0.0074221675648930667 0.0063797904032956805
leaf_weight=0.86268075811676936 1.581485605798661 2.014706703368577 1.2042948901653288 2.0306363415438717 3.7425201821606633 1.3760892110876763 1.5963943274691725 5.4299240352120242 4.9010166199878009 2.2778224097564648 3.0008139528799802 2.680061861872673 1.0284899249672887 0.6011375281959771
leaf_count=28 20 13 3 48 34 66 20 45 33 18 42 17 6 9
internal_value=0.00293941 0.00434507 -0.00991998 0.00534331 0.00386936 0.00601819 0.00339752 0.00571336 0.00171067 0.00548511 -0.00173015 -0.0102075 -0.00895158 -0.0156322
internal_weight=34.3281 31.5423 2.78578 30.6796 28.6649 25.0046 21.2621 19.886 14.4561 12.8597 7.9587 5.68088 3.66026 2.63177
internal_count=402 379 23 351 338 275 241 175 130 110 77 59 63 57
is_linear=0
shrinkage=0.03


Tree=236
num_leaves=15
num_cat=0
split_feature=21 6 12 16 0 22 1 7 7 11 16 1 16 16
split_gain=2.24727 1.92731 1.39936 0.822982 0.775575 1.87976 0.718209 0.892994 0.703307 0.731412 0.448151 0.417478 0.363433 0.469791
threshold=-0.68301270189221952 17500.000000000004 1.0000000180025095e-35 30.091648838676843 26.250000000000004 1.0000000180025095e-35 87.500000000000014 3.6500000000000008 3.4500000000000006 4725.0000000000009 9.2500255213531766 53.500000000000007 10.869142901400435 7.8457619433572754
decision_type=2 2 2 8 2 2 2 2 2 2 10 2 10 10
left_child=1 2 -1 4 6 -6 11 8 9 -8 -7 -2 13 -13
right_child=3 -3 -4 -5 5 10 7 -9 -10 -11 -12 12 -14 -15
leaf_value=-0.016543737278382178 -0.0027947293215062089 -0.034511324013095819 0.017672279313305981 -0.014024202817937346 0.011946396083186607 0.00070448798545963778 0.0090625180135531329 -0.013880864951538832 0.018931980514343822 -0.016468946201693493 -0.023688302784361553 0.010272498370752708 0.013258915357698136 -0.012897255723354453
leaf_weight=1.0245314561761913 1.4744305438362193 1.5929912514984605 1.3099696487188337 0.99924728437326749 2.7621521800756454 0.80935458280146066 1.2236248047556726 1.930046639870852 1.3461705744266508 0.90024518850259472 1.9198334133252499 0.55564999580383545 16.722306200303137 0.62246581492945552
leaf_count=37 16 50 8 20 14 6 12 24 4 14 28 3 154 18
internal_value=0.00228159 -0.0166735 0.00219796 0.00510564 0.00616555 -0.00353503 0.00836941 -0.00115582 0.00744384 -0.00356718 -0.0182054 0.0109507 0.0121708 -0.00227029
internal_weight=35.193 3.92749 2.3345 31.2655 30.2663 5.49134 24.7749 5.40009 3.47004 2.12387 2.72919 19.3749 17.9004 1.17812
internal_count=408 95 45 313 293 48 245 54 30 26 34 191 175 21
is_linear=0
shrinkage=0.03


Tree=237
num_leaves=15
num_cat=0
split_feature=26 12 16 7 24 9 7 18 0 20 16 17 20 0
split_gain=0.935534 1.6837 1.65975 2.60025 1.593 1.57574 1.31433 0.951426 0.580602 0.687028 0.545158 0.44534 0.446251 0.284779
threshold=1.0000000180025095e-35 1.0000000180025095e-35 25.399212195245514 4.4500000000000011 1.0000000180025095e-35 2595.0000000000005 3.4500000000000006 0.91597561503675362 24.750000000000004 0.93301270189221952 28.167426204884556 112.15000000000002 0.93301270189221952 23.550000000000004
decision_type=2 2 10 2 2 2 2 2 2 2 10 10 2 2
left_child=4 2 3 6 -1 -6 7 -2 9 -8 -4 12 -5 -14
right_child=1 -3 10 11 5 -7 8 -9 -10 -11 -12 -13 13 -15
leaf_value=0.017121662441645275 -0.022318978697704633 0.013987301318874233 0.016548916111822659 -0.028031424648535176 -0.024633758424418426 0.0097839462295300234 -0.014428140327962958 0.0048913064223476688 0.018619467667321105 0.012415702344385162 -0.0035498770520876882 0.0026989565484504042 -0.012553897568836082 0.0049499138414825878
leaf_weight=5.5819591125473398 1.5530534116551336 3.5698841954581431 2.3084302400238808 5.1269238272216171 1.2798804165795448 1.6951140239834783 0.81937297713011481 1.5756836985237894 2.6033281991258264 0.64400499081239104 1.446710407733917 0.40089646913111199 0.96678319759666898 0.7333015576004982
leaf_count=32 43 28 15 155 18 5 27 20 10 3 16 6 17 6
internal_value=0.00082032 -0.00251537 -0.0063165 -0.0108411 0.00867441 -0.00749515 0.00205849 -0.0107498 0.0120894 -0.0023702 0.0096875 -0.0223722 -0.0240012 -0.00596689
internal_weight=30.3053 21.7484 18.1785 14.4233 8.55695 2.97499 7.19544 3.12874 4.06671 1.46338 3.75514 7.22791 6.82701 1.70008
internal_count=401 346 318 287 55 23 103 63 40 30 31 184 178 23
is_linear=0
shrinkage=0.03


Tree=238
num_leaves=15
num_cat=0
split_feature=13 19 13 11 13 11 19 8 18 20 14 5 19 17
split_gain=0.853159 1.03341 0.865282 1.88538 0.694584 0.821779 0.849432 1.57999 1.0069 0.736449 0.616491 0.541409 0.462582 0.272857
threshold=2975.0000000000005 0.9159756150367534 2125.0000000000005 4755.0000000000009 805.00000000000011 4235.0000000000009 -0.9159756150367534 18.400000000000002 -0.9829629131445341 0.25000000000000006 6.3000000000000016 63.000000000000007 0.78656609248549303 7.8000000000000007
decision_type=2 2 2 2 2 2 2 2 2 2 2 2 2 10
left_child=2 13 3 4 5 6 -1 8 -8 11 -10 -6 -7 -2
right_child=1 -3 -4 -5 9 12 7 -9 10 -11 -12 -13 -14 -15
leaf_value=0.014659798583478609 0.00089102775031411332 0.0097863982980858147 0.011973304039882896 -0.020345238139533137 -0.0086939316071392558 0.016651578745616964 0.0090248584641501629 0.010128593038106126 0.0042560806453031171 -0.019983886019945524 -0.025142208764746814 0.012663433398529966 -0.0011866096898865317 -0.020996400049524671
leaf_weight=1.737040589097895 0.51553997863084067 1.0597901623696087 7.7800985528156152 2.2886034562252453 1.0561623382382093 5.9333121846429995 0.67471106350422694 2.9579365001991391 0.45531201735138571 1.0751139882486311 2.9408272337168455 1.3084315136075018 1.4560954789631066 2.2263159428257495
leaf_count=8 4 7 50 55 27 44 3 19 4 28 66 9 24 38
internal_value=0.00222978 -0.00962851 0.00401397 0.000784672 0.0041206 0.00670208 0.000249815 -0.00469371 -0.0153373 -0.0067825 -0.0211293 0.00337531 0.0134141 -0.0177427
internal_weight=33.4653 3.80165 29.6636 21.8835 19.5949 16.1552 8.76583 7.02879 4.07085 3.43971 3.39614 2.36459 7.38941 2.74186
internal_count=386 49 337 287 232 168 100 92 73 64 70 36 68 42
is_linear=0
shrinkage=0.03


Tree=239
num_leaves=15
num_cat=0
split_feature=1 6 6 8 13 17 17 8 16 16 9 17 9 0
split_gain=1.54422 0.878068 1.18704 0.561654 1.84736 2.28279 0.750918 1.15494 0.812007 0.720941 0.705539 0.976476 1.1845 0.575045
threshold=57.500000000000007 29350.000000000004 26550.000000000004 13.700000000000001 1505.0000000000002 91.450000000000017 44.900000000000006 15.100000000000001 17.010467334109219 8.5115255368208871 1625.0000000000002 51.250000000000007 2825.0000000000005 25.950000000000003
decision_type=2 2 2 2 2 10 10 2 10 8 2 10 2 2
left_child=-1 2 3 4 5 9 7 -5 -8 -2 13 12 -12 -6
right_child=1 -3 -4 6 10 -7 8 -9 -10 -11 11 -13 -14 -15
leaf_value=-0.025319526141756494 0.0054375213142335392 0.016728577663898351 -0.019662851109054334 0.008225169779587772 0.017910883377839002 0.0082999275857114085 -0.0066052112313992528 -0.01754860242626087 0.017120640751610097 -0.028280453295678701 -0.020298169073702407 0.012471719917523764 0.0060654157827694857 -0.0028156026008923597
leaf_weight=0.94544323463924129 0.32132454682142553 2.3601506794802836 1.4247587560676027 3.0793819164391589 3.8506643869914097 2.3363655228167772 1.0523310676217077 1.551843582652509 5.5357779925689101 3.6198867869097739 2.2441720117349178 2.1807049661874771 2.2370832990854979 1.2774373963475225
leaf_count=28 3 17 32 23 31 17 12 34 36 83 41 12 18 7
internal_value=0.000700557 0.0021657 0.000554331 0.00215461 -0.00114626 -0.0131604 0.00712911 -0.00199383 0.0129598 -0.0249873 0.00577946 -0.000854564 -0.00843174 0.0131309
internal_weight=34.0173 33.0719 30.7117 29.287 18.0676 6.27758 11.2193 4.63123 6.58811 3.94121 11.7901 6.66196 4.48126 5.1281
internal_count=394 366 349 317 212 103 105 57 48 86 109 71 59 38
is_linear=0
shrinkage=0.03


Tree=240
num_leaves=15
num_cat=0
split_feature=14 0 9 11 10 0 1 7 17 3 17 17 3 11
split_gain=0.705094 0.648297 0.90496 0.880547 0.836059 0.681395 0.556388 0.567893 0.505891 0.504173 0.428266 0.685767 0.605445 0.513662
threshold=8.3000000000000025 28.750000000000004 2825.0000000000005 4735.0000000000009 6.0500000000000007 25.750000000000004 58.500000000000007 3.7500000000000004 47.650000000000006 1.0000000180025095e-35 76.000000000000014 59.550000000000004 99.500000000000014 4135.0000000000009
decision_type=2 2 2 2 2 2 2 2 10 2 10 8 2 2
left_child=-1 2 3 4 10 -5 -6 -8 9 -7 11 -2 -13 -12
right_child=1 -3 -4 5 6 8 7 -9 -10 -11 13 12 -14 -15
leaf_value=-0.011957342036334808 0.0067276589537195921 -0.011827039793454326 0.017979869978241973 -0.020769512833937014 0.0063821644751226106 0.0064934910874356296 0.0063829944030688616 -0.020945012013116479 0.010833414248625124 -0.017172109459200634 0.001080865726237223 -0.016538272447684185 0.00714931300682322 0.019555494872551989
leaf_weight=2.2158848056569687 10.725293752737358 1.565125764813273 2.6674127560108891 1.4448247872060154 0.97582552372477893 0.68970243679359577 0.40689004817977581 1.629256654763594 1.2658667154610155 0.94337276183068752 2.1864203568547955 1.5900355011690419 0.8370423987507819 3.1774499453604221
leaf_count=56 113 32 13 33 14 8 4 35 7 14 20 29 6 20
internal_value=0.00148129 0.00282308 0.00399969 0.00194287 0.00447613 -0.00910041 -0.00834492 -0.0151803 0.000550747 -0.00850707 0.00688241 0.00347522 -0.0086666 0.0133781
internal_weight=32.3204 30.1045 28.5394 25.872 21.5282 4.34377 3.01197 2.03615 2.89894 1.63308 18.5162 13.1524 2.42708 5.36387
internal_count=404 348 316 303 241 62 53 39 29 22 188 148 35 40
is_linear=0
shrinkage=0.03


Tree=241
num_leaves=15
num_cat=0
split_feature=10 8 7 13 9 12 14 18 14 3 16 16 16 1
split_gain=1.38542 0.468713 0.444047 0.691646 1.21052 1.12522 0.736901 1.1144 0.753955 0.627244 0.892139 0.489314 0.546646 0.482941
threshold=8.7500000000000018 5.7000000000000002 14.350000000000003 2480.0000000000005 935.00000000000011 1.0000000180025095e-35 11.600000000000001 0.25881904510252091 13.100000000000001 30.500000000000004 18.367560661297116 7.9630066450348229 16.020449659300034 86.500000000000014
decision_type=2 2 2 2 2 2 2 2 2 2 10 10 8 2
left_child=2 -2 3 4 6 -6 13 8 -8 -10 -11 -5 -13 -1
right_child=1 -3 -4 11 5 -7 7 -9 9 10 -12 12 -14 -15
leaf_value=0.014290769421342111 0.0016259963896602231 -0.026120070584743402 0.013127104593785506 -0.0067270498457693648 -0.024527193038941932 0.0048516042946829671 -0.015240621441102796 -0.020209691175649948 0.013435668813732024 -0.017973669091068532 0.0087929632230218761 0.01302793872834619 -0.0018699053387044749 -0.0029871645111237107
leaf_weight=4.1295849406160476 0.59017134224995871 1.1081988431978969 2.4601895948871961 1.2840356579981733 2.4007173278369005 1.3576078079640863 0.78318325243890097 1.5765904325526205 3.5939430468715727 1.0327651398256423 1.5791074652224777 7.5362467095255825 2.6855869735591122 1.6132015502080319
leaf_count=46 8 34 17 12 68 12 13 51 31 13 10 53 21 20
internal_value=0.00126797 -0.019449 0.00292191 0.00167132 -0.00198549 -0.0151255 0.00222853 -0.00328098 0.00258951 0.00664247 -0.00383686 0.00711291 0.00929599 0.00971403
internal_weight=33.7311 1.69837 32.0328 29.5726 18.0667 3.75833 14.3084 8.56559 6.989 6.20582 2.61187 11.5059 10.2218 5.74279
internal_count=409 42 367 350 264 80 184 118 67 54 23 86 74 66
is_linear=0
shrinkage=0.03


Tree=242
num_leaves=15
num_cat=0
split_feature=26 6 6 10 17 17 7 17 17 3 9 19 20 17
split_gain=0.64464 0.869074 0.614625 0.67547 0.568807 0.524553 0.560106 0.470319 0.871278 0.480755 0.861934 0.575855 0.5151 0.795849
threshold=1.0000000180025095e-35 31450.000000000004 29350.000000000004 5.2000000000000002 7.8000000000000007 24.650000000000002 9.3500000000000032 13.050000000000002 16.650000000000002 2.5000000000000004 2655.0000000000005 0.60355339059327384 -1.0000000180025095e-35 27.650000000000002
decision_type=2 2 2 2 10 10 2 10 10 2 2 2 2 10
left_child=5 2 3 4 -2 -1 -7 -6 -9 11 12 -10 13 -11
right_child=1 -3 -4 -5 7 6 -8 8 9 10 -12 -13 -14 -15
leaf_value=-0.0031506041941862847 -0.01337212602578384 -0.01659118254543792 0.018246689735500723 -0.011621099311752207 0.015068695982736476 0.018658862661633632 0.00018317431358773302 -0.016920597557793654 -0.016236304124704629 0.01366425436384972 -0.010675856130116752 0.0044089530043406539 0.014226513997115919 -0.0078337266416913381
leaf_weight=1.458917336538432 0.65897501190194319 1.0311788981780399 1.4436396928504098 1.8578326017595816 2.6264738934114602 5.5941045451909304 1.9286657124757765 0.85157405352220195 1.0529693395365058 1.6508355059195441 1.2926348554901768 2.2222029487602413 7.520245068008065 2.7484346043784171
leaf_count=11 14 31 9 44 21 30 12 20 43 16 14 37 62 33
internal_value=0.00512632 0.00243784 0.00389069 0.00223106 0.00395857 0.011604 0.0144994 0.00514112 0.00289762 0.0048303 0.00728919 -0.00447376 0.00991298 0.00127008
internal_weight=33.9387 24.957 23.9258 22.4822 20.6243 8.98169 7.52277 19.9654 17.3389 16.4873 13.2122 3.27517 11.9195 4.39927
internal_count=397 344 313 304 260 53 42 246 225 205 125 80 111 49
is_linear=0
shrinkage=0.03


Tree=243
num_leaves=15
num_cat=0
split_feature=16 15 20 10 18 1 15 1 26 8 21 1 16 21
split_gain=0.895538 0.651954 1.10683 0.943136 0.850609 0.694335 1.07694 0.944273 0.9179 1.02248 0.879807 0.830536 0.819547 0.61453
threshold=28.54711984885169 20.500000000000004 -0.5 -4.7499999999999991 -0.9829629131445341 87.500000000000014 98.500000000000014 83.500000000000014 1.0000000180025095e-35 14.100000000000001 -0.24999999999999994 81.500000000000014 9.4685810454955543 1.0000000180025095e-35
decision_type=8 2 2 2 2 2 2 2 2 2 2 2 10 2
left_child=1 2 3 -1 -4 7 -7 8 -3 11 -8 12 -10 -11
right_child=-2 5 4 -5 -6 6 10 -9 9 13 -12 -13 -14 -15
leaf_value=-0.013885521802667208 -0.016655697307171844 0.012289675517855873 0.0090666141891073363 0.013616488677872884 -0.022634725646647032 -0.017172878930676112 0.016909302641593453 0.016890573409466394 0.0059811433505387972 -0.0070015162283154049 -0.0080415973325430705 0.0056924655742886078 -0.024590554169770081 0.013146644826814609
leaf_weight=0.71475312625989351 1.2974674882134412 4.5456746844574925 0.39604671671986613 2.5674585730303079 2.3406103078741642 2.0568913691677144 1.7940666582435372 5.6175367161631575 0.5837587155401639 1.3244531545788047 1.5137248742394147 1.2397581301629541 2.5322535019367933 2.8883117344230413
leaf_count=16 25 21 2 26 102 27 10 33 8 21 22 9 62 20
internal_value=0.0014875 0.00277933 -0.0054411 0.00578346 -0.0168483 0.00496765 -0.00400087 0.00760878 0.00271786 -0.00311376 0.00627499 -0.0120688 -0.0188015 0.00668428
internal_weight=31.4128 30.1153 6.01887 3.28221 2.73666 24.0964 5.36468 18.7317 13.1142 8.56854 3.30779 4.35577 3.11601 4.21276
internal_count=404 379 146 42 104 233 59 174 141 120 32 79 70 41
is_linear=0
shrinkage=0.03


Tree=244
num_leaves=15
num_cat=0
split_feature=0 5 0 6 7 8 8 14 14 19 15 3 4 7
split_gain=0.651581 1.17341 0.6064 0.756011 1.81699 0.78986 0.827205 0.649175 0.517132 0.506176 0.866608 0.842572 0.79055 0.487174
threshold=27.550000000000004 1.5000000000000002 26.850000000000005 15950.000000000002 3.6500000000000008 8.5000000000000018 10.400000000000002 23.600000000000005 9.2000000000000011 0.1294095225512602 60.000000000000007 51.500000000000007 1.0000000180025095e-35 7.2500000000000009
decision_type=2 2 2 2 2 2 2 2 2 2 2 2 2 2
left_child=2 -2 3 4 8 -5 -7 -6 -1 10 -8 12 13 -11
right_child=1 -3 -4 5 7 6 9 -9 -10 11 -12 -13 -14 -15
leaf_value=-0.00581445951416783 0.0049363843909417584 -0.024667731392348225 0.019675645077167309 0.018652931872291653 -0.020222301863455448 -0.011362807648447553 0.019476935221367245 0.0060735190363619008 0.013497166409946354 0.0034606764104659201 -0.00459323431777456 0.013457798263606217 0.0063657625488697757 -0.021120911231243555
leaf_weight=1.0274945623241416 2.9669102504849429 0.78246689261868585 2.2627345309592775 4.3757257773540941 3.0826254946878184 1.6143607590347517 3.9346115628723037 0.57620688271708775 4.037466871785 0.64951054716948453 1.4008218301460145 2.144242949783802 1.9670249759219585 1.7148385880282146
leaf_count=23 40 14 14 45 56 32 32 6 27 17 14 14 15 39
internal_value=0.00561307 -0.00513483 0.00713829 0.0053928 -0.0017261 0.0087878 0.00450231 -0.0156664 0.00926679 0.00738847 0.0134298 0.00128023 -0.00614177 -0.0153466
internal_weight=32.537 3.74938 28.7877 26.5249 8.72379 17.8011 13.4254 3.65883 5.06496 11.8111 5.33543 6.47562 4.33137 2.36435
internal_count=388 54 334 320 112 208 163 62 50 131 46 85 71 56
is_linear=0
shrinkage=0.03


Tree=245
num_leaves=15
num_cat=0
split_feature=5 19 11 1 16 7 13 15 15 18 15 19 20 11
split_gain=0.682356 1.04494 0.704766 1.26684 0.973684 1.15835 0.807497 1.03178 0.696954 0.541701 0.527352 0.407866 0.344771 0.341892
threshold=87.500000000000014 0.37940952255126043 3845.0000000000005 89.500000000000014 9.4685810454955543 4.6500000000000012 15.000000000000002 99.500000000000014 98.500000000000014 -0.5 36.500000000000007 0.1294095225512602 0.93301270189221952 4410.0000000000009
decision_type=2 2 2 2 8 2 2 2 2 2 2 2 2 2
left_child=2 -2 11 4 -4 8 13 -8 10 -9 12 -1 -6 -7
right_child=1 -3 3 -5 5 6 7 9 -10 -11 -12 -13 -14 -15
leaf_value=0.014417881478154653 -0.0054601096577712484 0.015613949288558535 0.013878821162571811 -0.021587453166358211 -0.011721870565296343 -0.0043799244873362862 -0.0202925190849595 0.010518474786401995 -0.0083415571354830496 -0.0089943028430668585 0.019342274253210629 -0.0036900512611279697 0.0090257755604374809 0.01169876134172413
leaf_weight=3.1479696594178703 2.4260524222627264 6.0666757766157389 2.9273875858634772 1.676271482836454 0.56927429907955174 1.567214264068751 4.6417969930917025 1.5565153174102309 0.96281558647751797 1.572337847901508 2.6605981448665261 1.060233740834519 0.38238376379013062 1.4255030443891881
leaf_count=21 18 30 28 41 28 26 112 12 12 13 17 22 1 14
internal_value=0.00283806 0.00965287 0.000153038 -0.00230892 0.000488963 -0.00275958 -0.00795698 -0.0126253 0.00870188 0.000909273 0.0140683 0.0100231 -0.00303216 0.00429061
internal_weight=32.643 8.49273 24.1503 19.9421 18.2658 15.3384 10.7634 7.77065 4.57507 3.12885 3.61226 4.2082 0.951658 2.99272
internal_count=395 48 347 304 263 235 177 137 58 25 46 43 29 40
is_linear=0
shrinkage=0.03


Tree=246
num_leaves=15
num_cat=0
split_feature=12 21 14 8 15 15 17 21 24 3 8 17 16 14
split_gain=1.35349 1.09768 1.1652 1.54477 1.30337 0.951727 0.916197 0.683767 0.505117 0.483187 0.36637 0.511853 0.657759 0.309747
threshold=1.0000000180025095e-35 -0.5 11.600000000000001 18.400000000000002 39.500000000000007 28.500000000000004 63.20000000000001 -0.5 1.0000000180025095e-35 3.5000000000000004 7.7000000000000002 13.050000000000002 17.240873217518793 11.800000000000002
decision_type=2 2 2 2 2 2 10 2 2 2 2 8 10 2
left_child=1 6 10 4 5 -4 8 -2 -1 -6 11 -3 -13 -9
right_child=7 2 3 -5 9 -7 -8 13 -10 -11 -12 12 -14 -15
leaf_value=-0.024238455704093744 0.019254517753657368 0.014697102620822401 -0.012107231255687656 0.0073548196230105792 -0.00012079598393374626 0.014974125554854535 0.0072863881116507498 -0.0078616648101481473 0.0036795616408821633 -0.02725032650685013 0.015888817277285489 -0.016693333745105236 0.0052888256471871637 0.0076527058682833585
leaf_weight=2.9181085265008799 3.5728110633790493 1.0239154305309082 1.3068228145129963 4.4595911558717489 0.70170642621815238 1.3852740824222562 0.82250537816435088 1.2746748006902628 0.40329544246196736 3.0675222525605932 3.0413457397371531 1.0043272110633554 2.3080746047198772 1.3596858568489549
leaf_count=99 20 4 50 40 8 10 7 9 6 48 24 27 23 11
internal_value=0.000896706 -0.00262922 0.000771581 -0.00529359 -0.0138392 0.00210941 -0.014877 0.0122409 -0.0207815 -0.023284 0.00930985 0.0025828 -0.00370167 4.82206e-05
internal_weight=28.6497 22.4425 18.2986 10.9209 6.46133 2.6921 4.14391 6.20717 3.3214 3.76923 7.37766 4.33632 3.3124 2.63436
internal_count=386 346 234 156 116 60 112 40 105 56 78 54 50 20
is_linear=0
shrinkage=0.03


Tree=247
num_leaves=15
num_cat=0
split_feature=16 14 7 16 14 3 4 1 21 10 10 14 7 14
split_gain=0.44641 0.914134 0.916327 0.851678 0.606816 0.597649 0.530707 1.27487 0.77273 0.681383 0.853399 0.669234 0.453206 0.560306
threshold=18.737220493640653 21.100000000000005 4.0500000000000007 21.275694372343587 22.450000000000003 39.000000000000007 17.500000000000004 89.500000000000014 -0.68301270189221952 -4.5499999999999989 2.8500000000000001 10.600000000000001 8.3500000000000032 17.600000000000005
decision_type=8 2 2 10 2 2 2 2 2 2 2 2 2 2
left_child=4 2 3 -2 6 -3 7 8 -1 -10 11 -11 -4 -14
right_child=1 5 12 -5 -6 -7 -8 -9 9 10 -12 -13 13 -15
leaf_value=-0.010092166474445217 -0.0085281431786627462 -0.0032978212192881894 -0.020754517513928702 0.014726027418051381 -0.0082349210860804996 0.018319799093787482 0.014415096435308009 -0.018164601662090302 0.017335740290742425 0.0052396078878761765 0.010391305974651485 -0.018635709186437237 0.0085380988179859351 -0.012355101453326463
leaf_weight=1.221004932071083 1.6854160213842972 1.4007320567034178 2.179747054236941 2.1724157696589828 1.432173442095517 2.1380652561783791 7.1111887712031594 1.0640828853938717 4.8464304190129033 1.3017285577952908 4.176674229092896 1.3374864970101041 1.2806231733411553 1.3980445708148179
leaf_count=49 17 16 44 16 18 13 48 26 31 14 37 43 14 16
internal_value=0.0044164 -0.000208449 -0.00538629 0.00490249 0.00683804 0.0109217 0.00818999 0.00426402 0.00729143 0.00976472 0.00285212 -0.00865587 -0.0129984 -0.00276075
internal_weight=34.7458 12.255 8.71625 3.85783 22.4908 3.5388 21.0586 13.9474 12.8833 11.6623 6.81589 2.63922 4.85841 2.67867
internal_count=402 136 107 33 266 29 248 200 174 125 94 57 74 30
is_linear=0
shrinkage=0.03


Tree=248
num_leaves=15
num_cat=0
split_feature=17 13 17 7 7 11 4 11 13 16 4 15 16 11
split_gain=0.398613 0.511044 1.01057 1.081 0.957793 0.629015 0.729735 0.886995 0.802052 0.592651 0.592048 0.586383 0.528246 0.743652
threshold=7.8000000000000007 1505.0000000000002 36.550000000000004 6.4500000000000011 1.7500000000000002 4795.0000000000009 85.500000000000014 4065.0000000000005 3395.0000000000005 21.275694372343587 17.500000000000004 99.500000000000014 16.243812243544376 4360.0000000000009
decision_type=10 2 10 2 2 2 2 2 2 10 2 2 10 2
left_child=-1 2 -2 4 -4 6 7 -3 11 -6 12 -9 -5 -14
right_child=1 5 3 10 9 -7 -8 8 -10 -11 -12 -13 13 -15
leaf_value=-0.00948455268528757 -0.015769968091659665 0.011710465358315403 0.010270677991333861 -0.0095898151733091203 -0.022979051488186471 0.014111574558015965 0.010691873063913894 -0.023963558152731795 0.0059091937252117839 0.00081388533779288999 0.019818205340252072 0.0027230099362253362 -0.0013760510447567999 0.016147723135407459
leaf_weight=1.089262623223475 1.915235902066345 1.2806101869791762 1.0921100610867132 1.261530603049321 1.8804277426097544 6.9435565033927551 4.0401840507984161 2.101311497855932 1.2566620651632545 1.3016844968078656 2.068544339388608 0.72684285044670094 4.3506429074332118 3.0978123410604894
leaf_count=21 51 11 7 29 56 53 20 51 11 21 9 8 40 20
internal_value=0.00355094 0.00424108 0.000508181 0.00343269 -0.0081204 0.00786268 0.0023367 -0.00464607 -0.0110685 -0.0153789 0.00831453 -0.0181853 0.00382286 0.00696075
internal_weight=34.4064 33.3172 16.968 15.0528 4.27422 16.3492 9.40561 5.36543 4.08482 3.18211 10.7785 2.82815 8.70999 7.44846
internal_count=408 387 233 182 84 154 101 81 70 77 98 59 89 60
is_linear=0
shrinkage=0.03


Tree=249
num_leaves=15
num_cat=0
split_feature=6 6 6 0 11 21 14 21 9 14 20 18 7 11
split_gain=1.11018 0.723954 1.45856 0.872024 1.2777 0.765257 0.516868 1.46518 1.05344 0.680156 0.545414 0.51402 0.498825 0.40002
threshold=32700.000000000004 29350.000000000004 26550.000000000004 24.250000000000004 4565.0000000000009 -0.68301270189221952 19.900000000000002 0.6830127018922193 1.0000000180025095e-35 12.15 0.68301270189221941 -0.9159756150367534 9.7500000000000018 4965.0000000000009
decision_type=2 2 2 2 2 2 2 2 2 2 2 2 2 2
left_child=1 2 3 4 6 12 7 8 -1 -10 -8 -2 -5 -7
right_child=11 -3 -4 5 -6 13 10 -9 9 -11 -12 -13 -14 -15
leaf_value=0.015003261569038945 0.0042529914617229188 0.018569273341817981 -0.019514120621951115 -0.0079757505428961761 -0.020613405215116225 0.01576998357979581 0.01732649298735146 -0.020686320658935331 0.0070965326797593426 -0.017093105932868783 -0.0014738270690904348 -0.024827819105744706 0.0083735908574135813 0.00097809634219538197
leaf_weight=3.3028355173301005 0.4207114614546299 2.0890197278931728 1.4118905304931093 2.7303328446578261 1.4618078461498942 9.1415918855927867 2.4359713396988809 1.6510636697057632 1.0989225052762779 1.4036020827479658 2.0873775121290237 0.79934463114477583 2.0603957015555352 2.1287740482948712
leaf_count=21 5 16 31 48 40 63 17 45 13 28 20 23 18 20
internal_value=0.00335835 0.00461495 0.00311971 0.00480712 -0.000847366 0.00931167 0.00296684 -0.00194812 0.00563771 -0.00747745 0.00995466 -0.0174012 -0.000712467 0.0132835
internal_weight=34.2236 33.0036 30.9146 29.5027 13.4416 16.0611 11.9798 7.45642 5.80536 2.50252 4.52335 1.22006 4.79073 11.2704
internal_count=408 380 364 333 184 149 144 107 62 41 37 28 66 83
is_linear=0
shrinkage=0.03


Tree=250
num_leaves=15
num_cat=0
split_feature=8 6 13 6 10 18 16 11 15 16 4 19 3 4
split_gain=1.62832 2.15816 1.75579 0.71505 0.762055 0.572886 0.492421 0.628755 0.441873 0.380016 0.34308 0.398651 0.672315 1.01096
threshold=11.200000000000001 13850.000000000002 1615.0000000000002 14050.000000000002 8.2000000000000011 0.37940952255126054 19.481648806583962 3935.0000000000005 99.500000000000014 9.4685810454955543 80.000000000000014 0.1294095225512602 51.500000000000007 1.0000000180025095e-35
decision_type=2 2 2 2 2 2 10 2 2 8 2 2 2 2
left_child=1 5 -3 -2 10 -1 7 -4 -9 -7 11 -5 13 -13
right_child=3 2 6 4 -6 9 -8 8 -10 -11 -12 12 -14 -15
leaf_value=0.011619315764831628 -0.014151760896846766 -0.031473319128091766 0.0097122075643517429 0.016252703231710609 -0.010900688632379351 0.0061888197587947206 0.0056043893198963624 -0.021599519052454823 -6.1987470093761083e-06 -0.014882254935561405 -0.0015705461332137071 -0.012194511937414672 0.014402096668518011 0.011594072160661517
leaf_weight=3.6322385994717505 0.73657512618229048 3.3328659664839488 0.44295236468315158 4.9880076663102937 1.2111145518720139 0.60624783718958464 1.9449325576424596 1.8423472971189767 1.2193816415965557 0.79649531817995023 2.3262679390609255 2.7811743372585624 2.6730613280087709 1.8232298591174183
leaf_count=23 17 82 2 48 22 9 10 47 10 18 12 57 17 15
internal_value=-0.00150805 -0.00878893 -0.0170977 0.00472888 0.00639876 0.00613561 -0.00478917 -0.0105208 -0.0151185 -0.00698998 0.00844166 0.0103158 0.00477476 -0.00238685
internal_weight=30.3569 13.8175 8.78248 16.5394 15.8029 5.03498 5.44961 3.50468 3.06173 1.40274 14.5917 12.2655 7.27747 4.6044
internal_count=389 201 151 188 171 50 69 59 57 27 149 137 89 72
is_linear=0
shrinkage=0.03


Tree=251
num_leaves=15
num_cat=0
split_feature=9 10 9 3 3 3 16 11 18 15 3 15 0 6
split_gain=0.581148 1.01572 0.720794 0.692816 0.889461 1.08789 0.696212 0.637261 0.63393 0.620931 0.601566 0.553799 0.492332 0.464803
threshold=3055.0000000000005 -6.1499999999999995 2395.0000000000005 94.000000000000014 2.5000000000000004 14.500000000000002 16.243812243544376 4285.0000000000009 -0.9829629131445341 98.500000000000014 39.000000000000007 88.500000000000014 16.750000000000004 17150.000000000004
decision_type=2 2 2 2 2 2 10 2 2 2 2 2 2 2
left_child=1 2 -1 4 9 8 -5 11 -6 12 -9 -7 -3 -12
right_child=-2 3 -4 6 5 7 -8 10 -10 -11 13 -13 -14 -15
leaf_value=-0.0018966364542298867 -0.009233075517309763 -0.0092132770427890299 0.021452424968302724 -0.0053031675169588647 0.0059832521627966109 0.015074157982230885 0.017224805228481729 -0.016528628327889826 -0.021191901826760076 -0.011754356636478119 0.012824034099833409 -0.0042597179646942651 0.011592060318674009 -0.005108347523746933
leaf_weight=1.3712395252659941 1.8410351681523014 0.41715002874844298 3.8854063479229808 1.1600043680518854 0.49283823883160982 2.6690690354444069 3.554186400026083 1.6576223562005905 3.0408216905780128 0.55950723309069861 1.0745430225506427 1.5312485024332998 7.4862386198947206 2.5505118686705828
leaf_count=20 18 21 20 14 3 24 21 29 68 11 10 18 110 19
internal_value=0.00409477 0.00513544 0.016032 0.00243955 -2.88995e-05 -0.00482533 0.0117235 0.000864794 -0.016918 0.00707874 -0.00564411 0.00856212 0.00958246 0.00183063
internal_weight=33.2914 31.4504 5.25665 26.1937 21.4796 13.0167 4.71419 9.48299 3.53366 8.4629 5.28268 4.20032 7.90339 3.62505
internal_count=406 388 40 348 313 171 35 100 71 142 58 42 131 29
is_linear=0
shrinkage=0.03


Tree=252
num_leaves=15
num_cat=0
split_feature=1 6 6 15 0 9 6 19 10 17 7 7 4 19
split_gain=1.29663 0.386378 1.16615 0.52957 0.82467 1.16687 0.823354 0.518828 0.847862 1.51118 0.521901 0.754948 0.958407 1.2509
threshold=57.500000000000007 29350.000000000004 26550.000000000004 36.500000000000007 24.250000000000004 1680.0000000000002 26100.000000000004 -0.70710678118654757 -6.2499999999999991 91.450000000000017 11.200000000000001 4.0500000000000007 99.500000000000014 -1.0000000180025095e-35
decision_type=2 2 2 2 2 2 2 2 2 10 2 2 2 2
left_child=-1 2 3 4 6 -6 -2 8 -5 -10 11 -9 13 -13
right_child=1 -3 -4 7 5 -7 -8 10 9 -11 -12 12 -14 -15
leaf_value=-0.02384554655669073 -0.021834365073773045 0.014756552467964838 -0.018733338115862815 0.010482615971892675 0.015394330407808023 -0.01217941936397595 0.0092284232163778162 0.012162668682800443 -0.021464481439160608 0.01166038162069101 0.016753374771759054 0.007548963628077875 0.01175738177997572 -0.018614049218039174
leaf_weight=0.71679458976723509 1.8654505281010743 1.3377353455871333 1.2960408362559963 2.0421411991119385 2.3503892450826247 1.4186686102766541 0.41766837239265431 5.2897298024035901 2.2958990465849776 1.1887520756572483 3.8446618821471921 2.0432602618821103 2.1769513040781021 3.0498372439760577
leaf_count=28 71 13 32 9 27 36 2 41 31 6 29 19 9 52
internal_value=0.00162232 0.0029539 0.00194512 0.00351614 -0.00388014 0.00463803 -0.0150718 0.00563742 -0.00204288 -0.010084 0.00819369 0.0045312 -0.00182076 -0.0086016
internal_weight=31.334 30.6172 29.2795 27.9834 6.05218 3.76906 2.28312 21.9312 5.52679 3.48465 16.4044 12.5598 7.27005 5.0931
internal_count=405 377 364 332 136 63 73 196 46 37 150 121 80 71
is_linear=0
shrinkage=0.03


Tree=253
num_leaves=15
num_cat=0
split_feature=15 15 6 14 15 18 20 26 14 8 3 0 18 8
split_gain=0.974467 1.74275 1.39444 0.992408 1.11823 0.899305 0.743063 0.388303 0.620211 0.977987 0.927638 0.570592 0.423972 0.34584
threshold=4.5000000000000009 28.500000000000004 25150.000000000004 9.4000000000000021 52.500000000000007 -0.9829629131445341 -0.5 1.0000000180025095e-35 11.600000000000001 13.900000000000002 25.500000000000004 22.950000000000003 -0.5 35.100000000000001
decision_type=2 2 2 2 2 2 2 2 2 2 2 2 2 2
left_child=6 5 3 4 -3 -2 -1 -5 -9 10 -10 12 -11 -8
right_child=1 2 -4 7 -6 -7 13 8 9 11 -12 -13 -14 -15
leaf_value=0.019440204537074561 0.0089462790738254853 0.005715521899619107 -0.019500187246785785 0.014029968413205099 -0.023562054933052485 -0.024054210882278004 -0.012667278717739589 0.014816746261222508 0.0049266097465796707 0.0082841565755660419 -0.019104784256490003 0.01299768308579425 -0.010052746477638553 0.0082692478158276767
leaf_weight=3.1657974319532514 0.37827983498573337 1.7998799604829465 1.3905844395048905 4.6978689283132704 1.2696310980245469 2.685305971477649 0.69523806683719402 2.7362147048115597 1.9513979055918733 0.99451971054077182 2.370679643121548 4.3233358878642321 1.7464809096418319 0.34382656216621399
leaf_count=21 1 26 32 25 16 81 53 19 31 6 30 31 20 1
internal_value=0.00170409 -0.00061658 0.00244874 0.00463406 -0.00920857 -0.0187806 0.0135685 0.0072424 0.00420609 0.000665935 -0.00936772 0.00720509 -0.00296358 -0.00508155
internal_weight=30.549 26.3442 23.2806 21.89 3.06951 3.06359 4.20486 18.8205 14.1226 11.3864 4.32208 7.06434 2.741 1.03906
internal_count=393 318 236 204 42 82 75 162 137 118 61 57 26 54
is_linear=0
shrinkage=0.03


Tree=254
num_leaves=15
num_cat=0
split_feature=15 6 10 10 8 9 0 15 0 3 19 11 4 16
split_gain=0.734326 0.779076 1.01955 0.929563 0.748832 1.10256 0.739541 0.62943 0.477551 0.435481 0.433503 0.383818 0.36458 0.332619
threshold=28.500000000000004 24950.000000000004 5.2000000000000002 3.3500000000000001 13.900000000000002 650.00000000000011 26.950000000000003 4.5000000000000009 25.950000000000003 1.0000000180025095e-35 0.9159756150367534 3565.0000000000005 1.0000000180025095e-35 19.481648806583962
decision_type=2 2 2 2 2 2 2 2 2 2 2 2 2 10
left_child=7 2 3 4 5 -2 -7 9 11 12 -6 -9 -1 -8
right_child=1 -3 -4 -5 10 6 13 8 -10 -11 -12 -13 -14 -15
leaf_value=-0.014918083081965938 -0.01913930772001125 -0.012773281246258697 -0.013725815394739365 0.022108671198357122 0.015049977979578284 0.0086983005207486204 -0.013612761642001141 0.0029192500865863227 0.0012855041063037471 0.0090374263021256816 -0.0017374153132517247 -0.023103740243897244 0.0059310639263805568 0.0028683738466608825
leaf_weight=0.89801147277467241 1.3607294238172603 1.3984409272670735 1.3824061467312265 2.2910147393122307 5.1925455454038447 6.7177933421917242 1.6633079517632725 0.36336608976125795 1.2213744567707179 2.2501386681105942 1.5358944237232206 2.1134219420491718 0.55294336564838886 1.3841967824846504
leaf_count=54 27 25 24 10 43 59 21 4 22 20 6 60 8 5
internal_value=0.00114669 0.00379281 0.00538817 0.00728687 0.00431328 -0.000615803 0.00350343 -0.00652764 -0.0138557 0.00218434 0.011489 -0.0195444 -0.00779455 -0.00726774
internal_weight=30.3256 22.9263 21.5279 20.1455 17.8545 11.126 9.7653 7.39926 3.69816 3.70109 6.72844 2.47679 1.45095 3.0475
internal_count=388 220 195 171 161 112 85 168 86 82 49 64 62 26
is_linear=0
shrinkage=0.03


Tree=255
num_leaves=15
num_cat=0
split_feature=16 11 0 6 17 17 5 10 19 10 20 20 7 10
split_gain=0.805102 0.461533 0.864925 0.728751 1.7608 0.655522 1.26216 1.22097 0.665352 0.656727 0.588132 1.06053 0.523484 0.618155
threshold=7.8457619433572754 3705.0000000000005 16.750000000000004 17750.000000000004 24.650000000000002 63.20000000000001 6.5000000000000009 -6.9499999999999993 0.96592582628906831 -4.0499999999999989 1.0000000180025095e-35 0.93301270189221952 1.9500000000000002 2.1500000000000008
decision_type=10 2 2 2 8 10 2 2 2 2 2 2 2 2
left_child=-1 -2 -3 5 -5 6 7 -4 -9 -8 -6 12 -12 -14
right_child=1 2 3 4 10 -7 9 8 -10 -11 11 -13 13 -15
leaf_value=-0.017091900850751469 0.010815274104946121 -0.017609522205685502 0.012626056227831202 -0.026497348946306256 0.0082990202105411998 0.017731962579348136 0.017356317982942977 -0.021947674307004748 0.0061191852945233762 -0.0033201076393974175 0.0040695418883267467 0.011657119465708566 -0.02441770706867321 -0.00042383452871008873
leaf_weight=0.98604308511130767 4.1947633991949287 1.0957064479589487 0.97297576162964006 1.2932959566824109 5.7626711190678179 2.9571743439882985 3.6243139957077801 2.5479809676762701 0.49854307156056155 1.5712722963653503 1.1050955858081577 1.7739482177421448 1.8320443517295646 1.5214244755916295
leaf_count=26 40 28 6 40 56 21 25 58 4 14 5 13 36 25
internal_value=0.00151131 0.00262735 0.000988469 0.00242408 -0.00237677 0.00744773 0.00273468 -0.00872381 -0.0169776 0.0115767 0.00206275 -0.00405359 -0.0112949 -0.0161298
internal_weight=31.7373 30.7512 26.5564 25.4607 13.2885 12.1723 9.21509 4.0195 3.04652 5.19559 11.9952 6.23251 4.45856 3.35347
internal_count=397 371 331 303 175 128 107 68 62 39 135 79 66 61
is_linear=0
shrinkage=0.03


Tree=256
num_leaves=15
num_cat=0
split_feature=5 13 10 1 16 14 13 16 17 19 9 17 7 26
split_gain=0.996739 0.990538 1.07239 1.49688 1.28343 0.74425 0.740054 0.609524 0.717075 0.503409 0.38106 0.325366 0.396904 0.591869
threshold=53.500000000000007 275.00000000000006 -6.5499999999999989 84.500000000000014 21.275694372343587 12.15 215.00000000000003 22.960172943983398 110.65000000000002 -0.60355339059327384 1150.0000000000002 69.300000000000026 10.15 1.0000000180025095e-35
decision_type=2 2 2 2 10 2 2 8 10 2 2 10 2 2
left_child=1 7 3 -3 11 10 -7 9 -9 -1 -2 12 -4 -14
right_child=5 2 4 -5 -6 6 -8 8 -10 -11 -12 -13 13 -15
leaf_value=-0.0066053748085353105 -0.010164835981469481 -0.01522684629541763 -0.026199787845879566 0.016847413282198295 0.0067667488175797369 -0.0025430488381562306 0.019311499464854512 -0.017963696352548124 0.0072708992679931476 0.011360060060482053 0.0064215753371441421 -2.760704885571474e-05 0.010655243999572543 -0.014915211782526635
leaf_weight=1.0256235389970241 1.5470665907487258 1.2178911855444332 3.714378983015191 2.3120088735595345 1.619145482778549 1.543114475905895 4.9445278090424836 1.1374422175576921 1.1479875044897196 6.7172369738109454 1.5076451152563093 0.680080753751099 0.58174778707325459 0.75388243584893622
leaf_count=20 15 20 110 13 18 11 30 26 11 81 7 10 4 19
internal_value=0.00181036 -0.00189925 -0.00783873 0.00486264 -0.013791 0.00934734 0.0144679 0.00467069 -0.00693321 0.00849702 -0.00241385 -0.0197423 -0.0219539 -0.0039842
internal_weight=30.4498 20.9074 10.8791 3.5299 7.34924 9.54235 6.48764 10.0283 2.28543 7.74286 3.05471 5.73009 5.05001 1.33563
internal_count=395 332 194 33 161 63 41 138 37 101 22 143 133 23
is_linear=0
shrinkage=0.03


Tree=257
num_leaves=15
num_cat=0
split_feature=8 3 11 16 15 20 26 1 6 17 3 11 11 18
split_gain=0.90273 0.981579 0.764515 0.650661 0.621624 1.87781 0.820095 0.62373 0.480916 0.444943 0.384274 0.325831 0.901998 0.712955
threshold=4.4000000000000012 90.500000000000014 4905.0000000000009 28.54711984885169 28.500000000000004 -0.5 1.0000000180025095e-35 69.500000000000014 25150.000000000004 120.05000000000001 2.5000000000000004 4715.0000000000009 4015.0000000000005 -0.37940952255126054
decision_type=2 2 2 8 2 2 2 2 2 10 2 2 2 2
left_child=1 -1 3 4 5 6 -2 8 -6 -7 -4 12 -9 -14
right_child=2 -3 10 -5 7 9 -8 11 -10 -11 -12 -13 13 -15
leaf_value=-0.026369694490035692 0.021479288624577975 0.0091809262068115009 0.002345329714732552 -0.010188529031925417 0.0068938271302089894 -0.022152679290924664 -0.0036781916389268927 0.016827200404745557 -0.01541819422041623 0.0048078506182213255 -0.01588253763128632 0.017084045894220599 -0.010402282120356052 0.0061768151396094529
leaf_weight=1.0057059936225439 1.6907691843807697 0.45683947205543507 1.3093086152803146 1.5697595383971918 0.81179351219907647 2.1788175754482029 1.6165883510839194 4.1513040494173792 0.89042443735525012 0.28905654419213522 1.7516680962871758 4.1851539136841884 2.4648508103564515 6.1783185733947752
leaf_count=29 5 4 21 24 8 91 19 33 27 4 29 26 26 55
internal_value=0.0014856 -0.0160463 0.00287112 0.00461294 0.00592587 -0.00236896 0.0111835 0.00848017 -0.0061641 -0.0185191 -0.00942812 0.0102095 0.00688528 0.00086038
internal_weight=30.5504 1.46255 29.0878 26.0268 24.4571 5.77523 3.30736 18.6818 1.70222 2.46787 3.06098 16.9796 12.7945 8.64317
internal_count=401 33 368 318 294 119 24 175 35 95 50 140 114 81
is_linear=0
shrinkage=0.03


Tree=258
num_leaves=15
num_cat=0
split_feature=7 18 8 14 12 26 5 14 7 8 7 8 11 16
split_gain=0.889421 0.542158 0.529918 0.843961 0.942174 0.515816 0.49966 0.486009 0.711312 0.614015 1.25886 1.08762 0.622139 0.619053
threshold=1.8500000000000003 -0.9829629131445341 25.100000000000005 15.500000000000002 1.0000000180025095e-35 1.0000000180025095e-35 53.500000000000007 9.2000000000000011 4.3500000000000005 9.4000000000000021 3.1500000000000008 10.600000000000001 4410.0000000000009 13.53438844810537
decision_type=2 2 2 2 2 2 2 2 2 2 2 2 2 10
left_child=-1 -2 3 7 5 -5 -7 8 -3 10 -9 -11 -13 -14
right_child=1 2 -4 4 -6 6 -8 9 -10 11 -12 12 13 -15
leaf_value=0.015262939207131451 0.014577945049880402 -0.017351238325391417 0.012355998638280762 -0.00019125335928146984 0.0070866208954241811 -0.024828773264308646 -0.0019026328607735124 -0.010774734640158396 0.0050247641700510246 -0.019483254708906095 0.015638694517006925 -0.010128534414856215 -0.004378206494994966 0.016283063331909854
leaf_weight=3.0314994743093875 1.1723171956837237 1.66634625359439 1.4587717615067948 1.648431818000972 1.658677903935313 2.998604114749468 1.3134581716731188 1.3710164288058857 1.792096219724044 1.3540913120377807 5.6099176229909062 1.0965438485145567 1.4775829107966272 2.6994653693400323
leaf_count=26 10 44 10 16 15 93 12 15 18 29 44 28 15 21
internal_value=0.00210895 0.000161757 -0.000997877 -0.00223731 -0.00990206 -0.0149686 -0.0195182 0.00154312 -0.00723005 0.004115 0.00975117 -0.00232168 0.00448807 0.00954043
internal_weight=30.3488 27.3173 26.145 24.6862 7.61917 5.96049 4.31206 17.0671 3.45844 13.6086 6.98093 6.62768 5.27359 4.17705
internal_count=396 370 360 350 136 121 105 214 62 152 59 93 64 36
is_linear=0
shrinkage=0.03


Tree=259
num_leaves=15
num_cat=0
split_feature=6 6 14 1 16 17 9 16 10 8 14 1 1 26
split_gain=0.823326 0.763685 0.807823 1.21553 0.540539 1.16654 1.13485 0.825467 0.550108 0.577546 0.948236 0.517113 0.459567 0.408111
threshold=29800.000000000004 26550.000000000004 9.4000000000000021 85.500000000000014 9.4685810454955543 44.900000000000006 2315.0000000000005 17.240873217518793 5.5500000000000007 13.700000000000001 11.200000000000001 75.500000000000014 83.500000000000014 1.0000000180025095e-35
decision_type=2 2 2 2 8 10 2 10 2 2 2 2 2 2
left_child=1 2 3 12 -4 6 -6 11 9 10 -9 -7 -1 -2
right_child=13 -3 4 -5 5 7 -8 8 -10 -11 -12 -13 -14 -15
leaf_value=-0.0043574863514319493 0.020819450000613044 -0.017695591762199443 0.013772439333071719 -0.022913903203566552 -0.02069917647396714 0.0058886434605039464 0.0032359231430413352 0.016672335081264322 -0.0040164477018929997 0.02018375500896755 -0.01062331697807037 -0.014119539423294518 0.014773339259746563 0.00028113174882407789
leaf_weight=2.0956606583204223 1.6737183332443237 1.151238792343064 2.8840948252473053 1.8873750378843395 2.514220010838474 1.3619978707283729 3.1507267102133483 1.088910430669783 1.3387640183791516 4.227553142234683 1.5588640572968868 1.5489949595648793 0.84701840579509724 1.3323903281707308
leaf_count=32 5 29 28 39 76 14 25 4 22 25 25 25 3 33
internal_value=0.00140765 -0.000546525 0.000921401 -0.00898168 0.00366948 0.00125744 -0.0088988 0.00673644 0.0112612 0.0143683 0.00209536 -0.00564605 0.00349948 0.0140588
internal_weight=28.6615 25.6554 24.5042 4.83005 19.6741 16.79 5.66495 11.1251 8.21409 6.87533 2.64777 2.91099 2.94268 3.00611
internal_count=385 347 318 74 244 216 101 115 76 54 29 39 35 38
is_linear=0
shrinkage=0.03


Tree=260
num_leaves=15
num_cat=0
split_feature=13 16 0 8 16 3 15 9 3 10 8 13 11 10
split_gain=1.06422 1.33311 0.926797 0.801413 0.688827 0.758867 0.529447 0.564644 0.434817 0.415478 0.391546 0.324215 0.596061 0.296231
threshold=1505.0000000000002 16.243812243544376 28.750000000000004 8.1000000000000014 21.32599308917144 88.000000000000014 22.500000000000004 1525.0000000000002 3.5000000000000004 -3.5499999999999994 25.100000000000005 555.00000000000011 4285.0000000000009 -0.24999999999999997
decision_type=2 10 2 2 8 2 2 2 2 2 2 2 2 2
left_child=1 9 6 -3 11 10 7 -2 -4 -1 13 12 -5 -6
right_child=2 3 8 4 5 -7 -8 -9 -10 -11 -12 -13 -14 -15
leaf_value=0.00063886846290692873 0.0093730865072323508 -0.014233670495576597 0.0058667391173495165 -0.0023595628998968046 0.0024780627875383827 0.0085305348320191716 0.012006771417865346 -0.014883200449761014 -0.017225136801071118 -0.023632906471740669 0.0043342166500546049 -0.0027337866576095261 0.020402921946773366 -0.020664780261984643
leaf_weight=0.71814738493412766 0.71508068591356166 1.5707344259135414 0.5193659383803596 1.1682945855427509 0.37093031778931473 1.8634011223912237 10.425687004346399 0.83984493743628263 1.0922336513176558 2.3760730635840472 0.58051435649394978 0.87412563641555596 2.7417244911193848 1.6420489220181509
leaf_count=9 7 34 5 22 3 12 83 32 29 92 4 13 13 39
internal_value=0.0010405 -0.00463577 0.00676752 0.000811729 0.00450921 -0.00365106 0.00969742 -0.00442564 -0.0103865 -0.0192195 -0.0123417 0.0114282 0.0145062 -0.0169932
internal_weight=27.4982 13.906 13.5922 10.8118 9.24104 4.45689 11.9806 1.55493 1.6116 3.09422 2.59349 4.78414 3.91002 2.01298
internal_count=397 241 156 140 106 58 122 39 34 101 46 48 35 42
is_linear=0
shrinkage=0.03


Tree=261
num_leaves=15
num_cat=0
split_feature=13 14 8 22 19 17 5 1 11 11 13 0 13 13
split_gain=0.821798 0.838409 1.49519 0.702953 1.53547 0.628879 0.850695 0.483053 0.473827 0.495643 0.306941 0.664707 0.306119 0.758292
threshold=2255.0000000000005 11.600000000000001 18.400000000000002 1.0000000180025095e-35 0.25881904510252057 63.20000000000001 90.500000000000014 50.500000000000007 3975.0000000000005 4235.0000000000009 15.000000000000002 20.250000000000004 435.00000000000006 555.00000000000011
decision_type=2 2 2 2 2 10 2 2 2 2 2 2 2 2
left_child=1 5 10 -2 -5 6 7 -1 -4 -10 11 -3 -12 -14
right_child=3 2 8 4 -6 -7 -8 -9 9 -11 12 -13 13 -15
leaf_value=0.0033133574367950913 0.018056064817989898 -0.014276853277318131 0.014100513423866399 -0.019014750989821878 0.010367438225535408 0.01336282855424221 0.011514737352753943 -0.018900676982194595 -0.014351005742291211 0.0062566439721646883 -0.023579640127917821 0.010754643866362554 0.011436291367482384 -0.013533328612966628
leaf_weight=0.97742775082588806 3.8593105040490627 0.81365485279820671 2.3957406617701054 1.257142189424483 4.5602489770390093 4.1409607813693583 1.5105281062424181 1.4299912583082912 0.75075369048863683 1.6927125686779616 2.2065698041114956 1.0270866286009548 0.67769515933468971 2.7801039808546193
leaf_count=2 20 29 17 31 29 36 9 58 13 20 47 10 4 61
internal_value=0.00285157 -0.000646631 -0.00540075 0.00959721 0.00216014 0.00642785 -0.00212863 -0.0115561 0.00678242 -0.0024039 -0.0131301 -0.00144071 -0.0161426 -0.00717188
internal_weight=30.0799 20.4032 12.3443 9.6767 5.81739 8.05891 3.91795 2.40742 4.83921 2.44347 7.50511 1.84074 5.66437 3.4578
internal_count=386 306 201 80 60 105 69 60 50 33 151 39 112 65
is_linear=0
shrinkage=0.03


Tree=262
num_leaves=15
num_cat=0
split_feature=6 13 3 10 10 17 11 19 11 16 13 17 19 6
split_gain=0.745617 1.14514 0.852459 1.17203 0.842341 0.571102 0.458553 0.783445 0.968233 0.729724 0.500879 0.445871 0.42542 0.404488
threshold=29350.000000000004 1505.0000000000002 99.500000000000014 2.1500000000000008 5.2000000000000002 4.8000000000000007 4795.0000000000009 0.9159756150367534 4185.0000000000009 15.49712079525842 2975.0000000000005 24.650000000000002 -0.60355339059327384 13650.000000000002
decision_type=2 2 2 2 2 8 2 2 2 10 2 10 2 2
left_child=1 2 3 5 -5 -1 7 8 -3 -10 -8 -12 -4 -6
right_child=-2 6 12 4 13 -7 10 -9 9 -11 11 -13 -14 -15
leaf_value=0.0062925223540785755 0.014570638124941629 0.010239849418915967 -0.0053906857833121054 0.0097820455680231976 0.0063514336102683195 -0.023415339624327434 0.016796453755732504 0.010645385038389696 -0.022461146220762999 0.0025211285392617777 -0.0097301995238114041 0.0096066579894562385 0.011942703748014111 -0.016819218449593377
leaf_weight=0.24860446155071825 3.8218954799231133 1.4550647849682699 1.310719655826688 2.7881355164572597 0.33619401091709722 3.4646272005047649 4.7310458100400856 3.7411116454750299 1.8812735190149399 1.3690053566824643 1.1086993888020518 1.1856452673673628 2.3719798363745204 1.5023618999402968
leaf_count=1 43 17 12 29 4 92 35 20 47 15 17 6 18 41
internal_value=0.0036653 0.00169125 -0.00502318 -0.0099818 0.000613983 -0.0205133 0.006897 0.00178546 -0.00589003 -0.0138212 0.0120542 0.000145304 0.00593978 -0.0118374
internal_weight=31.3164 27.4945 12.0226 8.33992 4.62669 3.71323 15.4718 8.44646 4.70534 3.25028 7.02539 2.29434 3.6827 1.83856
internal_count=397 354 197 167 74 93 157 99 79 62 58 23 30 45
is_linear=0
shrinkage=0.03


Tree=263
num_leaves=15
num_cat=0
split_feature=5 7 26 8 18 26 12 10 17 19 7 1 15 1
split_gain=0.632375 0.48098 1.23148 1.1388 1.62209 1.0742 0.877664 0.424297 1.25196 0.305357 0.27577 0.379763 0.249658 0.225693
threshold=87.500000000000014 4.9500000000000011 1.0000000180025095e-35 25.100000000000005 -0.70710678118654735 1.0000000180025095e-35 11.700000000000001 -4.0499999999999989 66.450000000000017 0.25881904510252057 3.9500000000000006 75.500000000000014 1.0000000180025095e-35 68.500000000000014
decision_type=2 2 2 2 2 2 2 2 10 2 2 2 2 2
left_child=1 5 9 4 13 -1 12 -7 -9 -3 -2 -12 -6 -4
right_child=10 2 3 -5 6 7 -8 8 -10 -11 11 -13 -14 -15
leaf_value=-0.011736265796380518 0.0027069881534250171 0.017655235291396121 -0.0042803062915976169 0.01424067166042847 0.00038346055413934099 0.019947001194753337 0.0069684574515154517 -0.015530192850111275 0.014318088438534075 0.0026781916649918284 0.0039597883041964195 0.022668270869596458 -0.024474195023518736 0.0092765753423409772
leaf_weight=1.0426433365792034 1.9584580725058902 2.3533589672297266 0.91125283949077251 1.3061039745807637 0.35794861265457534 3.4876713892444968 0.5861324556171893 0.99856984918006331 2.5811259737238288 2.5984796769917011 1.9371531121432779 3.1078813183121383 4.2350043839542195 2.5451565289404243
leaf_count=14 11 14 21 9 17 29 4 51 22 16 13 17 114 30
internal_value=0.00672031 0.00398354 0.000619091 -0.00539247 -0.00953171 0.00941594 -0.0188618 0.0136045 0.00441879 0.0115665 0.0140885 0.0173281 -0.0228147 0.00554396
internal_weight=30.0069 23.0034 14.8934 9.9416 8.63549 8.11001 5.17909 7.06737 3.5797 4.95184 7.00349 5.04503 4.59295 3.45641
internal_count=382 341 225 195 186 116 135 102 73 30 41 30 131 51
is_linear=0
shrinkage=0.03


Tree=264
num_leaves=15
num_cat=0
split_feature=8 10 8 8 10 3 16 21 21 15 6 16 14 18
split_gain=1.0505 0.580409 0.613796 0.988289 0.538699 0.491838 0.94502 0.473456 0.568237 0.436228 0.42099 0.421122 1.0859 0.435597
threshold=4.4000000000000012 -7.9499999999999993 9.4000000000000021 10.400000000000002 -4.5499999999999989 25.500000000000004 17.392468720219224 -0.68301270189221952 0.6830127018922193 98.500000000000014 14050.000000000002 19.403350257511388 21.100000000000005 -0.37940952255126054
decision_type=2 2 2 2 2 2 10 2 2 2 2 8 2 2
left_child=4 -2 5 -4 -1 7 -7 9 -9 -3 -5 13 -13 -12
right_child=1 2 3 10 -6 6 -8 8 -10 -11 11 12 -14 -15
leaf_value=0.0049842887334144532 -0.012225921683136855 -0.012739337538041689 -0.018378890981690051 -0.01041169570718543 -0.025597853231826281 -0.01406631955582217 0.013386382449760804 0.019282902984165417 1.1770148852818501e-05 0.0097986917467553312 -8.782415203482969e-05 -0.018781558357097737 0.0077448525068958673 0.012030379429804118
leaf_weight=0.3356289747171104 1.0646689003333474 0.65960520901717135 1.182177980197596 0.93164207565132429 0.79578070342540985 1.4182088263332837 1.1250535696744917 5.6008851351216462 1.7416366573888806 0.49070271663367748 4.2046376200160065 1.308846859028564 2.5645579341799021 6.2445777743123383
leaf_count=7 12 23 28 21 26 20 8 34 26 4 53 32 24 86
internal_value=0.00200148 0.00340904 0.00442307 0.000615004 -0.0184436 0.00957226 -0.00157158 0.0127234 0.0152612 -0.00303926 0.00312715 0.00462983 -0.00323322 0.00757239
internal_weight=29.6686 28.5372 27.4725 16.4364 1.13141 11.0361 2.54326 8.49283 7.34252 1.15031 15.2543 14.3226 3.8734 10.4492
internal_count=404 371 359 244 33 115 28 87 60 27 216 195 56 139
is_linear=0
shrinkage=0.03


Tree=265
num_leaves=15
num_cat=0
split_feature=11 6 6 6 0 16 8 14 21 14 14 13 3 13
split_gain=0.731199 0.736526 0.513574 1.12667 0.678478 0.955578 0.886497 0.683926 0.595944 0.574136 0.568703 1.0432 0.554754 0.756293
threshold=4965.0000000000009 31450.000000000004 29350.000000000004 26550.000000000004 24.250000000000004 17.240873217518793 19.300000000000001 5.4000000000000012 -0.68301270189221952 17.200000000000006 12.15 2885.0000000000005 99.500000000000014 55.000000000000007
decision_type=2 2 2 2 2 10 2 2 2 2 2 2 2 2
left_child=1 2 3 4 5 6 7 -1 -9 10 11 -6 13 -7
right_child=-2 -3 -4 -5 9 12 -8 8 -10 -11 -12 -13 -14 -15
leaf_value=0.0068276400148811226 -0.011210680713048879 -0.014822815607785733 0.017983072280682993 -0.017611247252392319 0.010834039214458632 0.0086438489762311454 0.011030903394155701 0.0039709283769462037 -0.024533679699898548 -0.0042676345612028084 0.01826888739882437 -0.01378126676624806 0.015979401747365878 -0.012244387344130704
leaf_weight=0.54002807475628101 2.2476946413516989 0.84070967347361047 1.5540401325561095 1.141097867861389 4.3852940336801094 2.6478413047734648 0.70631899416912336 0.49990246497328517 2.6272517574252459 1.7908628406003106 5.4198646973818541 1.2253399319015441 2.2247920501977205 1.7263564669992773
leaf_count=4 38 29 11 30 41 33 8 13 67 26 46 16 14 35
internal_value=0.00240573 0.00388178 0.00499306 0.0035213 0.0052042 -0.000335582 -0.00999289 -0.0155381 -0.0201189 0.0096264 0.0120494 0.00418666 0.00653759 -0.000344456
internal_weight=29.5774 27.3297 26.489 24.935 23.7939 10.9725 4.3735 3.66718 3.12715 12.8214 11.0305 5.61063 6.59899 4.3742
internal_count=411 373 344 333 303 174 92 84 80 129 103 57 82 68
is_linear=0
shrinkage=0.03


Tree=266
num_leaves=15
num_cat=0
split_feature=6 26 6 11 4 9 5 15 4 8 18 7 11 8
split_gain=0.673711 0.884921 1.10886 0.922341 0.985983 0.94427 0.783049 0.756476 0.735885 0.653011 0.680801 0.84667 0.302129 0.250553
threshold=12850.000000000002 1.0000000180025095e-35 20600.000000000004 4715.0000000000009 90.500000000000014 715.00000000000011 87.500000000000014 23.500000000000004 99.500000000000014 19.300000000000001 -0.78656609248549292 3.5500000000000003 4905.0000000000009 18.400000000000002
decision_type=2 2 2 2 2 2 2 2 2 2 2 2 2 2
left_child=-1 2 6 5 7 9 -2 -5 -7 10 -3 -12 -9 -13
right_child=1 3 -4 4 -6 8 -8 12 -10 -11 11 13 -14 -15
leaf_value=0.013124266468418353 -0.014070972726613611 0.0070404772979274013 0.018112278919890638 -0.011368252017402745 -0.016001176658582448 -0.024786146746897695 0.0073452513139878875 0.017044616020750962 0.0046430923990960268 0.0095265676012564887 0.0043848342316375162 -0.021681582922031407 0.00073577590411156777 0.0008136062170524263
leaf_weight=2.7131419086363193 1.8389998581260503 1.5762780345976404 3.3876373879611492 0.56892741459887375 0.77008015289902676 2.9228192388545717 2.4192923307418823 3.6234229626134038 0.60146474838256825 2.0333277855534106 1.5487253195606099 2.8138697122922172 1.4323907084763048 0.42470228066667903
leaf_count=29 25 18 17 35 7 70 7 30 5 19 27 75 23 3
internal_value=0.00116896 -0.000520854 0.00747614 -0.00407338 0.00465662 -0.00875432 -0.00282067 0.00947331 -0.0198475 -0.00248171 -0.00709134 -0.0121569 0.0133086 -0.0192356
internal_weight=28.6751 25.9619 7.64593 18.316 6.39482 11.9212 4.25829 5.62474 3.52428 8.3969 6.36358 4.7873 5.05581 3.23857
internal_count=390 361 49 312 95 217 32 88 75 142 123 105 53 78
is_linear=0
shrinkage=0.03


Tree=267
num_leaves=15
num_cat=0
split_feature=8 7 8 10 17 9 1 9 4 3 7 3 11 11
split_gain=0.714875 1.19524 0.929758 0.617605 0.695998 0.765765 0.601398 0.64909 0.58929 0.465141 0.348708 0.24514 0.453104 0.341889
threshold=9.4000000000000021 3.4500000000000006 10.400000000000002 5.8000000000000016 36.550000000000004 2315.0000000000005 88.500000000000014 870.00000000000011 17.500000000000004 90.500000000000014 1.4500000000000002 5.5000000000000009 4455.0000000000009 4155.0000000000009
decision_type=2 2 2 2 10 2 2 2 2 2 2 2 2 2
left_child=1 8 -2 4 5 9 7 -6 10 -4 -1 13 -13 -3
right_child=2 11 3 -5 6 -7 -8 -9 -10 -11 -12 12 -14 -15
leaf_value=0.0015615944084524241 -0.018944989233181875 0.00055588425559384197 -0.02037965018461765 -0.012342342466029792 0.014729716643118555 0.0048942515114599348 -0.008274417528233869 -0.0060543254722337922 0.0070668301076396642 0.0056160717163127819 -0.018890593217355589 0.013269094141388353 -0.0057561852516780452 0.020929782276811561
leaf_weight=0.90652919095009821 1.2454063212499047 0.92485194001346815 1.6245000947965298 1.4626517458818842 6.6137780169956368 2.9618191157933325 0.90888966340571631 1.0671962611377237 1.559754640329629 0.33752319309860457 1.2804781589657066 1.3430655160918834 1.3583001354709265 4.3561742736492306
leaf_count=13 25 16 57 32 67 23 12 17 17 4 42 14 18 32
internal_value=0.00321219 0.00853757 -0.000910496 0.00168116 0.0039448 -0.00448773 0.00874239 0.0114772 -0.00463748 -0.0155214 -0.0125831 0.0145495 0.00473218 0.0180183
internal_weight=27.9509 11.7292 16.2218 14.9764 13.5137 4.92384 8.58986 7.68097 3.74676 1.96202 2.18701 7.98239 2.70137 5.28103
internal_count=389 152 237 212 180 84 96 84 72 61 55 80 32 48
is_linear=0
shrinkage=0.03


Tree=268
num_leaves=15
num_cat=0
split_feature=14 7 3 3 14 14 8 6 7 3 21 1 6 18
split_gain=0.934844 0.851343 0.646121 0.788216 0.667593 0.650322 0.57117 0.569489 0.718187 0.56153 0.302109 0.29751 0.402175 0.306751
threshold=8.3000000000000025 1.9500000000000002 5.5000000000000009 15.500000000000002 9.6000000000000014 14.500000000000002 7.7000000000000002 15150.000000000002 9.1500000000000004 1.5000000000000002 1.0000000180025095e-35 70.500000000000014 17650.000000000004 -0.37940952255126054
decision_type=2 2 2 2 2 2 2 2 2 2 2 2 2 2
left_child=-1 -2 5 -4 -5 6 -3 10 -9 -7 -6 -10 -13 -14
right_child=1 2 3 4 7 9 -8 8 11 -11 -12 12 13 -15
leaf_value=-0.015740678768520547 0.017926606555511794 -0.0030351735224699752 -0.01864766808483475 -0.014788412138727725 0.016087448619766163 -0.013766621685863543 0.015255553052437101 -0.011722482121744563 -0.0055125540746417071 0.0074956353480648292 -0.00053564136744290185 -0.0050158744035035015 0.017135327184651532 0.00050313040898469622
leaf_weight=1.6154072659555847 2.0820508217439082 1.6326592960394934 1.3650820164475579 1.3297104630619276 2.2825164869427677 1.4277819696580993 5.4455132081639022 2.9603556448128057 1.3705868795514105 1.2046335337217895 1.3156935478327794 1.1593039780855177 2.0875526312738675 1.5665271244943126
leaf_count=57 14 18 36 11 15 60 62 44 14 18 15 13 14 9
internal_value=0.00148797 0.00303143 0.00115981 -0.00262302 6.55346e-05 0.00685696 0.0111831 0.00257889 -0.0015897 -0.00465179 0.0112146 0.00421755 0.00745981 0.0116452
internal_weight=28.8454 27.23 25.1479 15.4373 14.0722 9.71059 7.07817 12.7425 9.14433 2.63242 3.59821 6.18397 4.81338 3.65408
internal_count=400 343 329 171 135 158 80 124 94 78 30 50 36 23
is_linear=0
shrinkage=0.03


Tree=269
num_leaves=15
num_cat=0
split_feature=12 3 11 7 0 5 19 5 7 3 16 1 7 3
split_gain=0.968023 0.630278 1.14974 1.00256 0.64883 0.595606 0.868443 0.648822 0.560352 0.514747 0.49545 0.355099 0.333188 0.324734
threshold=1.0000000180025095e-35 6.5000000000000009 3920.0000000000005 9.3500000000000032 20.250000000000004 34.500000000000007 0.98296291314453432 95.500000000000014 3.4500000000000006 94.000000000000014 8.913173856148692 92.500000000000014 9.1500000000000004 32.500000000000007
decision_type=2 2 2 2 2 2 2 2 2 2 8 2 2 2
left_child=1 3 -3 4 12 6 10 -7 11 13 -4 -6 -1 -2
right_child=9 2 5 -5 8 7 -8 -9 -10 -11 -12 -13 -14 -15
leaf_value=-0.014513270189423616 0.0039774423172630703 0.0075185215884226355 0.0012646225706119645 -0.013966182459597753 -0.013185587461304245 0.011144636473458459 0.0077311342161775383 -0.010336589391348407 0.013717089716333753 -0.0017198016818026826 -0.023665222935449537 0.0078410800020592922 0.0069008245766170907 0.022572519656723883
leaf_weight=0.85386745154392574 1.8428554064594198 3.4738868703134349 0.72100962814874758 1.3819813281297673 0.69835931295528808 1.39905204041861 0.64782026410102833 1.6785681452602148 6.9712706758873537 1.6607464728876946 4.0939554666401818 0.40198273584246635 0.28632029378786683 2.2203073054552078
leaf_count=44 16 29 15 29 25 13 3 10 90 12 95 2 2 10
internal_value=0.001811 -0.0011141 -0.00560517 0.00402333 0.00782554 -0.0111719 -0.0163449 -0.00023315 0.0107965 0.0118118 -0.0203566 -0.00542807 -0.00842403 0.01659
internal_weight=28.332 22.6081 12.0143 10.5938 9.2118 8.54041 5.46279 3.07762 8.07161 5.72391 4.81497 1.10034 1.14019 4.06316
internal_count=395 357 165 192 163 136 113 23 117 38 110 27 46 26
is_linear=0
shrinkage=0.03


Tree=270
num_leaves=15
num_cat=0
split_feature=6 18 6 1 18 22 5 6 18 8 6 13 21 9
split_gain=0.818398 0.578707 0.79049 0.606465 0.694468 0.645389 0.87471 0.971736 1.14141 0.577685 0.563417 0.510234 0.40993 0.348885
threshold=26550.000000000004 -0.70710678118654735 22050.000000000004 89.500000000000014 -1.0000000180025095e-35 1.0000000180025095e-35 95.500000000000014 20150.000000000004 -1.0000000180025095e-35 8.3000000000000025 17350.000000000004 2125.0000000000005 -0.24999999999999994 2440.0000000000005
decision_type=2 2 2 2 2 2 2 2 2 2 2 2 2 2
left_child=1 12 3 5 -5 11 7 8 10 -2 -7 -3 13 -1
right_child=9 2 -4 4 -6 6 -8 -9 -10 -11 -12 -13 -14 -15
leaf_value=-0.01173495238150889 0.0013659273492330438 -0.00089445586939785238 -0.015730863065680251 0.0079274673247413593 -0.015493800804036277 0.011168128490808079 0.012093895881442211 0.0095423573101220752 -0.023187026575797683 -0.020741759696726498 -0.0088174474550529944 0.018757897774455429 0.014015588420530252 0.0080295713779595761
leaf_weight=0.69428282743319847 1.5485550626181059 1.6185600134776983 1.7537912046536792 0.96739271329715881 2.4008676940575233 1.5379805099219162 2.6538318833336234 1.9846977971028534 2.4877752450993174 1.7409875623416153 1.5563361889217047 2.7219756161794066 3.7438973105745452 0.59264224907383323
leaf_count=15 18 27 36 8 46 13 16 18 83 54 17 14 32 7
internal_value=-0.000321182 0.00171332 -0.000741571 0.0014782 -0.00849215 0.00418204 -0.000213615 -0.00543797 -0.0114047 -0.0124423 0.00141761 0.0126344 0.00984848 -0.00310202
internal_weight=28.0036 24.714 19.6832 17.9294 3.36826 14.5612 10.2206 7.56679 5.58209 3.28954 3.09432 4.34054 5.03082 1.28693
internal_count=404 332 278 242 54 188 147 131 113 72 30 41 54 22
is_linear=0
shrinkage=0.03


Tree=271
num_leaves=15
num_cat=0
split_feature=11 16 3 16 17 19 0 13 13 16 16 10 7 14
split_gain=0.724743 0.573575 1.16914 0.564584 1.22713 0.45878 0.522709 0.444384 0.524648 0.431738 0.42989 0.340462 0.337918 0.424377
threshold=3705.0000000000005 22.076898745701158 47.000000000000007 14.795276485768758 31.250000000000004 0.96592582628906831 26.150000000000002 1150.0000000000002 2975.0000000000005 9.6931911090402263 10.282615692110296 -6.9499999999999993 2.3500000000000001 15.500000000000002
decision_type=2 8 2 10 10 2 2 2 2 10 8 2 2 2
left_child=-1 3 -3 4 7 6 12 -2 9 -9 -10 -6 -5 -14
right_child=1 2 -4 5 11 -7 -8 8 10 -11 -12 -13 13 -15
leaf_value=0.012342755327104025 -0.01237545959470239 -0.022005946595631251 0.0055968546985417089 -0.0064884436396648636 0.0030556690450135406 0.015185726303476027 -0.0077525678839246853 0.016320454287349555 -0.015459730529690902 0.00028001034329996167 0.0065293819771233925 -0.022168325052849963 0.01278017850413928 -0.0023285098281643699
leaf_weight=3.5537081658840206 0.5462371794274129 1.9738811688730484 1.9748107978375629 0.91044472716748526 0.30943443253636393 2.3230833015404633 2.5876958752050996 2.596416064305231 0.85705781402066317 2.6646205885335803 0.65553112374618661 2.0343098461162299 4.4467842851299793 2.0234481055522338
leaf_count=34 25 48 18 13 3 17 26 28 16 32 10 66 38 32
internal_value=0.00130207 -0.000615062 -0.00985988 0.00140474 -0.00380533 0.00547905 0.00203869 0.00272671 0.00537989 0.00953856 -0.00712413 -0.0189202 0.00598698 0.00837601
internal_weight=29.4575 25.9038 3.94869 21.9551 9.66361 12.2915 9.96837 7.31986 6.77363 5.26104 1.51259 2.34374 7.38068 6.47023
internal_count=406 372 66 306 180 126 109 111 86 60 26 69 83 70
is_linear=0
shrinkage=0.03


Tree=272
num_leaves=15
num_cat=0
split_feature=13 19 3 19 19 8 0 0 13 15 7 17 9 20
split_gain=0.547133 1.02222 0.604767 1.19646 1.01401 0.954049 0.771327 0.964606 0.811494 0.553005 0.475412 0.473486 0.355458 0.278052
threshold=2975.0000000000005 0.9159756150367534 69.000000000000014 0.25881904510252057 -0.12940952255126034 9.4000000000000021 25.850000000000005 22.450000000000003 1.0000000180025095e-35 36.500000000000007 2.1500000000000008 77.850000000000009 2595.0000000000005 0.93301270189221952
decision_type=2 2 2 2 2 2 2 2 2 2 2 10 2 2
left_child=2 -2 3 6 11 9 7 8 -1 -5 -8 -4 13 -7
right_child=1 -3 4 5 -6 12 10 -9 -10 -11 -12 -13 -14 -15
leaf_value=0.0082357360452874669 -0.017382243658594029 0.010326792899656717 -0.015099860151100257 -0.0068138862406169056 0.016155854898720814 -0.02078657328733791 0.0079614684326914896 0.017985338163654975 -0.016482674666251428 0.01222053783776079 -0.016522692159300526 0.0062933731644683995 0.0016530115476830426 -0.0029310355620944333
leaf_weight=1.9423005832359286 2.3914591077482323 1.0445328680798409 1.041479473467916 1.6468756285030379 4.9719082657247773 3.336867158068344 0.38099266774952389 4.7871829589712434 1.0335199056426061 2.0215553140733391 0.97283796337433159 0.94050263240933407 0.9068409502506255 1.4104097636882214
leaf_count=23 40 9 14 33 31 91 2 48 32 21 30 6 2 22
internal_value=0.00127574 -0.0085297 0.00287544 -0.000101614 0.00978987 -0.00728231 0.00723514 0.010818 -0.00233558 0.00404622 -0.00917732 -0.00624207 -0.0141358 -0.0169147
internal_weight=28.8293 3.43599 25.3933 18.4394 6.95389 9.32255 9.11683 7.763 2.97582 3.66843 1.35383 1.98198 5.65412 4.74728
internal_count=404 49 355 304 51 169 135 103 55 54 32 20 115 113
is_linear=0
shrinkage=0.03


Tree=273
num_leaves=15
num_cat=0
split_feature=19 3 6 15 12 22 6 21 11 8 4 7 18 15
split_gain=0.727702 1.03461 0.762411 0.724839 0.648688 0.619132 0.951138 0.488636 0.480707 0.430971 0.405518 0.963247 0.529114 0.497945
threshold=-0.12940952255126034 39.000000000000007 20600.000000000004 99.500000000000014 11.700000000000001 1.0000000180025095e-35 20600.000000000004 0.25000000000000017 4265.0000000000009 8.1000000000000014 33.500000000000007 7.6500000000000012 0.60355339059327384 1.0000000180025095e-35
decision_type=2 2 2 2 2 2 2 2 2 2 2 2 2 2
left_child=4 3 -3 10 5 9 8 -8 -7 -1 11 12 -2 -13
right_child=1 2 -4 -5 -6 6 7 -9 -10 -11 -12 13 -14 -15
leaf_value=-0.0074397207660944938 0.010553026009021405 0.017307001329554615 -0.0036061859304164501 -0.015661807115613519 0.013071256934030783 1.7436649849569295e-05 -0.0099155996730792006 0.010327851841297012 -0.025114020714292133 0.0094870031053676876 0.0093564330336991745 0.0050313374075267236 -0.010626075469439791 -0.020347445524212342
leaf_weight=1.410909375175833 3.5660104450071231 6.2327368236146858 1.614763790508732 1.3453063750639564 0.7954796031117447 0.84454765054397407 0.8845502475742254 1.5428213374689219 2.594581370940432 2.1975331088760868 3.7541560605168343 0.48780849308241192 0.51244967320235435 1.6666741465451194
leaf_count=20 49 44 19 29 4 16 15 14 65 19 23 8 33 55
internal_value=0.00203736 0.00539335 0.0130825 -0.000560338 -0.00415238 -0.00670823 -0.0120391 0.00221028 -0.0203288 0.00269039 0.00271422 -0.00202691 0.00632354 -0.0148279
internal_weight=29.4503 19.1799 7.8475 11.3324 10.2704 9.47494 5.8665 2.42737 3.43913 3.60844 9.9871 6.23294 4.07846 2.15448
internal_count=413 260 63 197 153 149 110 29 81 39 168 145 82 63
is_linear=0
shrinkage=0.03


Tree=274
num_leaves=15
num_cat=0
split_feature=9 10 1 7 14 23 16 3 13 7 17 0 18 13
split_gain=0.673052 0.816939 0.692968 0.813019 0.792604 0.673308 0.776738 0.883389 1.01079 0.77295 0.37508 0.361876 0.548746 0.282308
threshold=205.00000000000003 1.0000000180025095e-35 76.500000000000014 14.350000000000003 11.200000000000001 1.0000000180025095e-35 11.253944990438784 23.500000000000004 2625.0000000000005 3.9500000000000006 44.900000000000006 17.550000000000004 1.0000000180025095e-35 2125.0000000000005
decision_type=2 2 2 2 2 2 8 2 2 2 10 2 2 2
left_child=1 -1 3 4 -3 6 9 -8 10 -2 -9 12 -4 -7
right_child=5 2 11 -5 -6 13 7 8 -10 -11 -12 -13 -14 -15
leaf_value=-0.01838300283202797 -0.0073703261680795771 0.002377166617467241 0.011476901494889127 0.0091902313976837714 -0.020095915551415686 0.0013026741821827884 -0.017638966724175871 -0.0028171298668253257 -0.011916797048432038 0.016025954883234338 0.016544235035646296 0.015799773285201473 -0.013247015433061898 0.017329693253215879
leaf_weight=1.5514068815391535 1.1079527419060475 2.0791470319963974 0.56346005201339744 1.7146319653838871 2.426673375419341 1.4608451946405683 1.9904788567801013 0.89145608711987767 1.7373580334242431 3.3960116885136813 2.2320651798509061 2.0436253880616277 0.69102232030127198 3.8300276510417461
leaf_count=28 23 29 2 13 66 30 67 17 11 31 16 19 23 22
internal_value=0.00225417 -0.00330288 0.000668996 -0.00506816 -0.0111777 0.00592743 0.00143161 -0.00474134 0.00264858 0.00997717 0.0116754 0.0101513 -0.00197709 0.013815
internal_weight=27.7162 11.07 9.51856 6.22045 4.50582 16.6462 11.3553 6.85136 4.86088 4.50396 3.12352 3.29811 1.25448 5.29087
internal_count=397 180 152 108 95 217 165 111 44 54 33 44 25 52
is_linear=0
shrinkage=0.03


Tree=275
num_leaves=15
num_cat=0
split_feature=6 18 3 3 9 13 8 6 21 18 0 7 7 14
split_gain=0.991491 0.517741 0.942785 0.845628 0.744226 0.97709 1.45392 0.642498 0.466235 0.419767 0.409465 0.360477 0.356512 0.403882
threshold=32700.000000000004 0.37940952255126054 27.500000000000004 24.500000000000004 2115.0000000000005 1615.0000000000002 16.800000000000001 26100.000000000004 -0.68301270189221952 -0.9159756150367534 26.850000000000005 9.3500000000000032 4.0500000000000007 16.800000000000001
decision_type=2 2 2 2 2 2 2 2 2 2 2 2 2 2
left_child=1 2 8 7 5 6 -4 10 -1 -2 -3 -10 -5 -14
right_child=9 3 4 12 -6 -7 -8 -9 11 -11 -12 -13 13 -15
leaf_value=-0.0012630343013851236 0.0031528136455276396 -0.020718127925125434 -0.022510824614420236 0.01426831176607485 -0.015710480288404244 0.01240957288502792 0.0072580318535407353 0.007305463331848722 0.017194058030835201 -0.024728474534660403 0.0044650447936495649 0.00062856500531112706 -0.013169188423637511 0.0071304427143186874
leaf_weight=1.8840449147392124 0.39370320364832878 2.5114313748199493 1.6331418789923171 1.4071624130010607 1.4525267011485983 3.8289060443639755 2.5704315830953419 0.63535493565723289 6.53395933378488 0.72730005963239708 0.32325284974649537 1.4945989050902424 0.61084742366801936 1.0100187722127882
leaf_count=29 6 111 29 13 13 25 19 8 70 26 5 18 9 11
internal_value=0.00177572 0.00327447 0.00566238 -0.00365827 -0.00114121 0.00294103 -0.00641096 -0.0122806 0.0116805 -0.0180666 -0.0174309 0.0145214 0.00681845 -0.00262556
internal_weight=27.0167 25.8957 19.3976 6.49807 9.48501 8.03248 4.20357 3.47004 9.9126 1.121 2.83468 8.02856 3.02803 1.62087
internal_count=392 360 203 157 86 73 48 124 117 32 116 88 33 20
is_linear=0
shrinkage=0.03


Tree=276
num_leaves=15
num_cat=0
split_feature=4 14 19 19 7 7 17 7 8 14 14 20 19 3
split_gain=0.716969 0.635678 0.617623 0.5652 0.853898 0.648593 0.543268 0.491334 0.665351 0.592562 0.824128 0.367815 0.445746 0.322087
threshold=10.500000000000002 13.900000000000002 -0.12940952255126034 0.78656609248549303 15.450000000000001 4.0500000000000007 82.700000000000003 5.6500000000000012 17.800000000000001 4.7000000000000011 13.100000000000001 0.25000000000000006 -0.78656609248549325 47.000000000000007
decision_type=2 2 2 2 2 2 10 2 2 2 2 2 2 2
left_child=3 -2 -3 6 5 -5 7 9 11 -1 -11 -9 -13 -4
right_child=1 2 13 4 -6 -7 -8 8 -10 10 -12 12 -14 -15
leaf_value=0.0086186034094766027 0.01403337784469349 -0.013769067856937867 -0.0011355849800203318 0.0029940611699911523 0.011126563502074693 -0.022895534653096787 0.0082948114590515806 0.010404466890374766 -0.013527590751190713 -0.022801028256296027 0.0061556408373949203 0.0081027408436573269 -0.013885105606564654 0.014189098814864579
leaf_weight=0.48404585197568506 5.20173531770706 1.1244535539299247 2.5338068520650272 0.9013879180420189 0.55283790454268444 2.2624247121857479 4.7858531544916323 3.9994803494773805 0.99349543557036657 2.1142570491647352 0.74007939989678551 0.67067510588094592 0.7719278603326527 1.1820872398093341
leaf_count=5 39 15 22 15 4 64 50 47 20 63 14 6 34 10
internal_value=0.00161923 0.00767323 -0.000394297 -0.00193267 -0.0109663 -0.0165719 0.00092992 -0.0031115 0.0018806 -0.0109503 -0.0156439 0.00635673 -0.00453056 0.00571449
internal_weight=28.3185 10.0421 4.84035 18.2765 3.71665 3.16381 14.5598 9.77396 6.43558 3.33838 2.85434 5.44208 1.4426 3.71589
internal_count=408 86 47 322 83 79 239 189 107 82 77 87 40 32
is_linear=0
shrinkage=0.03


Tree=277
num_leaves=15
num_cat=0
split_feature=18 9 21 10 9 19 15 4 10 16 10 21 3 18
split_gain=0.637498 1.33022 1.52108 0.742185 0.66564 0.631342 1.0792 0.856061 0.529784 0.305989 0.239802 0.802969 0.687064 0.306506
threshold=1.0000000180025095e-35 1525.0000000000002 0.6830127018922193 -5.2499999999999991 3055.0000000000005 0.1294095225512602 88.500000000000014 21.500000000000004 6.7500000000000009 23.935084296655376 -4.0499999999999989 -1.0000000180025095e-35 99.500000000000014 0.60355339059327384
decision_type=2 2 2 2 2 2 2 2 2 10 2 2 2 2
left_child=3 2 10 4 -1 6 -5 8 9 -7 -2 12 -12 -13
right_child=1 -3 -4 5 -6 7 -8 -9 -10 -11 11 13 -14 -15
leaf_value=0.019203564912800453 0.015840216437021656 -0.019561799177255413 -0.018762963236972772 0.014596855767036853 -0.0021041409656604904 -0.021742833085909213 -0.010190887464255704 0.0072956741252492305 0.0042180814435900278 0.00089862478691673251 -0.016539423816845613 -0.0019586617223087306 0.010403978657808548 0.016641142169483428
leaf_weight=3.9727584582287845 1.977278724312783 2.2783917287597424 1.3402134689968077 4.1434854161925632 1.5473166499286888 2.2126359739340851 1.4556122948415575 2.2290844433009624 0.83794804057106365 0.55255928635597218 1.477624500228558 0.81410870910621902 0.48453947901725758 2.0948760741157457
leaf_count=29 17 52 48 38 17 48 16 15 15 8 56 14 2 23
internal_value=0.00227243 -0.00335433 0.00279335 0.00574011 0.0138242 0.00103836 0.00758495 -0.00543683 -0.0131875 -0.0181814 0.00886501 0.00381794 -0.00861983 0.0122664
internal_weight=27.4184 10.467 8.18864 16.9514 5.52008 11.4313 5.5991 5.83223 3.60314 2.7652 6.84843 4.87115 1.96216 2.90898
internal_count=398 212 160 186 46 140 54 86 71 56 112 95 58 37
is_linear=0
shrinkage=0.03


Tree=278
num_leaves=15
num_cat=0
split_feature=1 1 11 11 4 11 21 10 8 26 6 13 20 3
split_gain=0.498007 0.522892 0.468183 0.606421 0.657814 0.566358 0.937163 0.76644 0.575632 0.54419 0.503831 0.489677 0.458148 0.371876
threshold=92.500000000000014 89.500000000000014 4685.0000000000009 4545.0000000000009 99.500000000000014 4135.0000000000009 -0.24999999999999994 -3.5499999999999994 20.300000000000004 1.0000000180025095e-35 13650.000000000002 1505.0000000000002 0.93301270189221952 90.500000000000014
decision_type=2 2 2 2 2 2 2 2 2 2 2 2 2 2
left_child=1 2 3 5 -5 7 9 -1 10 -7 -9 12 -4 -3
right_child=-2 13 11 4 -6 6 -8 8 -10 -11 -12 -13 -14 -15
leaf_value=0.010508234573423621 0.012626908325772653 -0.018880760643581424 -0.01478507174958104 -0.020970953934725412 0.0016432441158424705 0.0062005790908281292 0.011983757401315289 0.0064677450135297255 0.0032663871578588275 -0.01875543151633614 -0.020242615759904596 0.010018012915339311 0.0087595944505214629 0.0028463706777992325
leaf_weight=1.2269223900511939 1.8785184607841063 1.1824188734171901 0.85955645563080796 1.6673230816377318 1.8077873662114143 0.68869807198643684 5.5496148229576647 0.27757987845689536 1.4899228978902099 0.9136706414283251 2.714772978797555 6.1284055334981531 0.40447216480970383 0.7073537241667508
leaf_count=13 18 29 34 47 5 8 54 2 17 19 67 70 2 8
internal_value=0.000791956 -0.000517625 0.000912605 -0.00194124 -0.0114684 0.00127468 0.00650985 -0.00527628 -0.0107256 -0.00976834 -0.0167655 0.00669906 -0.00670975 -0.0125774
internal_weight=27.497 25.6185 23.7287 16.3363 3.47511 12.8612 7.15198 5.7092 4.48228 1.60237 2.99235 7.39243 1.26403 1.88977
internal_count=393 375 338 232 52 180 81 99 86 27 69 106 36 37
is_linear=0
shrinkage=0.03


Tree=279
num_leaves=15
num_cat=0
split_feature=1 1 17 17 12 7 19 1 7 4 0 0 17 1
split_gain=0.526519 0.728335 0.682862 0.674019 0.624481 0.318195 1.14893 0.551922 0.459709 0.455373 0.591348 0.425428 0.404101 0.501927
threshold=87.500000000000014 92.500000000000014 98.350000000000009 10.600000000000001 0.55000000000000016 4.4500000000000011 -0.37940952255126009 76.500000000000014 5.6500000000000012 68.500000000000014 20.650000000000002 18.250000000000004 26.750000000000004 84.500000000000014
decision_type=2 2 8 10 2 2 2 2 2 2 2 2 10 2
left_child=2 4 3 -1 -2 6 -5 -8 -7 10 11 -10 13 -12
right_child=1 -3 -4 5 -6 8 7 -9 9 -11 12 -13 -14 -15
leaf_value=-0.013102876558237839 -0.01999085511116367 0.0070206302440860638 -0.011050384895942105 -0.0097407742303798634 0.0046321015139596487 -0.0086457217395471842 -0.00091962941811963564 0.022677512167515814 0.0062607495456808472 -0.0050168887763252555 -0.013361634765572717 -0.015024549710482744 0.012973476487825314 0.010569725450256456
leaf_weight=0.69176757405513001 2.0811656870646398 1.8041822994127867 1.4493590677157033 1.0100270821712909 0.86909463629126538 1.3144515788881097 1.0070582213811601 3.7094265362247825 0.81973986723460146 2.1268423944711676 0.7170920317294065 0.78466437361203134 8.8051918204873783 0.50138172507286072
leaf_count=20 48 18 31 19 7 27 23 23 13 15 33 17 93 2
internal_value=0.00250615 -0.00577817 0.004393 0.00587974 -0.013401 0.00708339 0.012692 0.0183596 0.00429485 0.00603362 0.00829205 -0.00592106 0.0108978 -0.00318866
internal_weight=27.6914 4.75444 22.937 21.4876 2.95026 20.7959 5.72651 4.71648 15.0694 13.7549 11.6281 1.6044 10.0237 1.21847
internal_count=389 73 316 285 55 265 65 46 200 173 158 30 128 35
is_linear=0
shrinkage=0.03


Tree=280
num_leaves=15
num_cat=0
split_feature=17 11 1 6 6 18 14 4 11 1 16 8 16 8
split_gain=0.443583 0.342866 0.353002 0.442915 1.01824 0.316526 0.853713 0.628925 0.515959 0.775391 0.652574 0.575538 0.468392 0.386935
threshold=7.3000000000000016 5035.0000000000009 57.500000000000007 29350.000000000004 26550.000000000004 -0.78656609248549292 17.200000000000006 44.000000000000007 4285.0000000000009 89.500000000000014 19.548878658742233 8.5000000000000018 19.166965853105967 14.100000000000001
decision_type=10 2 2 2 2 2 2 2 2 2 10 2 8 2
left_child=-1 2 -2 4 5 13 8 -8 10 12 -7 -12 -10 -4
right_child=1 -3 3 -5 -6 6 7 -9 9 -11 11 -13 -14 -15
leaf_value=-0.012895912719411035 -0.0068095222298250966 -0.0096628769226059907 -0.001076175423789181 0.016932883923210917 -0.016855342567790213 -0.013773132738877475 -0.013965815155965018 0.0069345637244138609 0.015960974462347437 -0.0089100383707254021 0.016063934840037163 -0.0075378478450521058 0.00085698962145699139 0.018175885836538064
leaf_weight=0.62559000623878347 1.6135873188031897 0.7994785076007237 1.1857079361798413 1.6193922609090794 1.0741762991528947 1.4596941884374204 2.8548855187254949 1.213354807347059 7.1304394789040062 1.0551435849629331 1.2026973189786079 0.82672457653097797 2.5441955351270744 2.1590244499966502
leaf_count=20 33 16 22 14 32 36 58 10 72 24 9 21 22 16
internal_value=0.00254034 0.00335338 0.00409836 0.00506223 0.00353704 0.00524969 0.00330502 -0.00759395 0.00671746 0.00976111 -0.00273178 0.00713483 0.0124414 0.0126742
internal_weight=27.3641 26.7385 25.939 24.3254 22.706 21.6319 18.2871 4.06824 14.2189 10.7298 3.48912 2.02942 9.67464 3.34473
internal_count=405 385 369 336 322 290 252 68 184 118 66 30 94 38
is_linear=0
shrinkage=0.03


Tree=281
num_leaves=15
num_cat=0
split_feature=5 18 22 20 18 13 3 6 21 16 11 6 19 0
split_gain=1.09479 0.987079 0.722492 0.919197 1.33362 0.855195 0.860456 0.793172 1.22593 0.475812 0.337928 0.296829 0.289168 0.171169
threshold=87.500000000000014 -0.37940952255126054 1.0000000180025095e-35 0.93301270189221952 -1.0000000180025095e-35 2125.0000000000005 39.000000000000007 16050.000000000002 0.6830127018922193 9.2500255213531766 4135.0000000000009 16550.000000000004 0.37940952255126043 26.950000000000003
decision_type=2 2 2 2 2 2 2 2 2 10 2 2 2 2
left_child=2 -2 5 4 7 6 -1 -4 9 -9 -5 -3 -10 -6
right_child=1 11 3 10 13 -7 -8 8 12 -11 -12 -13 -14 -15
leaf_value=-0.017304828205857992 -0.00493867216677394 0.0052486620019653197 0.01454635460850881 -0.0029076945166006435 -0.021599418046460695 0.016121306387839561 0.0088924159615335705 0.0037075337535656329 0.013220566144928949 -0.021510312320156131 0.014372695244606879 0.023206883160986267 -0.0026655796854879988 -0.00076724731059142799
leaf_weight=1.1936909458600031 1.7840479500591753 1.9599048853851844 1.4908480916637952 1.1566848473157745 3.7132539742742621 3.0670695323497057 1.4252109411172567 0.52015834255144033 1.6023628637194636 2.2140822095097974 1.775811980012804 3.0651197866536677 1.2389993546530602 0.46547040401492257
leaf_count=48 16 17 10 15 134 19 14 10 14 52 14 12 15 9
internal_value=0.00278838 0.0123094 -0.000908884 -0.00448907 -0.00831009 0.00735436 -0.00453051 0.000144966 -0.00533235 -0.0170048 0.00855053 0.0182363 0.00740271 -0.0198751
internal_weight=26.6727 6.80907 19.8636 14.1777 11.2452 5.68597 2.6189 7.06645 5.5756 2.73424 2.9325 5.02502 2.84136 4.17872
internal_count=399 45 354 273 244 81 62 101 91 62 29 29 29 143
is_linear=0
shrinkage=0.03


Tree=282
num_leaves=15
num_cat=0
split_feature=1 6 7 0 11 9 18 5 13 8 9 6 6 3
split_gain=1.50162 0.701408 0.847721 0.653973 0.974191 0.625339 0.69927 0.613357 0.549866 0.760812 0.528225 0.490811 0.486088 0.35766
threshold=57.500000000000007 29350.000000000004 1.9500000000000002 21.050000000000004 3845.0000000000005 1625.0000000000002 -1.0000000180025095e-35 66.500000000000014 1505.0000000000002 13.700000000000001 500.00000000000006 13050.000000000002 25150.000000000004 27.500000000000004
decision_type=2 2 2 2 2 2 2 2 2 2 2 2 2 2
left_child=-1 2 -2 4 -4 8 13 -8 9 11 -11 -5 -13 -7
right_child=1 -3 3 5 -6 6 7 -9 -10 10 -12 12 -14 -15
leaf_value=-0.025069177933515971 0.014008526107880614 0.017237346376475893 0.0033430760576916834 0.0077422785886071431 -0.021779420052499433 0.0077979390767066205 -0.021729897666658764 0.0042199797708136087 0.014542315874040852 0.013855786007318741 -0.0070991597989712076 -0.021430192005605125 0.0047566615749935742 -0.0055864169540931988
leaf_weight=0.82711463607847946 3.0100286847446176 1.8173526865430165 2.1951481534633812 0.41558096557855817 1.9458153785672037 3.1187998488312587 1.70540686068125 0.77229849435389031 3.5031792529625818 2.6756913970457394 0.81735227874014516 1.4522351186024023 0.44207406020723272 2.2602982698008418
leaf_count=31 29 16 32 3 61 34 38 7 38 25 16 38 8 20
internal_value=0.0013175 0.00304591 0.00134612 -0.000990811 -0.010402 0.00172756 -0.00422324 -0.0147537 0.0066739 0.000484398 0.00846373 -0.0104936 -0.015787 0.00217974
internal_weight=26.9584 26.1313 24.3139 21.3039 4.14096 17.1629 7.8568 2.47771 9.30611 5.80293 3.49304 2.30989 1.89431 5.3791
internal_count=396 365 349 320 93 227 99 45 128 90 41 49 46 54
is_linear=0
shrinkage=0.03


Tree=283
num_leaves=15
num_cat=0
split_feature=17 20 4 11 19 17 8 17 19 1 7 26 1 1
split_gain=0.350854 0.75892 0.826259 0.703775 0.529166 0.836086 0.820708 0.622289 0.427625 0.402627 0.584561 0.226106 0.698972 0.344535
threshold=40.900000000000006 -0.6830127018922193 17.500000000000004 4265.0000000000009 -0.12940952255126034 90.850000000000009 14.100000000000001 84.15000000000002 0.60355339059327384 89.500000000000014 7.7500000000000009 1.0000000180025095e-35 76.500000000000014 85.500000000000014
decision_type=10 2 2 2 2 10 2 10 2 2 2 2 2 2
left_child=1 9 -3 -4 5 6 -2 11 -9 10 -1 -6 -13 -14
right_child=4 2 3 -5 7 -7 -8 8 -10 -11 -12 12 13 -15
leaf_value=0.015401410087073681 -0.021015320962837529 -0.018844927352662553 0.014824340139055033 -0.0071178099452894683 0.021365280848628387 0.010680422304347887 0.0056984548409026075 0.0067542680941435349 -0.011228924868828772 -0.0039148104205005314 -0.0056228873393700139 -0.0055052976485920309 0.018704519680111664 -0.00028715772291377313
leaf_weight=3.6205604199785739 1.4984898595139395 2.0817028899909946 1.1919506918638947 2.330948147457093 2.2993001164868474 1.9047715989872811 1.1843391421716658 1.6840013753389942 1.1581585984677074 1.8562770755961535 1.0212030182592569 1.7468006084673069 2.6953580140252602 1.0814042194979263
leaf_count=30 41 102 9 20 13 19 9 21 24 18 18 42 25 17
internal_value=0.00381155 -5.13587e-05 -0.00746287 0.00194238 0.00669125 -0.00161698 -0.0108773 0.0100973 -0.00158904 0.00648388 0.0105992 0.014042 0.00818575 0.0143449
internal_weight=27.3553 12.1026 5.6046 3.5229 15.2526 4.5876 2.68283 10.665 2.84216 6.49804 4.64176 7.82286 5.52356 3.77676
internal_count=408 197 131 29 211 69 50 142 45 66 48 97 84 42
is_linear=0
shrinkage=0.03


Tree=284
num_leaves=15
num_cat=0
split_feature=7 3 4 19 1 18 17 11 11 17 19 1 14 0
split_gain=0.566018 1.15568 1.16268 0.80041 0.650732 0.683964 0.619564 0.495627 0.44983 0.39188 0.686292 0.427618 0.266892 0.190976
threshold=12.250000000000002 25.500000000000004 99.500000000000014 -0.5 68.500000000000014 -0.37940952255126054 91.450000000000017 4135.0000000000009 4065.0000000000005 54.800000000000004 0.78656609248549303 82.500000000000014 8.3000000000000025 22.750000000000004
decision_type=2 2 2 2 2 2 10 2 2 10 2 2 2 2
left_child=1 3 6 12 5 -2 8 -5 -3 10 -9 -12 -1 -14
right_child=4 2 -4 7 -6 -7 -8 9 -10 -11 11 -13 13 -15
leaf_value=-0.00269351027023562 -0.015462375558448982 -0.00025275639807241745 0.005739693300534067 -0.015098572407461935 0.017505745261099288 0.010331403905604627 0.0020904598259027518 -0.015631690748159774 -0.025091781640550721 0.0081036291354983046 -0.0056635431559671299 0.012798411435008671 0.00093753477915761989 0.01643622101646865
leaf_weight=0.64562941063195722 0.83634073520079255 0.80425407947041039 2.611781757324934 0.91519506787881422 2.7488198117353022 0.90984434576239326 1.0987102426588533 1.5081807987880891 3.1366637588944286 3.5155362908262759 1.2994330512592571 1.4409658988006411 0.97417117841541756 4.2561398450052366
leaf_count=18 13 10 16 49 26 8 9 64 58 37 22 12 21 33
internal_value=0.00174444 -0.00037227 -0.00914701 0.00453193 0.0103663 -0.00315449 -0.016535 -0.00137552 -0.0210998 0.00178029 -0.00399909 0.00487048 0.0121888 0.0141633
internal_weight=26.7017 22.2067 7.65141 14.5553 4.495 1.74619 5.03963 8.67931 3.94092 7.76412 4.24858 2.7404 5.87594 5.23031
internal_count=396 349 93 256 47 21 77 184 68 135 98 34 72 54
is_linear=0
shrinkage=0.03


Tree=285
num_leaves=15
num_cat=0
split_feature=11 11 21 6 15 4 11 17 4 9 8 10 8 19
split_gain=0.414956 0.61979 0.829418 0.936331 0.789001 0.628982 0.532851 1.151 0.518757 0.499081 0.460749 0.43984 0.225174 0.691015
threshold=3705.0000000000005 4135.0000000000009 -0.24999999999999994 17750.000000000004 50.500000000000007 33.500000000000007 4565.0000000000009 30.650000000000002 99.500000000000014 1885.0000000000002 16.800000000000001 -5.6499999999999995 20.300000000000004 -0.9159756150367534
decision_type=2 2 2 2 2 2 2 10 2 2 2 2 2 2
left_child=12 5 3 4 9 11 -4 -8 -5 -3 -9 -2 13 -1
right_child=1 2 6 8 -6 -7 7 10 -10 -11 -12 -13 -14 -15
leaf_value=0.015381017564260333 0.0052349251520623433 0.0050043583806624109 0.012268387943963519 -0.020966452092959876 0.013022416736523544 0.0071029021666925941 0.012460563954448551 -0.019808522413000088 -0.00020851277192869512 -0.017023507765962471 0.002698277629794972 -0.019891526352263718 0.016840540014035402 -0.0091988736567477792
leaf_weight=0.84302675724029574 0.33460149168968278 1.0642677146825064 6.3095275574596545 2.2258232755120844 2.6593117313459516 0.80766847636550654 2.1304947193711996 1.4299873089184987 1.6620719581842425 1.0167791862040756 0.91163094155490387 2.310623811325061 1.1694649308919904 1.3596450434997707
leaf_count=2 4 23 62 72 22 8 23 33 4 22 7 73 8 26
internal_value=0.00140696 -0.000203581 0.00201712 -0.0046258 0.00412008 -0.0103365 0.00727467 -0.000725244 -0.0139506 -0.00779031 -0.0128609 -0.016149 0.00987538 0.00207375
internal_weight=26.2349 22.8628 19.4099 8.62825 4.74036 3.45289 10.7816 4.47211 3.8879 2.08105 2.34162 2.64523 3.37214 2.20267
internal_count=389 353 268 143 67 85 125 63 76 45 40 77 36 28
is_linear=0
shrinkage=0.03


Tree=286
num_leaves=15
num_cat=0
split_feature=24 7 7 1 16 18 9 9 18 11 1 16 10 13
split_gain=0.612614 0.382053 0.419813 0.601483 0.822533 0.611333 0.431968 0.524179 0.358001 1.14321 0.520949 0.423929 0.355722 0.345689
threshold=1.0000000180025095e-35 1.9500000000000002 6.4500000000000011 84.500000000000014 9.3653769467721322 -0.9829629131445341 715.00000000000011 1525.0000000000002 -0.37940952255126054 3705.0000000000005 72.500000000000014 14.795276485768758 -6.5499999999999989 2575.0000000000005
decision_type=2 2 2 2 8 2 2 2 2 2 2 10 2 2
left_child=1 -1 3 4 -3 -6 -5 -8 11 -10 -11 13 -9 -4
right_child=-2 2 8 6 5 -7 7 12 9 10 -12 -13 -14 -15
leaf_value=0.012685216156835051 -0.013172390298706231 0.0078487239601317937 -0.012907580083559312 -0.0090911093246031568 0.0066695120064095698 -0.021819018035053869 0.015111797608956888 0.0067714427441560978 0.016616458376527699 0.001779212917221845 -0.017198324971414367 0.011772179576582744 -0.011163071206727718 0.0066644257512957139
leaf_weight=2.1759006846696201 1.3348931362852443 0.95331172458827707 0.65039857430384074 1.0352926440536974 0.35256624221801791 2.5560830897302367 2.1906766669126227 1.0076873600482943 1.2830801303498374 2.0396480911877011 1.9262954182922838 6.0289233359508216 1.0630095253000034 0.7252048091031611
leaf_count=27 19 11 20 24 2 88 24 5 10 37 50 56 18 8
internal_value=0.0016157 0.00293284 0.00144655 -0.00324444 -0.01095 -0.017543 0.00322063 0.00737113 0.00483084 -0.00111737 -0.00904545 0.00867873 -0.00307246 -0.00412744
internal_weight=25.323 23.9881 21.8122 9.15863 3.86196 2.90865 5.29667 4.26137 12.6536 5.24902 3.96594 7.40453 2.0707 1.3756
internal_count=399 380 353 172 101 90 71 47 181 97 87 84 23 28
is_linear=0
shrinkage=0.03


Tree=287
num_leaves=15
num_cat=0
split_feature=16 5 14 14 8 17 19 16 15 19 15 12 17 12
split_gain=0.962918 0.883622 0.756967 0.694518 0.74853 0.619149 0.472397 0.416948 0.441462 0.490018 0.376484 0.368101 0.248838 0.173625
threshold=15.944226531479393 63.000000000000007 16.800000000000001 11.600000000000001 14.100000000000001 53.95000000000001 0.96592582628906831 20.436185661310777 99.500000000000014 0.25881904510252057 80.500000000000014 2.3500000000000005 69.300000000000026 5.5500000000000007
decision_type=10 2 2 2 2 8 2 10 2 2 2 2 10 2
left_child=1 2 12 -2 6 -4 11 -6 9 -9 -3 -5 13 -1
right_child=3 10 5 4 7 -7 -8 8 -10 -11 -12 -13 -14 -15
leaf_value=-0.020321096084511141 0.015112477836400641 -0.0015942546263091432 0.011114216298758899 -0.018346769353709168 0.015034571666493909 -0.012738342653354483 0.0067509019519292161 0.0053088252116878379 0.0090960700002272882 -0.016768975371075689 0.014289484540543896 0.0024212048358346529 0.0024368821057590565 0.00031666822418002463
leaf_weight=3.6609423303161766 4.7054241609293959 2.7013344364240766 1.6183673460618595 1.8595560332760204 2.4512925416929647 0.59080153994727869 0.77968656830489624 0.99105348251760006 1.7127374755218625 0.986381895840168 1.366233669221401 0.76143155433237542 0.31666277907788742 0.36525037884712208
leaf_count=140 45 23 29 45 27 13 12 9 15 16 10 6 8 2
internal_value=0.00191505 -0.0046754 -0.0108895 0.00681179 0.0016733 0.00275365 -0.00822245 0.0075369 0.000412739 -0.00763726 0.00550785 -0.013311 -0.017046 -0.0187584
internal_weight=24.8672 10.6196 6.55202 14.2476 9.54214 2.20917 3.40067 6.14147 3.69017 1.97744 4.06757 2.62099 4.34286 4.02619
internal_count=400 225 192 175 130 42 63 67 40 25 33 51 150 142
is_linear=0
shrinkage=0.03


Tree=288
num_leaves=15
num_cat=0
split_feature=7 14 17 7 7 7 7 8 15 15 6 6 18 15
split_gain=0.529431 0.830674 0.568447 0.402049 0.909882 0.623234 0.470233 0.562534 0.402099 0.374876 0.339343 0.334603 0.301616 0.286408
threshold=1.9500000000000002 9.2000000000000011 98.350000000000009 4.9500000000000011 6.5500000000000007 3.4500000000000006 8.4500000000000011 13.700000000000001 43.500000000000007 1.0000000180025095e-35 38450.000000000007 21350.000000000004 0.98296291314453432 1.5000000000000002
decision_type=2 2 8 2 2 2 2 2 2 2 2 2 2 2
left_child=-1 10 3 5 11 -3 -6 9 13 -8 -2 -5 -4 -9
right_child=1 2 12 4 6 -7 7 8 -10 -11 -12 -13 -14 -15
leaf_value=0.012584668695140423 -0.018042559185189717 -0.003154365891144591 -0.01645935592728091 -0.019053992579046657 0.012377977454040892 0.015752305514570096 0.0062844752242240676 0.0052411543967143372 0.0073978414065291494 -0.017460890278335226 0.0015929541662484201 0.0029863049938424354 0.0044518488528909632 -0.014005740001760227
leaf_weight=2.9050575136207071 1.7211961289867788 1.8561025015078545 1.0195487627061073 1.3699224249576207 3.5090680645080274 4.0472428851062432 0.24823373556136896 0.47479509096592643 5.7514910819008946 1.1621370618231592 0.90430420637130726 0.51328104245476414 0.39207931468263257 0.76297337957657874
leaf_count=32 57 20 31 38 48 41 1 10 49 33 2 9 4 26
internal_value=0.00234411 0.000632421 0.00279122 0.00428834 0.0012339 0.0102119 0.00456197 0.000327247 0.00412859 -0.0124082 -0.0127055 -0.0140945 -0.0112136 -0.00757993
internal_weight=26.6374 23.7324 21.1069 19.6952 13.7919 5.90335 11.9087 8.39963 6.98926 1.41037 2.6255 1.8832 1.41163 1.23777
internal_count=401 369 310 275 214 61 167 119 85 34 59 47 35 36
is_linear=0
shrinkage=0.03


Tree=289
num_leaves=15
num_cat=0
split_feature=16 8 16 16 14 18 14 8 6 16 17 6 19 7
split_gain=0.50449 0.354302 0.31497 0.428322 0.438025 0.56686 0.371863 0.810477 0.365811 0.738526 1.06289 0.49705 0.304721 0.274319
threshold=28.54711984885169 4.0000000000000009 25.399212195245514 23.065017371356095 17.200000000000006 -0.78656609248549292 9.2000000000000011 4.6000000000000005 20600.000000000004 21.275694372343587 31.250000000000004 15350.000000000002 0.25881904510252057 14.350000000000003
decision_type=8 2 8 10 2 2 2 2 2 10 10 2 2 2
left_child=1 -1 3 4 6 -6 7 -3 9 10 11 -8 -10 -7
right_child=-2 2 -4 -5 5 13 8 -9 12 -11 -12 -13 -14 -15
leaf_value=-0.0098237580049254508 -0.013031663464261939 0.010213220548472483 0.013611097385799274 -0.010323803919511819 0.0085756555689974565 -0.015228424294883828 0.013440613448777177 -0.011072167072132957 0.017815059436369501 0.017530801247591321 -0.014550850340002593 -0.0042473384738414251 0.0024852700756909591 0.0018789351116212615
leaf_weight=0.80939710955136135 0.82657226687297125 2.0073207833338662 1.8919821023009706 1.1157294511795033 1.2508237324655054 1.9149880639160977 2.6434048921801132 2.4826654092175886 3.6108119862619779 1.4509152583777902 2.3733520215610042 1.7289585279067976 2.0550933672348037 0.90610311878845085
leaf_count=25 19 11 17 24 11 58 23 47 33 7 44 35 41 8
internal_value=0.00240785 0.0033547 0.00412991 0.00284429 0.00391222 -0.0042404 0.00584671 -0.00142919 0.00814092 0.00339909 -0.00151133 0.00695761 0.0134617 -0.01068
internal_weight=27.0681 26.2415 25.4321 23.5402 22.4244 4.07191 18.3525 4.48999 13.8625 8.19663 6.74572 4.37236 5.66591 2.82109
internal_count=403 384 359 342 318 77 241 58 183 109 102 58 74 66
is_linear=0
shrinkage=0.03


Tree=290
num_leaves=15
num_cat=0
split_feature=11 14 16 17 27 3 19 18 9 15 6 6 0 7
split_gain=0.394383 0.551722 0.878992 0.76365 0.623762 0.541153 0.905224 0.311252 0.321309 0.295827 0.267261 0.258314 0.205228 0.161466
threshold=3705.0000000000005 11.600000000000001 10.55110156737384 66.450000000000017 1.0000000180025095e-35 6.5000000000000009 0.9159756150367534 -0.78656609248549292 3615.0000000000005 23.500000000000004 35650.000000000007 17250.000000000004 24.550000000000004 17.350000000000005
decision_type=2 2 8 10 2 2 2 2 2 2 2 2 2 2
left_child=-1 3 11 5 7 9 -7 12 13 10 -2 -3 -4 -9
right_child=1 2 4 -5 -6 6 -8 8 -10 -11 -12 -13 -14 -15
leaf_value=0.0090982718870999055 -0.011321264303731798 0.01440033916507108 0.0065987582914266334 0.016129933839397564 0.010171994577870571 -0.020561634571690485 0.0044065456079986666 -0.016329894562514442 0.002188421203361034 0.01197446074102845 0.0051163722990746896 -0.00074116203252918027 -0.0067653662253616331 0.00040578521690353786
leaf_weight=3.0737093714997199 0.56520954193547579 1.3041437119245505 1.0098742935806524 2.3363360362127423 0.6552590876817711 1.5243255966342988 2.1222264319658279 6.3887825980782482 0.82344594877213229 2.0175693582277745 1.1547034978866575 1.6454228558577595 1.1328555596992371 0.50663636624813069
leaf_count=37 33 16 10 24 7 37 12 153 6 22 3 22 17 5
internal_value=0.000477043 -0.000994729 -0.00478114 0.00420757 -0.00871642 -0.00103866 -0.00820953 -0.0107924 -0.0133109 0.00621382 -0.0024618 0.00790461 -0.000371293 -0.0152046
internal_weight=26.2605 23.1868 13.4664 9.72037 10.5169 7.38403 3.64655 9.86159 7.71886 3.73748 1.71991 2.94957 2.14273 6.89542
internal_count=404 367 236 131 198 107 49 191 164 58 36 38 27 158
is_linear=0
shrinkage=0.03


Tree=291
num_leaves=15
num_cat=0
split_feature=8 7 16 0 8 7 6 0 3 7 7 14 4 6
split_gain=0.315908 0.24822 0.513921 0.49943 0.894943 0.719279 0.360613 0.300567 0.570727 0.440481 0.480953 0.420297 0.364706 0.492303
threshold=3.8000000000000003 1.9500000000000002 7.9630066450348229 21.050000000000004 20.300000000000004 4.0500000000000007 31950.000000000004 24.950000000000003 88.000000000000014 9.0500000000000025 13.750000000000002 9.2000000000000011 90.500000000000014 17950.000000000004
decision_type=2 2 10 2 2 2 2 2 2 2 2 2 2 2
left_child=-1 -2 -3 4 5 -4 -7 9 12 11 -11 -5 13 -9
right_child=1 2 3 7 -6 6 -8 8 -10 10 -12 -13 -14 -15
leaf_value=-0.011255564437004938 0.011709680915487842 -0.01421442690588416 0.004187090284103908 -0.001514782812320425 0.010507658134511775 -0.022537041581171785 0.0027978507679664992 0.012397400294932392 -0.013468372090951423 -0.010035949332933166 0.0095082494717623946 0.015930320751385507 -0.0067124055868460208 -0.0026820485491269889
leaf_weight=0.5406230185180928 1.5930403862148548 0.71244669269072147 1.356685499427843 1.3596255686134116 1.5633466634899376 2.105987435439602 0.36110245576128353 4.2013882515020651 1.0104872882366169 1.4824804924428465 1.0982921272516248 5.0385424727573991 1.3934146203100679 2.6328115513315424
leaf_count=23 17 21 25 11 15 58 9 39 10 21 12 64 9 69
internal_value=0.00213287 0.00282012 0.00179822 0.00283961 -0.00460132 -0.0116763 -0.0190914 0.00516497 0.00113271 0.00878436 -0.001386 0.0125195 0.0041912 0.00698735
internal_weight=26.4503 25.9097 24.3166 23.6042 5.38712 3.82378 2.46709 18.217 9.2381 8.97894 2.58077 6.39817 8.22761 6.8342
internal_count=403 380 363 342 107 92 67 235 127 108 33 75 117 108
is_linear=0
shrinkage=0.03


Tree=292
num_leaves=15
num_cat=0
split_feature=24 16 7 3 7 0 10 18 13 4 11 1 6 21
split_gain=0.607982 0.526304 0.575515 0.548733 0.657281 0.842251 0.884694 0.404499 0.718232 0.638196 0.410021 0.397607 0.4379 0.362677
threshold=1.0000000180025095e-35 30.091648838676843 10.15 1.0000000180025095e-35 3.6500000000000008 24.950000000000003 -6.6499999999999995 -0.60355339059327362 1775.0000000000002 98.500000000000014 4715.0000000000009 70.500000000000014 29350.000000000004 -0.5
decision_type=2 8 2 2 2 2 2 2 2 2 2 2 2 2
left_child=1 2 3 13 5 -5 -7 -6 -9 10 -10 12 -4 -1
right_child=-2 -3 11 4 7 6 -8 8 9 -11 -12 -13 -14 -15
leaf_value=-0.0049465576773619971 -0.011102540783943227 -0.013537959003083718 -0.0097925084781193897 0.013281924990084485 0.00090154571559565046 0.009222342827928165 -0.019433033714631807 -0.022254945941516103 -0.016972893126006115 0.01365089964269116 0.0051426790650939448 0.01663671134779799 0.010475576878576667 0.01297708177514113
leaf_weight=0.74086505029117677 2.1175142459105691 0.66953575756633554 0.97874163603410014 3.3503921901574341 3.1285167103633373 0.96378959156572852 1.1301609533838926 1.970789806859093 0.96273943735286616 0.79709066450595845 0.63096911087632179 3.4716670652851462 0.86233780928887427 3.4130080857430718
leaf_count=39 20 18 16 40 42 6 18 47 18 7 11 33 9 58
internal_value=0.00143876 0.00300328 0.00405507 0.00112597 -0.00203021 0.00535304 -0.0075259 -0.00739527 -0.0124047 -0.000116171 -0.00961011 0.0118056 4.65382e-05 0.0094408
internal_weight=25.1881 23.0706 22.4011 17.0883 12.9344 5.44434 2.09395 7.49011 4.36159 2.3908 1.59371 5.31275 1.84108 4.15387
internal_count=382 362 344 286 189 64 24 125 83 36 29 58 25 97
is_linear=0
shrinkage=0.03


Tree=293
num_leaves=15
num_cat=0
split_feature=17 15 6 6 18 6 18 5 17 11 20 7 5 6
split_gain=0.508492 0.886287 1.17303 0.422931 0.596618 0.547985 0.722758 0.516888 0.407844 0.313626 0.298995 0.252093 0.185162 0.182233
threshold=43.050000000000004 63.500000000000007 13350.000000000002 15950.000000000002 -1.0000000180025095e-35 22050.000000000004 -0.60355339059327362 51.000000000000007 27.650000000000002 3935.0000000000005 -1.0000000180025095e-35 5.3500000000000005 1.5000000000000002 27200.000000000004
decision_type=10 2 2 2 2 2 2 2 8 2 2 2 2 2
left_child=1 2 -1 4 -2 6 -5 13 11 -4 -8 -3 -10 -7
right_child=3 8 9 5 -6 7 10 -9 12 -11 -12 -13 -14 -15
leaf_value=0.0069224563658593268 0.006069837908846157 0.013597387841262205 9.5774812062872318e-05 -0.0054521755200959516 -0.015432638829320599 0.0087512580542775872 0.00096870509558159552 -0.015148993307647088 0.0026254183222190674 -0.024504908109055614 0.020349569908435318 -1.2776465141064306e-05 -0.010678835727983249 -0.0015877063617593579
leaf_weight=1.2831545223016307 1.4492267165333035 1.6888879016041758 0.5212767674820501 1.2202251106500623 1.4305161538068194 1.9075970696285365 0.99089103389997024 0.7660712688229977 0.99745735910255495 2.8812403247575276 3.155616033356635 2.2460891706869006 1.4699379899539051 2.7119732238352299
leaf_count=17 13 12 8 12 41 21 19 12 15 109 27 21 12 47
internal_value=-0.000747552 -0.00527548 -0.0139225 0.0030442 -0.00583618 0.0057168 0.0116839 -0.00112794 0.00207886 -0.0215703 0.0168063 0.00740031 -0.00609446 0.0034792
internal_weight=24.7202 11.088 4.68567 13.6321 2.87974 10.7524 5.36673 5.38564 6.40237 3.40252 4.14651 3.93498 2.4674 4.61957
internal_count=386 194 134 192 54 138 58 80 60 117 46 33 27 68
is_linear=0
shrinkage=0.03


Tree=294
num_leaves=15
num_cat=0
split_feature=18 3 3 15 7 0 6 15 11 14 4 6 6 3
split_gain=0.920539 0.674038 0.646034 0.866959 0.69012 0.63593 0.676211 0.615626 0.509324 0.495994 0.473469 0.362394 0.358749 0.287196
threshold=0.37940952255126054 2.5000000000000004 24.500000000000004 94.000000000000014 11.200000000000001 22.250000000000004 22150.000000000004 38.500000000000007 4795.0000000000009 23.200000000000006 99.500000000000014 26100.000000000004 15750.000000000002 1.5000000000000002
decision_type=2 2 2 2 2 2 2 2 2 2 2 2 2 2
left_child=2 8 5 7 10 6 -1 -4 11 -3 12 -2 -5 -7
right_child=1 9 3 4 -6 13 -8 -9 -10 -11 -12 -13 -14 -15
leaf_value=0.0079786842567528063 -0.013320605383253388 -0.020867518845280125 0.0044467701851462387 0.0029720853124341842 0.014924497493791867 0.0027328732655392271 -0.015190978551622587 -0.020864374720409893 0.013136572545821894 0.0037998253940878832 0.0064082566681824956 0.0065180403387605336 -0.018458768306589313 0.017291030776117166
leaf_weight=1.7939732403028812 1.1163469604798586 2.1532956890296195 0.86147007066756343 0.71449246816337109 2.4698620997369289 2.0222347883973271 0.92214537761174131 1.5304480534978209 1.1366415949305517 0.60118479374796141 1.6228700280189514 0.59300271258689452 0.98520436137914658 5.5634727670112625
leaf_count=17 58 65 10 8 18 29 37 28 20 8 9 12 14 56
internal_value=0.00230845 -0.00749293 0.00550996 -0.000813724 0.00545389 0.0101613 -0.00185867 -0.0131249 0.00266781 -0.0159056 -0.00341019 -0.00657271 -0.0116861 0.0141804
internal_weight=24.0866 5.60047 18.4862 8.18435 5.79243 10.3018 2.71612 2.39192 2.84599 2.75448 3.32257 1.70935 1.6997 7.58571
internal_count=389 163 226 87 49 139 54 38 90 73 31 70 22 85
is_linear=0
shrinkage=0.03


Tree=295
num_leaves=15
num_cat=0
split_feature=17 17 13 16 6 16 8 6 0 18 13 13 12 9
split_gain=0.853237 1.2354 0.832411 0.802654 1.31547 0.760295 0.651276 0.613728 0.626676 0.591826 0.552432 0.625029 0.400928 0.393807
threshold=24.650000000000002 13.050000000000002 2480.0000000000005 17.240873217518793 29800.000000000004 8.0629062425153304 19.300000000000001 26550.000000000004 18.050000000000004 -0.25881904510252113 885.00000000000011 1775.0000000000002 1.0000000180025095e-35 2655.0000000000005
decision_type=10 8 2 10 2 10 2 2 2 2 2 2 2 2
left_child=1 -1 3 4 5 -2 -7 8 9 -5 -10 -12 -3 -4
right_child=2 12 13 7 -6 6 -8 -9 10 -11 11 -13 -14 -15
leaf_value=0.00344958180833613 0.0087043309934709077 -0.027419713839019984 0.017975271632924596 0.0087597788487660064 0.010611794455391515 -0.024556943242199876 0.00570272100809121 -0.0068316512310441025 0.017277016235143973 -0.015762212319507318 -0.012836566479609873 0.010901451487719878 0.00078101649414896712 -0.0010218203707915104
leaf_weight=3.0972672302741584 0.38075012667104902 1.5275449064793067 3.4003332848660639 0.78168893652036786 1.5806655223714186 3.0501796287717302 0.36908601224422444 2.2345878288615486 4.6298459328245372 0.90526189550291547 0.9292407110333446 1.0717771336203439 0.48696406371891487 1.1312976712360976
leaf_count=39 2 70 27 8 22 93 5 34 38 25 15 12 6 13
internal_value=0.00109975 -0.00883693 0.00387785 0.000373084 -0.00818855 -0.0165904 -0.0207393 0.00506959 0.00865692 -0.00536814 0.0124609 -0.000726237 -0.0226051 0.0139054
internal_weight=25.5765 5.11178 20.4647 15.9331 5.38068 3.80002 3.41927 10.5524 8.31781 1.68695 6.63086 2.00102 2.01451 4.53163
internal_count=409 115 294 254 122 100 98 132 98 33 65 27 76 40
is_linear=0
shrinkage=0.03


Tree=296
num_leaves=15
num_cat=0
split_feature=8 6 7 14 12 10 7 8 8 10 12 11 11 17
split_gain=1.31421 0.712564 0.747728 0.711625 0.532447 0.460721 0.437981 0.787838 0.937944 0.492453 0.697294 0.58753 0.654387 0.397963
threshold=4.4000000000000012 29350.000000000004 1.9500000000000002 9.2000000000000011 1.2500000000000002 4.0500000000000007 3.4500000000000006 9.4000000000000021 11.200000000000001 1.7500000000000002 1.0000000180025095e-35 4725.0000000000009 4015.0000000000005 14.950000000000001
decision_type=2 2 2 2 2 2 2 2 2 2 2 2 2 10
left_child=4 2 -2 -4 -1 6 -5 -8 -9 10 11 12 -10 -14
right_child=1 -3 3 5 -6 -7 7 8 9 -11 -12 -13 13 -15
leaf_value=-0.026565560995765392 0.016895208455000088 0.015863276267938365 -0.017086094444711156 -0.0086232431239105962 0.0045746078814694552 -0.010086816566213918 0.014529223787440849 -0.015345371195258799 0.0056657602692962153 0.014977738942585014 0.015066375468965677 0.0076854077137715098 0.00029018707873772263 -0.021837061646606967
leaf_weight=0.87104452785570419 1.6599277276545823 3.0903564511099821 1.0034161196090305 1.4856162363430545 0.32232649251818657 1.6348867747001339 4.3044251089449963 1.7067523556761433 1.1686233752407114 1.900539487134665 1.1386844678781924 1.6251219157129524 0.94121137098409269 1.9220843313960356
leaf_count=31 13 40 37 17 3 46 37 38 17 18 10 29 6 52
internal_value=0.00249631 0.00439347 0.00200603 -9.21688e-05 -0.0199037 0.00172099 0.00343047 0.00511951 0.000293364 0.00462873 0.000184439 -0.00462434 -0.0101273 -0.0163711
internal_weight=24.775 23.5816 20.4913 18.8314 1.19337 17.8279 16.1931 14.7074 10.403 8.69626 6.79573 5.65704 4.03192 2.8633
internal_count=394 360 320 307 34 270 224 207 170 132 114 104 75 58
is_linear=0
shrinkage=0.03


Tree=297
num_leaves=15
num_cat=0
split_feature=8 19 7 6 12 17 6 15 15 15 18 4 16 16
split_gain=0.715464 0.765176 0.352549 0.559461 0.669006 0.473723 0.471338 0.570846 0.498757 0.480248 0.433109 0.312124 0.264778 0.21116
threshold=6.3000000000000016 0.78656609248549303 4.1500000000000012 16950.000000000004 1.0000000180025095e-35 24.750000000000004 22050.000000000004 28.500000000000004 9.5000000000000018 43.500000000000007 -0.60355339059327362 99.500000000000014 23.935084296655376 13.53438844810537
decision_type=2 2 2 2 2 10 2 2 2 2 2 2 10 10
left_child=1 -1 13 4 12 11 7 -7 -8 -10 -11 -5 -4 -2
right_child=2 -3 3 5 -6 6 8 -9 9 10 -12 -13 -14 -15
leaf_value=-0.01945160533528676 -0.00026346468972316377 0.0027538337906785324 -0.020276424279288118 -0.014947245632267299 0.005754243096539647 -0.006032029738017068 0.0082291925874594368 0.016437752620697566 -0.016657529972868939 0.0088418831975720039 -0.0093040844000208175 0.0032142069814057165 0.0010952279432556332 0.014420716019032036
leaf_weight=1.9040013398043836 1.1403741664253204 2.2759083388373256 1.5697238157154094 0.88639471953501803 1.4025886747986076 0.72279964655171891 3.4369160713395104 4.0547759979963303 1.0824132550042125 1.8878961596637966 1.0264846379868684 1.0257818996906281 0.53130053752101947 2.4143277476541698
leaf_count=57 25 15 46 38 13 20 46 37 33 15 13 3 9 29
internal_value=0.000914988 -0.00916352 0.00322728 0.00123013 -0.00812739 0.00393536 0.00614637 0.0125826 0.00100836 -0.00560519 0.00170649 -0.00744636 -0.0162616 0.0106863
internal_weight=25.3617 4.17991 21.1818 17.6271 3.50361 14.1235 12.2113 4.77758 7.43371 3.99679 2.91438 1.91218 2.10102 3.5547
internal_count=399 72 327 273 68 205 164 57 107 61 28 41 55 54
is_linear=0
shrinkage=0.03


Tree=298
num_leaves=15
num_cat=0
split_feature=7 11 26 13 9 0 19 14 19 11 17 19 19 11
split_gain=0.83285 0.777341 0.81361 0.738618 0.772751 0.642171 0.51239 0.673 0.830545 0.665584 0.392007 0.263244 0.360622 0.236577
threshold=1.9500000000000002 4565.0000000000009 1.0000000180025095e-35 1265.0000000000002 1850.0000000000002 27.450000000000003 -0.9159756150367534 21.700000000000006 0.96592582628906831 4455.0000000000009 29.350000000000005 0.78656609248549303 -0.70710678118654757 4155.0000000000009
decision_type=2 2 2 2 2 2 2 2 2 2 8 2 2 2
left_child=-1 2 13 -3 11 -6 -4 8 9 10 -8 12 -5 -2
right_child=1 3 6 4 5 -7 7 -9 -10 -11 -12 -13 -14 -15
leaf_value=0.014994065550992457 0.0024039203517064035 -0.020580105756186046 0.01126141412360375 0.008605011821053412 -0.02029385416433523 0.0008898253056042895 0.0041345851015794494 0.0071275261339676906 0.0072720194396604272 0.0043429405929920331 -0.022436884289012752 0.015412588907412773 -0.011138246716568363 0.01889113006713471
leaf_weight=2.7172928288346183 1.4673373661935358 1.6364781412412392 1.5046232573222393 0.80099154775962234 1.3852159101516006 2.6266500893980265 0.25001889793201781 2.5077577901538461 1.4038364321459083 0.9087036697892471 3.1589665333740413 1.2816615926567463 0.55220307316631101 2.237773148342967
leaf_count=30 18 57 12 8 28 28 11 31 20 20 90 11 21 16
internal_value=0.00187123 -0.000357984 0.0040119 -0.00711631 -0.00154355 -0.00901424 -0.000854169 -0.00404952 -0.00928001 -0.0150172 -0.0199923 0.00918194 -0.000761207 0.0142603
internal_weight=24.4395 21.7222 13.439 8.2832 6.64672 4.01187 9.73391 8.22928 5.72153 4.31769 3.40899 2.63486 1.35319 3.70511
internal_count=401 371 218 153 96 56 184 172 141 121 101 40 29 34
is_linear=0
shrinkage=0.03


Tree=299
num_leaves=15
num_cat=0
split_feature=11 20 11 5 14 7 18 6 11 13 7 7 11 7
split_gain=0.862927 0.544125 0.681729 0.622505 0.796712 0.590183 0.628245 0.471076 0.438387 0.537159 0.418634 0.338212 0.274391 0.48844
threshold=3705.0000000000005 0.25000000000000006 4235.0000000000009 1.5000000000000002 20.300000000000001 3.5500000000000003 -0.37940952255126054 24950.000000000004 4545.0000000000009 1265.0000000000002 1.6000000000000003 6.6500000000000012 4795.0000000000009 3.4500000000000006
decision_type=2 2 2 2 2 2 2 2 2 2 2 2 2 2
left_child=-1 2 -2 5 -5 -3 7 -7 11 10 -10 -4 -11 -14
right_child=1 3 8 4 -6 6 -8 -9 9 12 -12 -13 13 -15
leaf_value=0.012430967973914376 -0.015845249353483432 0.011689529163680858 0.00016343506714139124 -0.025442736982827775 0.0056539775809570482 0.011309297895547714 -0.018263089033938584 -0.010580920262804525 0.0062240868997279581 -0.0034821870200808206 -0.018235181128857213 0.017044503431641551 -0.0051009964490275018 0.01226428154394788
leaf_weight=3.0995751223526922 0.93595982866827654 1.1843542095739383 1.7300413097254925 1.8456067087245176 0.58057300478685636 1.3240979033289475 1.2928403367986905 0.48618371854536224 0.31416409835219195 2.9688266167649999 1.200870919274166 1.8768668938428161 1.5151412002742288 3.3427590510109439
leaf_count=38 27 18 23 39 7 19 46 17 2 43 40 15 23 36
internal_value=-0.000195203 -0.00258274 0.000904441 -0.00897694 -0.0185231 -0.00109344 -0.00763215 0.00375718 0.00316432 -0.000516635 -0.0127051 0.0107406 0.00301481 0.00690198
internal_weight=23.6979 20.5983 13.8846 6.71366 2.42618 4.28748 3.10312 1.81028 12.9487 9.34176 1.51504 3.60691 7.82673 4.8579
internal_count=393 355 209 146 46 100 82 36 182 144 42 38 102 59
is_linear=0
shrinkage=0.03


end of trees

feature_importances:
wind_speed_10m=306
max_shear_kt_per_km=279
freezing_level_height=277
wind_gusts_10m=273
wind_250hPa_kt=259
visibility=258
wind_gusts_10m_max5h=249
temperature_2m=209
relative_humidity_2m=201
cloud_cover_low=200
hour_cos=196
cloud_cover_low_max5h=190
cape_max5h=179
lifted_index=176
hour_sin=152
cloud_cover_mid=135
cloud_cover_high=134
cape=124
month_cos=121
month_sin=91
vehicle_falcon_9=77
precipitation_max5h=68
site_CCSFS=21
vehicle_atlas_v=13
site_KSC=8
precipitation=2
vehicle_falcon_heavy=2

parameters:
[boosting: gbdt]
[objective: binary]
[metric: binary_logloss]
[tree_learner: serial]
[device_type: cpu]
[data_sample_strategy: bagging]
[data: ]
[valid: ]
[num_iterations: 300]
[learning_rate: 0.03]
[num_leaves: 15]
[num_threads: 0]
[seed: 0]
[deterministic: 0]
[force_col_wise: 0]
[force_row_wise: 0]
[histogram_pool_size: -1]
[max_depth: -1]
[min_data_in_leaf: 10]
[min_sum_hessian_in_leaf: 0.001]
[bagging_fraction: 0.8]
[pos_bagging_fraction: 1]
[neg_bagging_fraction: 1]
[bagging_freq: 1]
[bagging_seed: 7719]
[bagging_by_query: 0]
[feature_fraction: 0.8]
[feature_fraction_bynode: 1]
[feature_fraction_seed: 2437]
[extra_trees: 0]
[extra_seed: 11797]
[early_stopping_round: 0]
[early_stopping_min_delta: 0]
[first_metric_only: 0]
[max_delta_step: 0]
[lambda_l1: 0]
[lambda_l2: 1]
[linear_lambda: 0]
[min_gain_to_split: 0]
[drop_rate: 0.1]
[max_drop: 50]
[skip_drop: 0.5]
[xgboost_dart_mode: 0]
[uniform_drop: 0]
[drop_seed: 21238]
[top_rate: 0.2]
[other_rate: 0.1]
[min_data_per_group: 100]
[max_cat_threshold: 32]
[cat_l2: 10]
[cat_smooth: 10]
[max_cat_to_onehot: 4]
[top_k: 20]
[monotone_constraints: ]
[monotone_constraints_method: basic]
[monotone_penalty: 0]
[feature_contri: ]
[forcedsplits_filename: ]
[refit_decay_rate: 0.9]
[cegb_tradeoff: 1]
[cegb_penalty_split: 0]
[cegb_penalty_feature_lazy: ]
[cegb_penalty_feature_coupled: ]
[path_smooth: 0]
[interaction_constraints: ]
[verbosity: -1]
[saved_feature_importance_type: 0]
[use_quantized_grad: 0]
[num_grad_quant_bins: 4]
[quant_train_renew_leaf: 0]
[stochastic_rounding: 1]
[linear_tree: 0]
[max_bin: 255]
[max_bin_by_feature: ]
[min_data_in_bin: 3]
[bin_construct_sample_cnt: 200000]
[data_random_seed: 38]
[is_enable_sparse: 1]
[enable_bundle: 1]
[use_missing: 1]
[zero_as_missing: 0]
[feature_pre_filter: 1]
[pre_partition: 0]
[two_round: 0]
[header: 0]
[label_column: ]
[weight_column: ]
[group_column: ]
[ignore_column: ]
[categorical_feature: ]
[forcedbins_filename: ]
[precise_float_parser: 0]
[parser_config_file: ]
[objective_seed: 8855]
[num_class: 1]
[is_unbalance: 0]
[scale_pos_weight: 5.16049]
[sigmoid: 1]
[boost_from_average: 1]
[reg_sqrt: 0]
[alpha: 0.9]
[fair_c: 1]
[poisson_max_delta_step: 0.7]
[tweedie_variance_power: 1.5]
[lambdarank_truncation_level: 30]
[lambdarank_norm: 1]
[label_gain: ]
[lambdarank_position_bias_regularization: 0]
[eval_at: ]
[multi_error_top_k: 1]
[auc_mu_weights: ]
[num_machines: 1]
[local_listen_port: 12400]
[time_out: 120]
[machine_list_filename: ]
[machines: ]
[gpu_platform_id: -1]
[gpu_device_id: -1]
[gpu_device_id_list: ]
[gpu_use_dp: 0]
[num_gpu: 1]

end of parameters

pandas_categorical:[]
